label,midi,note,dynamic,group,f_nom,n_partials,n_fit,f0_fit,winner,significant,B_est,F_0,p_0,padj_0,a_0,F_2,p_2,padj_2,a_2,F_3,p_3,padj_3,a_3,F_4,p_4,padj_4,a_4
null0000,,,,,181.678,60,25,181.677713,0,0,-2.084e-11,1.829,1.894e-01,7.577e-01,-1.7539e-05,1.262e-05,9.972e-01,1.000e+00,-1.0905e-09,0.03032,8.633e-01,1.000e+00,-1.8932e-09,0.06411,8.024e-01,1.000e+00,-1.0822e-10
null0001,,,,,916.289,12,12,916.289170,2,0,-2.489e-10,0.8154,3.878e-01,1.000e+00,1.9972e-05,0.9623,3.497e-01,1.000e+00,-1.4844e-06,0.9218,3.596e-01,1.000e+00,-1.1403e-07,0.8871,3.685e-01,1.000e+00,-9.8976e-09
null0002,,,,,46.804,60,25,46.804227,0,0,4.548e-12,0.4812,4.948e-01,1.000e+00,-1.8842e-05,0.0002142,9.884e-01,1.000e+00,5.2360e-09,7.517e-05,9.932e-01,1.000e+00,1.0643e-10,0.006043,9.387e-01,1.000e+00,3.8284e-11
null0003,,,,,910.177,12,12,910.177341,0,0,2.698e-11,0.4842,5.024e-01,1.000e+00,-1.1033e-05,0.1708,6.882e-01,1.000e+00,5.5724e-07,0.01468,9.060e-01,1.000e+00,1.2277e-08,0.01123,9.177e-01,1.000e+00,-8.7821e-10
null0004,,,,,86.877,60,25,86.877113,4,0,-2.051e-10,0.2694,6.087e-01,9.047e-01,7.9965e-06,0.9113,3.497e-01,9.047e-01,-2.2221e-07,1.268,2.718e-01,9.047e-01,-8.9078e-09,1.546,2.262e-01,9.047e-01,-3.8641e-10
null0005,,,,,131.077,60,25,131.077173,2,0,3.034e-10,0.4448,5.114e-01,6.532e-01,-1.4775e-05,2.074,1.633e-01,6.532e-01,6.2684e-07,1.65,2.117e-01,6.532e-01,1.9881e-08,1.244,2.763e-01,6.532e-01,6.8383e-10
null0006,,,,,582.588,20,20,582.588494,0,0,8.874e-12,0.2125,6.503e-01,1.000e+00,9.3173e-06,0.000898,9.764e-01,1.000e+00,1.8310e-08,0.008655,9.269e-01,1.000e+00,2.5849e-09,0.006333,9.375e-01,1.000e+00,1.1242e-10
null0007,,,,,124.421,60,25,124.421162,0,0,1.625e-10,1.04,3.183e-01,1.000e+00,-2.1935e-05,0.637,4.330e-01,1.000e+00,2.9679e-07,0.6313,4.350e-01,1.000e+00,1.0109e-08,0.6572,4.259e-01,1.000e+00,4.0805e-10
null0008,,,,,208.841,57,25,208.840513,2,0,-6.721e-11,0.3893,5.388e-01,1.000e+00,1.0892e-05,0.4057,5.305e-01,1.000e+00,-2.5265e-07,0.2531,6.197e-01,1.000e+00,-7.0183e-09,0.2175,6.453e-01,1.000e+00,-2.5887e-10
null0009,,,,,30.443,60,25,30.442765,0,0,6.304e-10,0.7938,3.822e-01,1.000e+00,-5.1354e-05,0.4503,5.089e-01,1.000e+00,3.2323e-07,0.4143,5.262e-01,1.000e+00,9.5960e-09,0.4746,4.978e-01,1.000e+00,3.8243e-10
null0010,,,,,443.104,26,25,443.104229,3,0,-6.388e-11,0.07801,7.825e-01,1.000e+00,-6.0768e-06,0.7518,3.949e-01,1.000e+00,-3.6993e-07,0.8247,3.732e-01,1.000e+00,-1.4152e-08,0.6308,4.352e-01,1.000e+00,-5.0699e-10
null0011,,,,,200.203,59,25,200.202996,0,0,-7.196e-11,1.67,2.091e-01,8.363e-01,2.2894e-05,0.936,3.434e-01,1.000e+00,-3.1235e-07,0.3872,5.399e-01,1.000e+00,-7.2033e-09,0.1058,7.479e-01,1.000e+00,-1.5386e-10
null0012,,,,,92.807,60,25,92.807415,0,0,5.997e-11,0.9869,3.308e-01,1.000e+00,1.3580e-05,0.008951,9.254e-01,1.000e+00,1.9403e-08,0.156,6.965e-01,1.000e+00,2.7828e-09,0.38,5.436e-01,1.000e+00,1.7235e-10
null0013,,,,,504.014,23,23,504.014203,2,0,-8.300e-12,0.01922,8.911e-01,1.000e+00,3.2395e-06,0.08759,7.702e-01,1.000e+00,-1.7595e-07,0.007044,9.339e-01,1.000e+00,-2.0917e-09,0.00203,9.645e-01,1.000e+00,5.1296e-11
null0014,,,,,84.153,60,25,84.152879,4,0,1.520e-10,0.1415,7.103e-01,1.000e+00,-6.9119e-06,0.233,6.339e-01,1.000e+00,1.4922e-07,0.339,5.661e-01,1.000e+00,6.3942e-09,0.3688,5.496e-01,1.000e+00,2.6429e-10
null0015,,,,,146.509,60,25,146.508739,3,0,2.965e-10,0.01656,8.987e-01,1.000e+00,-2.3716e-06,0.8156,3.758e-01,1.000e+00,5.0485e-07,1.077,3.102e-01,1.000e+00,2.1722e-08,1.041,3.182e-01,1.000e+00,8.9570e-10
null0016,,,,,45.090,60,25,45.089509,4,0,5.657e-11,0.01078,9.182e-01,1.000e+00,3.8729e-06,0.0006626,9.797e-01,1.000e+00,-1.0629e-08,0.009173,9.245e-01,1.000e+00,1.2754e-09,0.04149,8.404e-01,1.000e+00,1.0355e-10
null0017,,,,,121.659,60,25,121.658895,0,0,1.171e-11,3.095,9.184e-02,3.674e-01,-3.1412e-05,0.3421,5.643e-01,1.000e+00,2.2993e-07,0.002377,9.615e-01,1.000e+00,7.1253e-10,0.1116,7.413e-01,1.000e+00,-2.0310e-10
null0018,,,,,58.248,60,25,58.247885,0,0,-9.233e-11,0.397,5.348e-01,1.000e+00,1.3584e-05,0.09853,7.564e-01,1.000e+00,-9.6300e-08,0.07387,7.882e-01,1.000e+00,-2.6891e-09,0.08648,7.713e-01,1.000e+00,-1.0958e-10
null0019,,,,,72.373,60,25,72.372637,2,0,-3.864e-10,0.1524,6.999e-01,1.000e+00,9.4156e-06,1.15,2.946e-01,1.000e+00,-4.1176e-07,1.073,3.111e-01,1.000e+00,-1.3983e-08,0.8393,3.691e-01,1.000e+00,-4.9902e-10
null0020,,,,,437.988,27,25,437.987701,3,0,-3.538e-11,0.06005,8.086e-01,1.000e+00,-3.5287e-06,0.4932,4.896e-01,1.000e+00,-2.0723e-07,0.5163,4.797e-01,1.000e+00,-7.7485e-09,0.4907,4.906e-01,1.000e+00,-3.1361e-10
null0021,,,,,77.369,60,25,77.368527,0,0,1.194e-10,2.124,1.585e-01,6.342e-01,2.5272e-05,0.002042,9.643e-01,1.000e+00,-1.3442e-08,0.2064,6.539e-01,1.000e+00,4.6188e-09,0.5769,4.552e-01,1.000e+00,2.9655e-10
null0022,,,,,164.679,60,25,164.678814,0,0,7.037e-11,0.304,5.867e-01,1.000e+00,-9.1719e-06,0.2468,6.241e-01,1.000e+00,2.3136e-07,0.1194,7.328e-01,1.000e+00,5.7944e-09,0.04603,8.320e-01,1.000e+00,1.4517e-10
null0023,,,,,1024.549,11,11,1024.548502,2,0,-5.498e-10,2.764,1.308e-01,3.924e-01,4.5005e-05,4.257,6.911e-02,2.764e-01,-4.1681e-06,2.547,1.450e-01,3.924e-01,-2.8164e-07,1.471,2.561e-01,3.924e-01,-2.0890e-08
null0024,,,,,954.916,12,12,954.916089,0,0,4.330e-11,1.649,2.281e-01,9.123e-01,-2.5634e-05,0.05552,8.185e-01,1.000e+00,3.3351e-07,0.03786,8.496e-01,1.000e+00,2.0675e-08,0.07265,7.930e-01,1.000e+00,2.4146e-09
null0025,,,,,398.556,29,25,398.556289,3,0,1.405e-10,1.131,2.986e-01,2.986e-01,-1.9063e-05,6.621,1.700e-02,6.157e-02,7.7870e-07,6.852,1.539e-02,6.157e-02,2.7996e-08,6.667,1.667e-02,6.157e-02,1.1245e-09
null0026,,,,,202.493,59,25,202.493270,2,0,-2.667e-10,1.888,1.827e-01,4.843e-01,2.6138e-05,2.591,1.211e-01,4.843e-01,-7.7587e-07,2.45,1.312e-01,4.843e-01,-2.7001e-08,2.492,1.281e-01,4.843e-01,-1.1001e-09
null0027,,,,,76.371,60,25,76.371091,4,0,2.307e-10,0.1254,7.265e-01,1.000e+00,6.8908e-06,0.188,6.686e-01,1.000e+00,1.4097e-07,0.5869,4.514e-01,1.000e+00,8.8086e-09,1.129,2.990e-01,1.000e+00,4.9217e-10
null0028,,,,,49.740,60,25,49.740124,2,0,1.588e-10,0.3367,5.674e-01,1.000e+00,-1.6047e-05,0.3676,5.503e-01,1.000e+00,2.1958e-07,0.09917,7.557e-01,1.000e+00,3.9504e-09,0.01298,9.103e-01,1.000e+00,5.7040e-11
null0029,,,,,984.490,11,11,984.490195,4,0,-2.386e-10,0.0005024,9.826e-01,9.826e-01,-4.7279e-07,0.5905,4.619e-01,9.564e-01,-1.1474e-06,1.114,3.188e-01,9.564e-01,-1.1747e-07,1.622,2.347e-01,9.387e-01,-1.2221e-08
null0030,,,,,184.546,60,25,184.546374,3,0,-1.072e-10,0.07641,7.847e-01,1.000e+00,-4.8059e-06,0.2481,6.231e-01,1.000e+00,-1.9578e-07,0.4788,4.959e-01,1.000e+00,-9.8922e-09,0.4742,4.979e-01,1.000e+00,-4.0059e-10
null0031,,,,,42.165,60,25,42.165412,3,0,-7.681e-10,0.2037,6.560e-01,1.000e+00,2.0802e-05,0.6921,4.140e-01,1.000e+00,-4.5581e-07,0.8076,3.782e-01,1.000e+00,-1.6194e-08,0.8039,3.792e-01,1.000e+00,-6.2668e-10
null0032,,,,,274.284,43,25,274.284131,4,0,1.065e-10,0.0174,8.962e-01,1.000e+00,-2.6564e-06,0.4491,5.094e-01,1.000e+00,3.0673e-07,0.7621,3.917e-01,1.000e+00,1.4603e-08,0.889,3.555e-01,1.000e+00,6.3886e-10
null0033,,,,,482.643,24,24,482.642583,0,0,-7.520e-11,4.246,5.135e-02,2.054e-01,2.9638e-05,2.825,1.070e-01,3.209e-01,-6.3449e-07,1.411,2.476e-01,4.951e-01,-1.8147e-08,0.7226,4.044e-01,4.951e-01,-5.7751e-10
null0034,,,,,263.877,45,25,263.876528,0,0,8.079e-12,0.1405,7.112e-01,1.000e+00,6.8041e-06,0.003378,9.542e-01,1.000e+00,2.7903e-08,0.003435,9.538e-01,1.000e+00,1.0660e-09,0.0008405,9.771e-01,1.000e+00,-2.2376e-11
null0035,,,,,810.772,14,14,810.771818,3,0,-2.080e-10,0.4666,5.075e-01,1.000e+00,-2.1789e-05,0.4031,5.374e-01,1.000e+00,-9.8900e-07,0.7108,4.157e-01,1.000e+00,-8.4318e-08,0.6719,4.284e-01,1.000e+00,-6.0498e-09
null0036,,,,,31.825,60,25,31.824595,4,0,-4.355e-10,0.09829,7.567e-01,1.000e+00,-1.7452e-05,0.04788,8.287e-01,1.000e+00,-1.0442e-07,0.2187,6.444e-01,1.000e+00,-6.9290e-09,0.4814,4.948e-01,1.000e+00,-3.8439e-10
null0037,,,,,193.270,60,25,193.269982,4,0,-4.976e-11,0.6971,4.123e-01,1.000e+00,-1.2373e-05,0.009743,9.222e-01,1.000e+00,3.0718e-08,0.1982,6.603e-01,1.000e+00,-4.8089e-09,0.731,4.014e-01,1.000e+00,-3.6286e-10
null0038,,,,,149.698,60,25,149.698120,0,0,5.734e-12,0.1226,7.294e-01,1.000e+00,4.1941e-06,0.000903,9.763e-01,1.000e+00,6.2490e-09,0.003625,9.525e-01,1.000e+00,4.2921e-10,0.004868,9.450e-01,1.000e+00,1.9494e-11
null0039,,,,,34.612,60,25,34.611501,0,0,-1.395e-10,2.019,1.687e-01,6.750e-01,5.3541e-05,0.3655,5.514e-01,1.000e+00,-2.2265e-07,0.04286,8.378e-01,1.000e+00,-2.4136e-09,0.004157,9.491e-01,1.000e+00,2.8050e-11
null0040,,,,,292.940,40,25,292.940149,4,0,-2.450e-10,0.2283,6.373e-01,6.373e-01,9.4218e-06,3.426,7.704e-02,1.541e-01,-8.1540e-07,5.107,3.361e-02,1.008e-01,-3.5892e-08,6.348,1.915e-02,7.660e-02,-1.6056e-09
null0041,,,,,638.707,18,18,638.706961,0,0,-3.152e-11,1.549,2.312e-01,9.249e-01,-2.5466e-05,0.002116,9.639e-01,1.000e+00,-3.7021e-08,0.0596,8.102e-01,1.000e+00,-1.0066e-08,0.08203,7.782e-01,1.000e+00,-6.7975e-10
null0042,,,,,245.053,48,25,245.052862,2,0,1.299e-10,0.4686,5.005e-01,1.000e+00,-1.3920e-05,1.212,2.824e-01,1.000e+00,4.5580e-07,1.127,2.994e-01,1.000e+00,1.5917e-08,0.9731,3.342e-01,1.000e+00,6.0258e-10
null0043,,,,,71.783,60,25,71.783462,4,0,-2.860e-10,0.2013,6.579e-01,1.000e+00,9.3709e-06,0.6125,4.418e-01,1.000e+00,-2.4809e-07,0.8964,3.536e-01,1.000e+00,-1.0265e-08,1.22,2.807e-01,1.000e+00,-4.6995e-10
null0044,,,,,609.359,19,19,609.359069,0,0,1.380e-11,1.603,2.226e-01,8.902e-01,-2.2241e-05,0.1603,6.938e-01,1.000e+00,2.9215e-07,0.01514,9.035e-01,1.000e+00,4.2042e-09,0.0007672,9.782e-01,1.000e+00,4.8716e-11
null0045,,,,,180.126,60,25,180.125692,3,0,9.899e-11,0.1425,7.093e-01,1.000e+00,6.3687e-06,0.4664,5.015e-01,1.000e+00,2.1910e-07,0.5777,4.550e-01,1.000e+00,8.9156e-09,0.4908,4.906e-01,1.000e+00,3.3895e-10
null0046,,,,,181.054,60,25,181.053676,3,0,-2.382e-10,1.678,2.080e-01,2.080e-01,2.3870e-05,5.253,3.140e-02,1.213e-01,-6.4579e-07,5.328,3.033e-02,1.213e-01,-2.1567e-08,4.986,3.557e-02,1.213e-01,-8.0918e-10
null0047,,,,,442.316,26,25,442.315607,2,0,-1.452e-10,1.207,2.834e-01,4.347e-01,1.9378e-05,2.786,1.087e-01,4.347e-01,-8.6702e-07,2.73,1.121e-01,4.347e-01,-3.2109e-08,2.431,1.326e-01,4.347e-01,-1.2609e-09
null0048,,,,,47.458,60,25,47.458353,0,0,3.016e-11,0.2205,6.431e-01,1.000e+00,-1.7130e-05,0.155,6.975e-01,1.000e+00,2.0619e-07,0.001628,9.682e-01,1.000e+00,7.1559e-10,0.07487,7.868e-01,1.000e+00,-1.8917e-10
null0049,,,,,565.489,20,20,565.488614,0,0,-5.580e-11,1.744,2.031e-01,8.125e-01,-2.6087e-05,0.06314,8.044e-01,1.000e+00,1.8069e-07,0.2372,6.321e-01,1.000e+00,-1.5777e-08,1.039,3.217e-01,9.650e-01,-1.6443e-09
null0050,,,,,341.979,34,25,341.978903,4,0,2.656e-10,0.05864,8.108e-01,8.108e-01,-7.0372e-06,2.261,1.463e-01,2.926e-01,8.9363e-07,4.193,5.217e-02,1.565e-01,4.5416e-08,6.218,2.028e-02,8.111e-02,2.3044e-09
null0051,,,,,501.544,23,23,501.544200,0,0,2.881e-11,0.2816,6.012e-01,1.000e+00,1.0289e-05,0.0115,9.156e-01,1.000e+00,6.1784e-08,0.1056,7.484e-01,1.000e+00,7.2237e-09,0.214,6.484e-01,1.000e+00,4.4318e-10
null0052,,,,,55.759,60,25,55.758802,0,0,2.103e-10,0.4493,5.094e-01,1.000e+00,-2.1001e-05,0.2884,5.964e-01,1.000e+00,2.1734e-07,0.1833,6.725e-01,1.000e+00,5.8624e-09,0.1016,7.528e-01,1.000e+00,1.7305e-10
null0053,,,,,530.601,22,22,530.601181,4,0,1.367e-10,0.02221,8.830e-01,8.830e-01,3.5700e-06,1.059,3.157e-01,6.314e-01,6.5495e-07,1.808,1.938e-01,6.089e-01,3.6277e-08,2.216,1.522e-01,6.089e-01,1.8869e-09
null0054,,,,,55.699,60,25,55.698705,2,0,2.798e-10,0.01489,9.039e-01,1.000e+00,-2.8865e-06,0.5008,4.863e-01,1.000e+00,2.6084e-07,0.3801,5.436e-01,1.000e+00,7.7917e-09,0.2874,5.971e-01,1.000e+00,2.6599e-10
null0055,,,,,37.152,60,25,37.152231,4,0,1.243e-09,0.5398,4.699e-01,4.699e-01,-3.4132e-05,1.859,1.860e-01,3.825e-01,6.3132e-07,2.5,1.275e-01,3.825e-01,2.3090e-08,3.101,9.153e-02,3.661e-01,9.6291e-10
null0056,,,,,644.848,18,18,644.848382,0,0,-5.882e-11,1.35,2.624e-01,1.000e+00,2.7124e-05,0.3773,5.477e-01,1.000e+00,-4.8143e-07,0.2294,6.384e-01,1.000e+00,-1.8964e-08,0.1867,6.715e-01,1.000e+00,-9.8271e-10
null0057,,,,,659.418,17,17,659.417588,4,0,-7.363e-11,0.161,6.939e-01,1.000e+00,6.6867e-06,0.2256,6.417e-01,1.000e+00,-3.1814e-07,0.4463,5.143e-01,1.000e+00,-2.4275e-08,0.7375,4.040e-01,1.000e+00,-1.8867e-09
null0058,,,,,697.586,16,16,697.585916,0,0,-4.221e-11,3.941,6.707e-02,2.683e-01,3.4727e-05,0.428,5.236e-01,1.000e+00,-5.1095e-07,0.1032,7.527e-01,1.000e+00,-1.4723e-08,0.01675,8.989e-01,1.000e+00,-3.8450e-10
null0059,,,,,156.805,60,25,156.805165,0,0,-2.666e-11,1.249,2.752e-01,1.000e+00,1.8802e-05,0.02596,8.734e-01,1.000e+00,-7.5825e-08,0.01382,9.074e-01,1.000e+00,-2.0901e-09,0.02773,8.692e-01,1.000e+00,-1.2313e-10
null0060,,,,,75.574,60,25,75.574389,0,0,-5.349e-11,0.9863,3.310e-01,1.000e+00,1.6041e-05,0.373,5.474e-01,1.000e+00,-1.9101e-07,0.03364,8.561e-01,1.000e+00,-2.0211e-09,0.0117,9.148e-01,1.000e+00,4.8019e-11
null0061,,,,,28.229,60,25,28.228917,4,0,3.953e-10,0.02819,8.681e-01,1.000e+00,-1.0855e-05,0.04096,8.414e-01,1.000e+00,1.1169e-07,0.1076,7.458e-01,1.000e+00,5.5793e-09,0.1584,6.943e-01,1.000e+00,2.5005e-10
null0062,,,,,297.726,40,25,297.725687,4,0,4.846e-11,0.3717,5.481e-01,1.000e+00,9.8364e-06,0.00154,9.690e-01,1.000e+00,1.4889e-08,0.2703,6.081e-01,1.000e+00,7.2136e-09,0.8482,3.666e-01,1.000e+00,5.1803e-10
null0063,,,,,391.445,30,25,391.444964,4,0,1.707e-10,0.7125,4.073e-01,4.073e-01,-1.5130e-05,2.866,1.040e-01,2.569e-01,7.8495e-07,3.483,7.482e-02,2.569e-01,3.3404e-08,3.779,6.424e-02,2.569e-01,1.5127e-09
null0064,,,,,599.742,19,19,599.742334,4,0,-1.225e-10,0.02894,8.669e-01,1.000e+00,4.7159e-06,0.3206,5.786e-01,1.000e+00,-5.0814e-07,0.7215,4.075e-01,1.000e+00,-3.6724e-08,1.277,2.742e-01,1.000e+00,-2.6425e-09
null0065,,,,,77.789,60,25,77.788941,4,0,7.314e-10,1.494,2.340e-01,2.340e-01,-2.3779e-05,3.712,6.648e-02,1.330e-01,7.7577e-07,4.657,4.160e-02,1.248e-01,2.8447e-08,5.279,3.101e-02,1.240e-01,1.1390e-09
null0066,,,,,60.831,60,25,60.831018,0,0,-9.451e-11,0.4004,5.331e-01,1.000e+00,1.5092e-05,0.02799,8.686e-01,1.000e+00,-5.6646e-08,0.0662,7.992e-01,1.000e+00,-2.8746e-09,0.1288,7.229e-01,1.000e+00,-1.5505e-10
null0067,,,,,290.790,41,25,290.790302,0,0,-4.975e-11,0.1889,6.679e-01,1.000e+00,-1.0609e-05,0.1497,7.023e-01,1.000e+00,-1.9432e-07,0.1634,6.898e-01,1.000e+00,-7.2327e-09,0.1565,6.961e-01,1.000e+00,-2.8284e-10
null0068,,,,,535.894,22,22,535.893926,0,0,5.137e-11,1.521,2.318e-01,9.271e-01,-2.8784e-05,0.1525,7.003e-01,1.000e+00,2.9234e-07,0.1882,6.690e-01,1.000e+00,1.3765e-08,0.2601,6.157e-01,1.000e+00,7.5498e-10
null0069,,,,,962.036,12,12,962.035829,0,0,-9.026e-11,0.8469,3.791e-01,1.000e+00,3.0275e-05,0.3846,5.490e-01,1.000e+00,-1.1551e-06,0.1022,7.558e-01,1.000e+00,-4.3415e-08,0.009456,9.245e-01,1.000e+00,-1.0894e-09
null0070,,,,,47.916,60,25,47.916215,0,0,7.098e-11,0.2749,6.051e-01,1.000e+00,-1.8794e-05,0.0701,7.935e-01,1.000e+00,1.0962e-07,0.01561,9.016e-01,1.000e+00,1.7006e-09,0.002268,9.624e-01,1.000e+00,2.4869e-11
null0071,,,,,162.879,60,25,162.879294,0,0,6.696e-11,0.3851,5.410e-01,1.000e+00,1.2323e-05,0.002118,9.637e-01,1.000e+00,2.2276e-08,0.09046,7.663e-01,1.000e+00,5.4533e-09,0.2136,6.483e-01,1.000e+00,3.4526e-10
null0072,,,,,745.970,15,15,745.969689,2,0,-9.009e-11,0.007348,9.330e-01,1.000e+00,1.6434e-06,0.3287,5.762e-01,1.000e+00,-6.3558e-07,0.2464,6.279e-01,1.000e+00,-3.3603e-08,0.1324,7.218e-01,1.000e+00,-1.6599e-09
null0073,,,,,130.783,60,25,130.782771,0,0,2.122e-10,5.448,2.868e-02,1.147e-01,-2.8005e-05,2.075,1.632e-01,4.896e-01,4.3685e-07,1.621,2.157e-01,4.896e-01,1.3873e-08,1.427,2.444e-01,4.896e-01,5.2987e-10
null0074,,,,,241.964,49,25,241.963782,0,0,1.123e-10,0.9711,3.347e-01,1.000e+00,-2.1764e-05,0.6381,4.326e-01,1.000e+00,3.8346e-07,0.6436,4.306e-01,1.000e+00,1.3585e-08,0.6136,4.414e-01,1.000e+00,5.2715e-10
null0075,,,,,30.100,60,25,30.100121,4,0,-2.159e-09,0.0698,7.940e-01,7.940e-01,2.2728e-05,1.126,2.997e-01,5.994e-01,-7.9600e-07,1.936,1.774e-01,5.321e-01,-3.2494e-08,2.752,1.107e-01,4.428e-01,-1.4472e-09
null0076,,,,,329.804,36,25,329.803934,2,0,-9.241e-11,0.5658,4.596e-01,1.000e+00,1.6919e-05,0.8093,3.777e-01,1.000e+00,-4.4015e-07,0.803,3.795e-01,1.000e+00,-1.5239e-08,0.6974,4.122e-01,1.000e+00,-5.6394e-10
null0077,,,,,816.146,14,14,816.145898,2,0,-1.923e-10,0.4895,4.975e-01,1.000e+00,1.9785e-05,0.9283,3.543e-01,1.000e+00,-1.2935e-06,0.8784,3.671e-01,1.000e+00,-7.8475e-08,0.7846,3.932e-01,1.000e+00,-5.2030e-09
null0078,,,,,580.706,20,20,580.706217,4,0,2.165e-10,0.6279,4.385e-01,4.385e-01,-1.5864e-05,3.953,6.220e-02,1.244e-01,1.2023e-06,5.462,3.119e-02,9.356e-02,6.2860e-08,6.37,2.122e-02,8.489e-02,3.3628e-09
null0079,,,,,721.090,16,16,721.089686,4,0,5.697e-11,0.01914,8.919e-01,1.000e+00,2.9923e-06,0.3215,5.797e-01,1.000e+00,3.7016e-07,0.3526,5.621e-01,1.000e+00,2.0540e-08,0.366,5.549e-01,1.000e+00,1.2863e-09
null0080,,,,,314.240,37,25,314.240114,2,0,-1.499e-10,0.7621,3.917e-01,1.000e+00,2.4919e-05,1.161,2.925e-01,1.000e+00,-6.7303e-07,1.078,3.098e-01,1.000e+00,-2.3545e-08,0.9822,3.320e-01,1.000e+00,-9.0666e-10
null0081,,,,,68.033,60,25,68.033398,0,0,9.326e-11,1.433,2.435e-01,9.739e-01,-2.1646e-05,0.1868,6.696e-01,1.000e+00,1.6901e-07,0.05505,8.166e-01,1.000e+00,3.1725e-09,0.04452,8.348e-01,1.000e+00,1.1202e-10
null0082,,,,,468.320,25,25,468.320357,0,0,4.160e-11,7.637,1.106e-02,4.423e-02,-4.9248e-05,1.532,2.283e-01,6.850e-01,4.8248e-07,0.5169,4.794e-01,9.589e-01,9.7413e-09,0.1786,6.765e-01,9.589e-01,2.2426e-10
null0083,,,,,60.041,60,25,60.041057,3,0,6.278e-10,0.1474,7.046e-01,1.000e+00,-1.2470e-05,0.735,4.001e-01,1.000e+00,5.3394e-07,0.7596,3.925e-01,1.000e+00,1.8847e-08,0.7098,4.082e-01,1.000e+00,7.1729e-10
null0084,,,,,590.316,20,20,590.316402,2,0,-9.177e-11,0.2158,6.478e-01,8.679e-01,7.3568e-06,1.637,2.170e-01,8.679e-01,-6.2164e-07,1.615,2.200e-01,8.679e-01,-2.7087e-08,1.516,2.341e-01,8.679e-01,-1.3037e-09
null0085,,,,,34.659,60,25,34.658566,2,0,-3.095e-10,0.3034,5.871e-01,1.000e+00,1.9828e-05,0.4326,5.172e-01,1.000e+00,-1.9611e-07,0.3535,5.579e-01,1.000e+00,-5.3630e-09,0.267,6.103e-01,1.000e+00,-1.6989e-10
null0086,,,,,577.848,20,20,577.848103,3,0,2.601e-11,0.001946,9.653e-01,1.000e+00,-7.9267e-07,0.03837,8.469e-01,1.000e+00,1.3865e-07,0.0511,8.237e-01,1.000e+00,7.5145e-09,0.03992,8.439e-01,1.000e+00,3.4332e-10
null0087,,,,,50.453,60,25,50.452559,2,0,-3.409e-10,0.1691,6.847e-01,1.000e+00,-1.0034e-05,0.4616,5.036e-01,1.000e+00,-2.5485e-07,0.439,5.142e-01,1.000e+00,-8.6002e-09,0.3188,5.778e-01,1.000e+00,-2.9564e-10
null0088,,,,,109.734,60,25,109.733872,0,0,2.934e-10,3.008,9.626e-02,3.850e-01,-3.3632e-05,1.795,1.934e-01,5.801e-01,5.0861e-07,1.415,2.463e-01,5.801e-01,1.6101e-08,1.425,2.447e-01,5.801e-01,6.5538e-10
null0089,,,,,88.464,60,25,88.463935,4,0,-3.915e-10,0.08571,7.723e-01,7.723e-01,4.6368e-06,1.522,2.297e-01,4.930e-01,-4.0682e-07,2.173,1.540e-01,4.930e-01,-1.7316e-08,2.56,1.232e-01,4.930e-01,-7.5484e-10
null0090,,,,,352.287,33,25,352.286582,0,0,5.449e-11,0.5539,4.643e-01,1.000e+00,-1.5744e-05,0.1355,7.162e-01,1.000e+00,1.8907e-07,0.2552,6.182e-01,1.000e+00,9.5988e-09,0.4394,5.140e-01,1.000e+00,5.0988e-10
null0091,,,,,53.139,60,25,53.139264,3,0,6.529e-10,0.9283,3.453e-01,7.230e-01,-2.3340e-05,1.704,2.046e-01,7.230e-01,4.8410e-07,1.905,1.807e-01,7.230e-01,1.7348e-08,1.903,1.810e-01,7.230e-01,6.7841e-10
null0092,,,,,118.620,60,25,118.620257,4,0,-5.809e-10,0.06167,8.061e-01,8.061e-01,4.0445e-06,6.367,1.899e-02,3.799e-02,-8.8522e-07,8.278,8.512e-03,2.725e-02,-3.4450e-08,8.837,6.812e-03,2.725e-02,-1.4127e-09
null0093,,,,,28.097,60,25,28.097261,4,0,-1.309e-09,0.05341,8.193e-01,1.000e+00,1.8776e-05,0.6474,4.293e-01,1.000e+00,-5.0364e-07,0.966,3.359e-01,1.000e+00,-1.8394e-08,1.324,2.617e-01,1.000e+00,-7.8068e-10
null0094,,,,,72.421,60,25,72.421074,2,0,6.365e-10,0.002802,9.582e-01,9.582e-01,1.4842e-06,2.354,1.386e-01,5.545e-01,7.0043e-07,2.291,1.438e-01,5.545e-01,2.3047e-08,1.808,1.918e-01,5.545e-01,8.0348e-10
null0095,,,,,130.048,60,25,130.047631,4,0,-1.216e-10,0.1487,7.033e-01,1.000e+00,6.6759e-06,0.2327,6.341e-01,1.000e+00,-2.0512e-07,0.2932,5.934e-01,1.000e+00,-7.9091e-09,0.3657,5.513e-01,1.000e+00,-3.4192e-10
null0096,,,,,40.647,60,25,40.646657,0,0,-3.073e-10,0.5687,4.584e-01,1.000e+00,2.9726e-05,0.366,5.511e-01,1.000e+00,-2.3221e-07,0.264,6.123e-01,1.000e+00,-6.2459e-09,0.2133,6.486e-01,1.000e+00,-2.1197e-10
null0097,,,,,284.245,41,25,284.245052,0,0,5.313e-12,2.255,1.468e-01,5.872e-01,-2.6994e-05,0.3052,5.860e-01,1.000e+00,3.3295e-07,0.001014,9.749e-01,1.000e+00,7.5508e-10,0.1053,7.485e-01,1.000e+00,-3.2937e-10
null0098,,,,,111.891,60,25,111.891006,2,0,-3.967e-10,2.56,1.233e-01,4.881e-01,2.5172e-05,2.578,1.220e-01,4.881e-01,-6.2295e-07,2.562,1.231e-01,4.881e-01,-2.2194e-08,2.523,1.259e-01,4.881e-01,-8.7502e-10
null0099,,,,,399.298,29,25,399.297962,4,0,1.818e-11,2.515e-06,9.987e-01,1.000e+00,-2.8999e-08,0.01923,8.909e-01,1.000e+00,6.4727e-08,0.04329,8.370e-01,1.000e+00,3.6293e-09,0.06899,7.952e-01,1.000e+00,1.8912e-10
null0100,,,,,306.807,38,25,306.807006,0,0,-9.661e-11,1.137,2.974e-01,1.000e+00,-2.7305e-05,0.2621,6.136e-01,1.000e+00,-2.9293e-07,0.507,4.836e-01,1.000e+00,-1.4821e-08,0.5075,4.834e-01,1.000e+00,-6.1508e-10
null0101,,,,,134.953,60,25,134.953394,0,0,2.724e-10,3.724,6.605e-02,2.642e-01,-4.3388e-05,3.355,8.000e-02,2.642e-01,6.5892e-07,1.992,1.715e-01,3.431e-01,1.8380e-08,1.185,2.876e-01,3.431e-01,5.8553e-10
null0102,,,,,674.267,17,17,674.267422,4,0,-1.343e-10,0.06385,8.039e-01,8.039e-01,6.0612e-06,2.224,1.567e-01,3.841e-01,-8.6625e-07,2.876,1.106e-01,3.841e-01,-4.5281e-08,3.154,9.603e-02,3.841e-01,-2.5778e-09
null0103,,,,,283.172,42,25,283.172504,4,0,1.312e-10,0.02243,8.823e-01,8.823e-01,1.8910e-06,1.362,2.552e-01,7.351e-01,4.3206e-07,1.846,1.875e-01,7.351e-01,1.8574e-08,1.878,1.838e-01,7.351e-01,7.6842e-10
null0104,,,,,546.312,21,21,546.312092,4,0,-4.846e-11,0.6509,4.298e-01,1.000e+00,-1.8056e-05,0.008782,9.263e-01,1.000e+00,6.1284e-08,0.2066,6.546e-01,1.000e+00,-1.3238e-08,0.7034,4.121e-01,1.000e+00,-1.2055e-09
null0105,,,,,97.031,60,25,97.030514,3,0,-2.420e-10,0.0174,8.962e-01,1.000e+00,-2.5610e-06,0.5217,4.774e-01,1.000e+00,-3.1825e-07,0.5839,4.525e-01,1.000e+00,-1.1743e-08,0.5598,4.619e-01,1.000e+00,-4.5413e-10
null0106,,,,,204.326,58,25,204.325939,0,0,-1.605e-10,4.813,3.861e-02,1.545e-01,4.0608e-05,1.433,2.435e-01,7.304e-01,-5.9436e-07,0.7639,3.911e-01,7.823e-01,-1.6393e-08,0.466,5.017e-01,7.823e-01,-5.2920e-10
null0107,,,,,56.730,60,25,56.729907,4,0,3.813e-10,0.03187,8.599e-01,1.000e+00,-5.3737e-06,0.4882,4.917e-01,1.000e+00,2.7951e-07,0.6655,4.230e-01,1.000e+00,1.0816e-08,0.736,3.998e-01,1.000e+00,4.3677e-10
null0108,,,,,1084.453,10,10,1084.452767,4,0,4.347e-10,0.8584,3.813e-01,4.136e-01,-1.8613e-05,2.521,1.510e-01,4.136e-01,2.4155e-06,3.063,1.182e-01,4.136e-01,2.3572e-07,3.377,1.034e-01,4.136e-01,2.5041e-08
null0109,,,,,67.449,60,25,67.449458,0,0,-1.167e-10,1.879,1.836e-01,7.345e-01,-2.2199e-05,0.09224,7.641e-01,1.000e+00,-8.1329e-08,0.2043,6.555e-01,1.000e+00,-3.9371e-09,0.2318,6.348e-01,1.000e+00,-1.6118e-10
null0110,,,,,70.933,60,25,70.933238,0,0,7.142e-11,0.3424,5.641e-01,1.000e+00,-1.1721e-05,0.04328,8.370e-01,1.000e+00,8.5748e-08,0.0314,8.609e-01,1.000e+00,2.5331e-09,0.02123,8.854e-01,1.000e+00,8.2303e-11
null0111,,,,,36.024,60,25,36.023642,0,0,-6.131e-11,0.4104,5.281e-01,1.000e+00,2.7850e-05,0.05947,8.095e-01,1.000e+00,-1.0123e-07,0.007489,9.318e-01,1.000e+00,-1.1042e-09,7.271e-06,9.979e-01,1.000e+00,-1.2621e-12
null0112,,,,,71.178,60,25,71.178487,0,0,-9.501e-11,2.336,1.400e-01,5.601e-01,4.0161e-05,0.2873,5.971e-01,1.000e+00,-2.4466e-07,0.04429,8.352e-01,1.000e+00,-3.3812e-09,0.001782,9.667e-01,1.000e+00,-2.7252e-11
null0113,,,,,459.103,25,25,459.103267,3,0,2.335e-10,2.461,1.304e-01,1.304e-01,-4.2350e-05,9.449,5.369e-03,2.045e-02,1.4894e-06,9.577,5.111e-03,2.045e-02,5.3598e-08,8.795,6.926e-03,2.045e-02,2.0956e-09
null0114,,,,,360.911,32,25,360.910952,4,0,1.885e-10,1.562,2.239e-01,2.239e-01,-1.7247e-05,4.572,4.336e-02,8.672e-02,8.2560e-07,6.581,1.730e-02,5.190e-02,3.4008e-08,7.907,9.894e-03,3.958e-02,1.4248e-09
null0115,,,,,44.205,60,25,44.205364,2,0,-1.699e-10,0.004152,9.492e-01,1.000e+00,2.1522e-06,0.1948,6.630e-01,1.000e+00,-1.8566e-07,0.0722,7.906e-01,1.000e+00,-3.7560e-09,0.0008206,9.774e-01,1.000e+00,-1.5574e-11
null0116,,,,,110.177,60,25,110.176593,0,0,-5.246e-11,1.278,2.699e-01,1.000e+00,-2.0430e-05,0.007373,9.323e-01,1.000e+00,-2.4575e-08,0.08927,7.678e-01,1.000e+00,-2.8897e-09,0.164,6.893e-01,1.000e+00,-1.5362e-10
null0117,,,,,129.919,60,25,129.919404,0,0,7.099e-12,0.01912,8.912e-01,1.000e+00,-2.6543e-06,0.001073,9.741e-01,1.000e+00,1.2492e-08,0.001113,9.737e-01,1.000e+00,4.6113e-10,0.004571,9.467e-01,1.000e+00,-3.8583e-11
null0118,,,,,319.652,37,25,319.651941,0,1,-1.914e-10,11.56,2.461e-03,9.846e-03,5.0189e-05,9.486,5.293e-03,1.588e-02,-9.5448e-07,6.785,1.584e-02,3.168e-02,-3.0588e-08,5.122,3.337e-02,3.337e-02,-1.1301e-09
null0119,,,,,147.829,60,25,147.828533,2,0,3.708e-10,1.03,3.208e-01,4.925e-01,-1.8368e-05,2.562,1.231e-01,4.925e-01,7.7297e-07,2.471,1.297e-01,4.925e-01,2.7404e-08,2.28,1.447e-01,4.925e-01,1.0644e-09
null0120,,,,,239.315,49,25,239.315171,4,0,6.638e-11,0.1084,7.449e-01,1.000e+00,6.7986e-06,0.05879,8.106e-01,1.000e+00,1.2030e-07,0.1977,6.607e-01,1.000e+00,7.9429e-09,0.388,5.395e-01,1.000e+00,4.5452e-10
null0121,,,,,608.917,19,19,608.916584,0,0,1.198e-11,1.02,3.266e-01,1.000e+00,-2.4597e-05,0.09699,7.593e-01,1.000e+00,2.4988e-07,0.009125,9.250e-01,1.000e+00,3.6476e-09,0.0003061,9.862e-01,1.000e+00,-3.5948e-11
null0122,,,,,401.039,29,25,401.039359,4,0,6.500e-11,0.149,7.031e-01,1.000e+00,-6.3095e-06,0.0877,7.698e-01,1.000e+00,1.1930e-07,0.7446,3.971e-01,1.000e+00,1.3034e-08,1.864,1.854e-01,7.416e-01,8.5186e-10
null0123,,,,,105.705,60,25,105.705168,3,0,-1.739e-10,0.08843,7.689e-01,1.000e+00,5.5786e-06,0.5215,4.775e-01,1.000e+00,-2.5038e-07,0.5443,4.681e-01,1.000e+00,-9.1920e-09,0.5399,4.699e-01,1.000e+00,-3.7098e-10
null0124,,,,,143.777,60,25,143.777351,2,0,-5.043e-11,0.05983,8.089e-01,1.000e+00,-2.9456e-06,0.1757,6.790e-01,1.000e+00,-1.1419e-07,0.1344,7.173e-01,1.000e+00,-3.6257e-09,0.05392,8.184e-01,1.000e+00,-9.2803e-11
null0125,,,,,106.760,60,25,106.760220,4,0,-4.308e-11,0.01868,8.925e-01,1.000e+00,3.7228e-06,0.04258,8.383e-01,1.000e+00,9.1713e-08,0.02164,8.843e-01,1.000e+00,-2.2997e-09,0.2279,6.376e-01,1.000e+00,-3.0414e-10
null0126,,,,,41.222,60,25,41.222489,4,0,8.484e-10,0.1708,6.833e-01,8.049e-01,1.7742e-05,0.7276,4.025e-01,8.049e-01,3.8533e-07,1.513,2.311e-01,6.934e-01,1.7486e-08,2.082,1.625e-01,6.501e-01,7.6905e-10
null0127,,,,,58.202,60,25,58.201986,4,0,-7.938e-10,0.07422,7.877e-01,7.877e-01,7.1685e-06,1.752,1.986e-01,3.973e-01,-5.7749e-07,2.505,1.271e-01,3.893e-01,-2.3101e-08,2.987,9.732e-02,3.893e-01,-9.8919e-10
null0128,,,,,78.344,60,25,78.344356,0,0,-2.959e-10,3.458,7.577e-02,3.031e-01,2.2081e-05,1.893,1.821e-01,5.328e-01,-3.3103e-07,1.779,1.953e-01,5.328e-01,-1.1593e-08,1.934,1.776e-01,5.328e-01,-4.9354e-10
null0129,,,,,87.618,60,25,87.618142,0,0,-1.568e-10,3.963,5.853e-02,2.341e-01,3.6513e-05,0.8598,3.634e-01,1.000e+00,-3.2136e-07,0.2908,5.949e-01,1.000e+00,-6.8682e-09,0.07629,7.849e-01,1.000e+00,-1.4429e-10
null0130,,,,,87.268,60,25,87.267821,2,0,4.794e-10,2.247,1.475e-01,3.929e-01,-3.3273e-05,2.971,9.821e-02,3.929e-01,6.3104e-07,2.938,9.997e-02,3.929e-01,2.0920e-08,2.711,1.133e-01,3.929e-01,7.7094e-10
null0131,,,,,230.802,51,25,230.802357,4,0,1.211e-10,0.001616,9.683e-01,1.000e+00,1.3134e-06,0.4813,4.948e-01,1.000e+00,3.2175e-07,0.7161,4.061e-01,1.000e+00,1.3979e-08,0.7584,3.928e-01,1.000e+00,5.8563e-10
null0132,,,,,990.919,11,11,990.919401,0,0,-5.127e-11,1.279,2.873e-01,1.000e+00,2.6524e-05,0.2868,6.053e-01,1.000e+00,-9.0354e-07,0.03342,8.590e-01,1.000e+00,-2.5402e-08,0.02287,8.831e-01,1.000e+00,1.9157e-09
null0133,,,,,479.061,24,24,479.061324,2,0,2.509e-11,0.002137,9.635e-01,1.000e+00,-9.8034e-07,0.2711,6.078e-01,1.000e+00,1.9423e-07,0.1905,6.667e-01,1.000e+00,6.0089e-09,0.08343,7.754e-01,1.000e+00,1.6851e-10
null0134,,,,,509.069,23,23,509.069103,3,0,1.001e-10,0.1878,6.691e-01,1.000e+00,-8.3334e-06,0.8624,3.636e-01,1.000e+00,6.1633e-07,0.8938,3.552e-01,1.000e+00,2.5475e-08,0.8595,3.644e-01,1.000e+00,1.1107e-09
null0135,,,,,452.612,26,25,452.612327,3,0,5.157e-11,0.01659,8.986e-01,1.000e+00,-3.1282e-06,0.3365,5.675e-01,1.000e+00,2.9710e-07,0.3548,5.572e-01,1.000e+00,1.1671e-08,0.3143,5.805e-01,1.000e+00,4.7210e-10
null0136,,,,,248.738,47,25,248.738412,3,0,1.146e-10,0.1333,7.184e-01,1.000e+00,-7.7282e-06,0.717,4.058e-01,1.000e+00,3.8170e-07,0.7344,4.003e-01,1.000e+00,1.4252e-08,0.5837,4.526e-01,1.000e+00,5.2348e-10
null0137,,,,,811.953,14,14,811.952723,0,0,7.844e-11,1.725,2.136e-01,8.543e-01,-2.4613e-05,0.5875,4.582e-01,1.000e+00,7.7159e-07,0.234,6.373e-01,1.000e+00,3.1846e-08,0.06577,8.019e-01,1.000e+00,1.2292e-09
null0138,,,,,350.075,34,25,350.075386,0,0,1.053e-10,3.27,8.366e-02,3.347e-01,-2.8709e-05,2.554,1.236e-01,3.709e-01,6.0192e-07,1.593,2.195e-01,4.391e-01,1.8426e-08,0.9416,3.420e-01,4.391e-01,6.1442e-10
null0139,,,,,174.154,60,25,174.154109,2,0,-2.153e-10,1.291,2.675e-01,7.152e-01,2.0961e-05,1.923,1.788e-01,7.152e-01,-5.6366e-07,1.472,2.374e-01,7.152e-01,-1.8745e-08,1.083,3.088e-01,7.152e-01,-6.6962e-10
null0140,,,,,36.545,60,25,36.544801,0,0,1.566e-10,0.3116,5.821e-01,1.000e+00,-2.8455e-05,0.07721,7.836e-01,1.000e+00,1.3439e-07,0.03686,8.494e-01,1.000e+00,2.8609e-09,0.0124,9.123e-01,1.000e+00,6.1041e-11
null0141,,,,,166.670,60,25,166.670081,4,0,-1.961e-10,0.06064,8.077e-01,1.000e+00,-3.3377e-06,0.5642,4.602e-01,1.000e+00,-3.2247e-07,0.9955,3.288e-01,1.000e+00,-1.6343e-08,1.327,2.611e-01,1.000e+00,-7.8552e-10
null0142,,,,,60.298,60,25,60.297695,4,0,-8.276e-10,1.828,1.895e-01,1.895e-01,3.3860e-05,4.408,4.694e-02,9.389e-02,-6.7205e-07,5.678,2.583e-02,7.749e-02,-2.4952e-08,6.527,1.771e-02,7.083e-02,-1.0170e-09
null0143,,,,,44.866,60,25,44.866283,0,0,-6.864e-11,0.2861,5.978e-01,1.000e+00,1.8289e-05,0.06037,8.081e-01,1.000e+00,-1.0507e-07,0.01134,9.161e-01,1.000e+00,-1.5397e-09,0.003419,9.539e-01,1.000e+00,-3.3251e-11
null0144,,,,,177.860,60,25,177.860312,0,0,3.773e-11,0.7198,4.049e-01,1.000e+00,-1.3874e-05,0.2824,6.002e-01,1.000e+00,1.6828e-07,0.1001,7.546e-01,1.000e+00,3.3551e-09,0.07673,7.843e-01,1.000e+00,1.1205e-10
null0145,,,,,497.836,23,23,497.836155,2,0,3.757e-11,0.00368,9.522e-01,1.000e+00,1.9860e-06,0.1486,7.038e-01,1.000e+00,2.7211e-07,0.1108,7.425e-01,1.000e+00,9.3518e-09,0.06251,8.050e-01,1.000e+00,3.1752e-10
null0146,,,,,81.649,60,25,81.648970,4,0,4.130e-10,0.06146,8.064e-01,8.064e-01,-3.3985e-06,3.092,9.196e-02,2.525e-01,4.4776e-07,3.755,6.504e-02,2.525e-01,1.6862e-08,3.813,6.314e-02,2.525e-01,6.7642e-10
null0147,,,,,468.761,25,25,468.760677,4,0,-7.938e-11,0.118,7.344e-01,1.000e+00,-5.6482e-06,0.6352,4.336e-01,1.000e+00,-3.8090e-07,1.094,3.065e-01,1.000e+00,-1.8606e-08,1.294,2.670e-01,1.000e+00,-8.2806e-10
null0148,,,,,191.171,60,25,191.171313,4,0,-1.444e-10,0.4196,5.235e-01,5.235e-01,-1.0443e-05,1.593,2.196e-01,4.710e-01,-3.2298e-07,2.408,1.343e-01,4.710e-01,-1.3805e-08,2.641,1.178e-01,4.710e-01,-5.8382e-10
null0149,,,,,47.656,60,25,47.655890,4,0,1.937e-10,0.0009606,9.755e-01,1.000e+00,9.8946e-07,0.02126,8.854e-01,1.000e+00,6.3785e-08,0.09687,7.584e-01,1.000e+00,4.6150e-09,0.1954,6.626e-01,1.000e+00,2.5590e-10
null0150,,,,,966.649,12,12,966.649227,0,0,-1.525e-10,3.411,9.451e-02,3.780e-01,3.8379e-05,0.9327,3.569e-01,1.000e+00,-1.5956e-06,0.3484,5.681e-01,1.000e+00,-7.3700e-08,0.1286,7.274e-01,1.000e+00,-3.7656e-09
null0151,,,,,120.998,60,25,120.997955,4,0,9.088e-11,0.08819,7.692e-01,1.000e+00,-7.7486e-06,0.1313,7.204e-01,1.000e+00,1.4319e-07,0.1746,6.799e-01,1.000e+00,5.4983e-09,0.1881,6.685e-01,1.000e+00,2.2147e-10
null0152,,,,,81.718,60,25,81.717616,4,0,3.195e-10,0.1139,7.388e-01,1.000e+00,-6.7987e-06,0.7241,4.036e-01,1.000e+00,3.2073e-07,0.942,3.419e-01,1.000e+00,1.3055e-08,0.9629,3.367e-01,1.000e+00,5.3803e-10
null0153,,,,,625.569,18,18,625.568537,0,0,-3.725e-11,0.3673,5.530e-01,1.000e+00,1.2801e-05,0.1273,7.259e-01,1.000e+00,-2.6313e-07,0.1095,7.450e-01,1.000e+00,-1.1652e-08,0.05802,8.127e-01,1.000e+00,-4.6356e-10
null0154,,,,,43.524,60,25,43.523677,2,0,-5.686e-10,0.8939,3.543e-01,1.000e+00,3.7092e-05,0.9993,3.279e-01,1.000e+00,-4.3685e-07,0.756,3.936e-01,1.000e+00,-1.2374e-08,0.6508,4.281e-01,1.000e+00,-4.4165e-10
null0155,,,,,411.707,28,25,411.707350,3,0,2.864e-11,0.004621,9.464e-01,1.000e+00,1.1378e-06,0.04788,8.287e-01,1.000e+00,1.0263e-07,0.1135,7.393e-01,1.000e+00,5.8953e-09,0.103,7.511e-01,1.000e+00,2.2880e-10
null0156,,,,,54.984,60,25,54.984363,4,0,-5.333e-10,0.8596,3.635e-01,5.927e-01,2.1762e-05,1.87,1.846e-01,5.927e-01,-4.3724e-07,1.986,1.721e-01,5.927e-01,-1.4662e-08,2.239,1.482e-01,5.927e-01,-5.8762e-10
null0157,,,,,116.984,60,25,116.984430,0,0,1.470e-10,0.7534,3.944e-01,1.000e+00,-2.5674e-05,0.6722,4.207e-01,1.000e+00,3.9525e-07,0.2784,6.028e-01,1.000e+00,8.6000e-09,0.1111,7.419e-01,1.000e+00,2.1136e-10
null0158,,,,,64.692,60,25,64.691944,0,0,-1.797e-12,0.6777,4.188e-01,1.000e+00,1.7369e-05,0.04548,8.330e-01,1.000e+00,-8.4128e-08,1.946e-05,9.965e-01,1.000e+00,-5.8140e-11,0.02623,8.728e-01,1.000e+00,8.1791e-11
null0159,,,,,612.393,19,19,612.393264,2,0,2.214e-10,3.463,8.014e-02,2.422e-01,-3.6677e-05,4.041,6.056e-02,2.422e-01,1.5597e-06,2.897,1.070e-01,2.422e-01,6.7782e-08,2.13,1.626e-01,2.422e-01,3.3288e-09
null0160,,,,,115.946,60,25,115.945932,0,0,-5.378e-11,0.2101,6.510e-01,1.000e+00,7.8799e-06,0.1348,7.169e-01,1.000e+00,-1.0298e-07,0.09975,7.550e-01,1.000e+00,-3.1179e-09,0.06959,7.943e-01,1.000e+00,-1.0473e-10
null0161,,,,,1001.957,11,11,1001.956928,0,0,5.926e-10,7.72,2.145e-02,8.582e-02,-5.8785e-05,4.248,6.937e-02,2.081e-01,4.4926e-06,2.175,1.743e-01,3.487e-01,2.9690e-07,1.276,2.878e-01,3.487e-01,2.2254e-08
null0162,,,,,276.083,43,25,276.082648,0,0,3.092e-11,3.031,9.504e-02,3.802e-01,-4.1144e-05,0.267,6.103e-01,1.000e+00,3.1755e-07,0.03439,8.545e-01,1.000e+00,4.2677e-09,0.01031,9.200e-01,1.000e+00,9.7209e-11
null0163,,,,,355.270,33,25,355.269633,2,0,-1.101e-10,2.168,1.544e-01,4.955e-01,2.6672e-05,2.551,1.239e-01,4.955e-01,-6.0599e-07,1.903,1.810e-01,4.955e-01,-1.9564e-08,1.378,2.524e-01,4.955e-01,-6.9167e-10
null0164,,,,,188.299,60,25,188.298663,0,0,3.147e-11,0.3564,5.563e-01,1.000e+00,-1.2975e-05,0.0135,9.085e-01,1.000e+00,5.3446e-08,0.03127,8.612e-01,1.000e+00,2.9630e-09,0.09853,7.564e-01,1.000e+00,2.1201e-10
null0165,,,,,85.964,60,25,85.964332,4,0,-3.840e-10,0.001792,9.666e-01,9.666e-01,-8.5857e-07,1.447,2.413e-01,7.325e-01,-4.4147e-07,1.737,2.005e-01,7.325e-01,-1.6506e-08,1.884,1.831e-01,7.325e-01,-6.6684e-10
null0166,,,,,118.314,60,25,118.314454,2,0,-1.943e-10,0.03659,8.500e-01,1.000e+00,4.2807e-06,0.7422,3.979e-01,1.000e+00,-3.3269e-07,0.7199,4.049e-01,1.000e+00,-1.1493e-08,0.6674,4.223e-01,1.000e+00,-4.4828e-10
null0167,,,,,884.638,13,13,884.638245,0,0,-1.235e-10,0.4357,5.228e-01,1.000e+00,-1.5955e-05,0.2894,6.013e-01,1.000e+00,-7.6064e-07,0.3453,5.687e-01,1.000e+00,-5.4618e-08,0.2285,6.420e-01,1.000e+00,-3.3986e-09
null0168,,,,,57.766,60,25,57.765998,3,0,4.851e-10,0.2847,5.988e-01,1.000e+00,-1.4479e-05,1.247,2.757e-01,1.000e+00,4.1592e-07,1.338,2.592e-01,1.000e+00,1.4011e-08,1.302,2.656e-01,1.000e+00,5.2513e-10
null0169,,,,,1053.219,11,11,1053.218940,0,0,-1.362e-10,3.328,1.014e-01,4.057e-01,3.0302e-05,0.6624,4.367e-01,1.000e+00,-1.1828e-06,0.3744,5.558e-01,1.000e+00,-7.1723e-08,0.2723,6.144e-01,1.000e+00,-5.4420e-09
null0170,,,,,451.008,26,25,451.007926,2,0,1.104e-10,1.226,2.797e-01,5.115e-01,-2.2855e-05,2.711,1.132e-01,4.529e-01,7.8024e-07,2.002,1.705e-01,5.115e-01,2.4893e-08,1.479,2.362e-01,5.115e-01,8.8571e-10
null0171,,,,,103.689,60,25,103.689059,0,0,1.772e-11,2.049,1.657e-01,6.629e-01,-2.9874e-05,0.05741,8.128e-01,1.000e+00,1.0033e-07,0.003445,9.537e-01,1.000e+00,9.1890e-10,0.003767,9.516e-01,1.000e+00,-4.0858e-11
null0172,,,,,293.141,40,25,293.140587,0,0,-4.060e-11,0.7368,3.995e-01,1.000e+00,-1.8311e-05,0.005696,9.405e-01,1.000e+00,-4.0282e-08,0.09619,7.592e-01,1.000e+00,-5.9512e-09,0.1322,7.195e-01,1.000e+00,-2.8456e-10
null0173,,,,,112.121,60,25,112.121261,0,0,-1.507e-10,1.638,2.134e-01,8.537e-01,2.8420e-05,0.2665,6.106e-01,1.000e+00,-2.3664e-07,0.2767,6.039e-01,1.000e+00,-8.4499e-09,0.3237,5.749e-01,1.000e+00,-3.6535e-10
null0174,,,,,112.333,60,25,112.332978,0,0,-2.155e-11,2.931,1.003e-01,4.013e-01,2.5347e-05,0.2539,6.191e-01,1.000e+00,-1.5307e-07,0.01265,9.114e-01,1.000e+00,-1.2101e-09,0.01465,9.047e-01,1.000e+00,5.3163e-11
null0175,,,,,176.382,60,25,176.382395,0,0,-1.740e-10,2.337,1.399e-01,5.598e-01,-3.5064e-05,0.4098,5.284e-01,8.735e-01,-2.9878e-07,0.9447,3.412e-01,8.735e-01,-1.5342e-08,1.167,2.912e-01,8.735e-01,-6.6436e-10
null0176,,,,,29.250,60,25,29.249847,4,0,-8.337e-10,0.2437,6.263e-01,7.424e-01,2.2492e-05,1.046,3.170e-01,7.424e-01,-3.4405e-07,1.478,2.364e-01,7.424e-01,-1.2192e-08,1.862,1.856e-01,7.424e-01,-4.9735e-10
null0177,,,,,169.849,60,25,169.849367,0,0,1.595e-11,0.1223,7.297e-01,1.000e+00,7.6606e-06,0.01485,9.041e-01,1.000e+00,-6.1555e-08,0.005993,9.390e-01,1.000e+00,1.3545e-09,0.03931,8.446e-01,1.000e+00,1.3765e-10
null0178,,,,,990.585,11,11,990.584759,4,0,8.254e-11,0.04568,8.355e-01,1.000e+00,-4.6343e-06,0.02946,8.675e-01,1.000e+00,2.9911e-07,0.08617,7.758e-01,1.000e+00,4.0881e-08,0.1782,6.828e-01,1.000e+00,5.2594e-09
null0179,,,,,78.825,60,25,78.825207,4,0,1.854e-10,0.3698,5.491e-01,1.000e+00,8.9352e-06,0.4695,5.001e-01,1.000e+00,1.6586e-07,0.8095,3.776e-01,1.000e+00,7.3071e-09,0.994,3.291e-01,1.000e+00,3.1848e-10
null0180,,,,,434.533,27,25,434.532991,0,0,-1.065e-10,5.186,3.239e-02,1.296e-01,3.6768e-05,5.058,3.439e-02,1.296e-01,-7.0485e-07,4.189,5.227e-02,1.296e-01,-2.3139e-08,4.177,5.259e-02,1.296e-01,-9.2610e-10
null0181,,,,,140.834,60,25,140.833854,4,0,-6.498e-11,0.03252,8.585e-01,1.000e+00,-3.1710e-06,0.04406,8.356e-01,1.000e+00,-7.5954e-08,0.1321,7.196e-01,1.000e+00,-4.5755e-09,0.1688,6.850e-01,1.000e+00,-2.0516e-10
null0182,,,,,59.513,60,25,59.513224,2,0,-3.014e-10,0.005067,9.439e-01,1.000e+00,1.7761e-06,0.4611,5.039e-01,1.000e+00,-2.9380e-07,0.3644,5.520e-01,1.000e+00,-8.9695e-09,0.2338,6.333e-01,1.000e+00,-2.8389e-10
null0183,,,,,774.821,15,15,774.820501,0,0,1.358e-11,1.596,2.287e-01,9.148e-01,-2.6205e-05,0.2241,6.438e-01,1.000e+00,4.5646e-07,0.008433,9.282e-01,1.000e+00,5.2605e-09,0.05704,8.150e-01,1.000e+00,-9.1126e-10
null0184,,,,,29.261,60,25,29.261121,0,0,-2.881e-10,0.1722,6.820e-01,1.000e+00,2.4520e-05,0.08604,7.719e-01,1.000e+00,-1.3148e-07,0.09837,7.566e-01,1.000e+00,-4.2145e-09,0.1482,7.038e-01,1.000e+00,-1.8801e-10
null0185,,,,,84.250,60,25,84.250443,4,0,4.089e-10,0.02456,8.768e-01,9.037e-01,3.2411e-06,0.5858,4.518e-01,9.037e-01,3.3805e-07,1.278,2.698e-01,8.151e-01,1.7225e-08,1.711,2.038e-01,8.151e-01,7.7585e-10
null0186,,,,,1096.054,10,10,1096.054352,4,0,5.123e-10,0.2645,6.210e-01,6.210e-01,-1.1224e-05,2.34,1.646e-01,3.292e-01,2.6525e-06,3.688,9.106e-02,2.732e-01,2.8078e-07,4.57,6.499e-02,2.600e-01,3.0310e-08
null0187,,,,,72.328,60,25,72.328186,0,0,-9.320e-11,0.4938,4.893e-01,1.000e+00,-1.7336e-05,0.07355,7.887e-01,1.000e+00,-1.0673e-07,0.05998,8.087e-01,1.000e+00,-3.3705e-09,0.01411,9.065e-01,1.000e+00,-6.6086e-11
null0188,,,,,630.308,18,18,630.308195,4,0,3.222e-10,0.1505,7.032e-01,7.032e-01,-1.0552e-05,3.676,7.322e-02,1.464e-01,1.7225e-06,6.202,2.414e-02,7.242e-02,1.0155e-07,8.203,1.125e-02,4.499e-02,6.1765e-09
null0189,,,,,256.846,46,25,256.846371,2,0,1.010e-11,0.002845,9.579e-01,1.000e+00,-7.7906e-07,0.02753,8.697e-01,1.000e+00,6.0006e-08,0.00904,9.251e-01,1.000e+00,1.2967e-09,0.00731,9.326e-01,1.000e+00,4.8812e-11
null0190,,,,,537.836,22,22,537.836483,0,0,8.262e-11,2.102,1.626e-01,6.505e-01,-2.6401e-05,1.728,2.035e-01,6.505e-01,5.8099e-07,1.495,2.357e-01,6.505e-01,2.2217e-08,1.593,2.214e-01,6.505e-01,1.0481e-09
null0191,,,,,281.280,42,25,281.280448,4,0,-1.058e-10,0.0713,7.918e-01,1.000e+00,-5.2262e-06,0.5837,4.526e-01,1.000e+00,-3.4740e-07,0.9035,3.517e-01,1.000e+00,-1.4877e-08,1.077,3.102e-01,1.000e+00,-6.4027e-10
null0192,,,,,104.808,60,25,104.808089,4,0,2.433e-10,0.08166,7.776e-01,1.000e+00,5.7909e-06,0.4022,5.322e-01,1.000e+00,2.6164e-07,0.739,3.989e-01,1.000e+00,1.2749e-08,0.8509,3.659e-01,1.000e+00,5.6117e-10
null0193,,,,,455.158,26,25,455.157775,2,0,1.153e-10,4.232,5.118e-02,1.916e-01,-3.5686e-05,4.366,4.791e-02,1.916e-01,8.1315e-07,3.084,9.240e-02,1.916e-01,2.6247e-08,1.967,1.742e-01,1.916e-01,9.0668e-10
null0194,,,,,30.322,60,25,30.322329,3,0,4.870e-10,9.949e-05,9.921e-01,1.000e+00,3.6536e-07,0.6203,4.390e-01,1.000e+00,2.2777e-07,0.7131,4.071e-01,1.000e+00,7.3841e-09,0.6482,4.290e-01,1.000e+00,2.5775e-10
null0195,,,,,142.940,60,25,142.940015,4,0,2.063e-10,0.9159,3.485e-01,7.000e-01,-1.5059e-05,1.735,2.007e-01,7.000e-01,3.8730e-07,1.922,1.789e-01,7.000e-01,1.4743e-08,1.959,1.750e-01,7.000e-01,6.1058e-10
null0196,,,,,108.409,60,25,108.409168,0,0,9.550e-11,1.626,2.149e-01,8.597e-01,-2.2250e-05,0.2189,6.443e-01,1.000e+00,1.2961e-07,0.3235,5.750e-01,1.000e+00,5.1767e-09,0.5056,4.842e-01,1.000e+00,2.4667e-10
null0197,,,,,159.821,60,25,159.821006,3,0,2.069e-11,0.0001903,9.891e-01,1.000e+00,2.4337e-07,0.01296,9.103e-01,1.000e+00,3.8220e-08,0.01976,8.894e-01,1.000e+00,1.6536e-09,0.009645,9.226e-01,1.000e+00,4.5662e-11
null0198,,,,,44.034,60,25,44.034055,2,0,2.653e-10,0.09557,7.600e-01,1.000e+00,1.0844e-05,0.1903,6.667e-01,1.000e+00,1.8841e-07,0.1567,6.959e-01,1.000e+00,5.8422e-09,0.08363,7.750e-01,1.000e+00,1.7149e-10
null0199,,,,,62.489,60,25,62.488774,4,0,3.455e-10,0.0005996,9.807e-01,1.000e+00,-5.7680e-07,0.8429,3.681e-01,1.000e+00,2.9059e-07,1.073,3.110e-01,1.000e+00,1.0796e-08,1.104,3.043e-01,1.000e+00,4.2006e-10
null0200,,,,,218.662,54,25,218.661870,2,0,1.610e-10,1.019,3.232e-01,9.695e-01,-2.5989e-05,1.56,2.243e-01,8.971e-01,6.7015e-07,0.8097,3.775e-01,9.695e-01,1.7606e-08,0.3284,5.722e-01,9.695e-01,4.5935e-10
null0201,,,,,114.964,60,25,114.964052,2,0,-1.794e-10,0.3287,5.720e-01,1.000e+00,-1.2362e-05,0.513,4.811e-01,1.000e+00,-3.0467e-07,0.4541,5.071e-01,1.000e+00,-1.0312e-08,0.2756,6.046e-01,1.000e+00,-3.3263e-10
null0202,,,,,510.051,23,23,510.050793,0,0,-3.481e-11,2.158,1.567e-01,6.266e-01,-2.3500e-05,0.01056,9.191e-01,1.000e+00,5.8051e-08,0.1512,7.013e-01,1.000e+00,-8.8763e-09,0.5385,4.712e-01,1.000e+00,-7.4046e-10
null0203,,,,,256.329,46,25,256.329040,4,0,5.960e-11,0.2913,5.946e-01,1.000e+00,8.2709e-06,0.2806,6.014e-01,1.000e+00,1.8004e-07,0.4031,5.318e-01,1.000e+00,7.6384e-09,0.4138,5.264e-01,1.000e+00,3.0498e-10
null0204,,,,,659.377,17,17,659.376691,2,1,-2.912e-10,11.6,3.915e-03,1.174e-02,5.8464e-05,18.35,6.535e-04,2.614e-03,-2.2420e-06,9.292,8.131e-03,1.626e-02,-9.5996e-08,5.248,3.686e-02,3.686e-02,-4.5696e-09
null0205,,,,,409.844,29,25,409.844103,0,0,-5.466e-12,1.264,2.724e-01,1.000e+00,2.5947e-05,0.07271,7.898e-01,1.000e+00,-1.1920e-07,0.005412,9.420e-01,1.000e+00,-1.1200e-09,0.002545,9.602e-01,1.000e+00,3.0476e-11
null0206,,,,,253.215,47,25,253.215311,4,0,7.494e-11,0.01396,9.070e-01,1.000e+00,-1.9165e-06,0.6627,4.240e-01,1.000e+00,2.4789e-07,0.8329,3.709e-01,1.000e+00,9.4883e-09,0.9367,3.432e-01,1.000e+00,3.9205e-10
null0207,,,,,79.453,60,25,79.452970,0,0,-7.378e-11,0.6257,4.370e-01,1.000e+00,-1.1906e-05,0.01005,9.210e-01,1.000e+00,-2.8338e-08,0.09112,7.655e-01,1.000e+00,-2.9309e-09,0.1684,6.853e-01,1.000e+00,-1.5748e-10
null0208,,,,,493.585,24,24,493.584964,4,0,-4.942e-11,0.09159,7.650e-01,1.000e+00,6.4557e-06,0.4772,4.969e-01,1.000e+00,-2.6523e-07,0.7743,3.884e-01,1.000e+00,-1.2197e-08,1.014,3.249e-01,1.000e+00,-5.7538e-10
null0209,,,,,69.483,60,25,69.482981,4,0,-2.130e-10,0.1782,6.768e-01,1.000e+00,-9.5796e-06,0.2767,6.039e-01,1.000e+00,-1.8432e-07,0.399,5.339e-01,1.000e+00,-7.4008e-09,0.4013,5.327e-01,1.000e+00,-2.9051e-10
null0210,,,,,36.293,60,25,36.293210,0,0,1.337e-10,0.3066,5.851e-01,1.000e+00,-1.8999e-05,0.1142,7.384e-01,1.000e+00,1.2332e-07,0.04092,8.415e-01,1.000e+00,2.4270e-09,0.00975,9.222e-01,1.000e+00,4.6306e-11
null0211,,,,,959.179,12,12,959.178673,0,0,-4.984e-10,9.878,1.046e-02,4.183e-02,7.4475e-05,8.215,1.678e-02,5.034e-02,-3.6490e-06,6.408,2.980e-02,5.960e-02,-2.3903e-07,5.091,4.767e-02,5.960e-02,-1.8147e-08
null0212,,,,,201.587,59,25,201.587242,0,0,3.817e-11,6.409,1.865e-02,7.459e-02,-2.8978e-05,0.4438,5.119e-01,1.000e+00,2.0468e-07,0.1123,7.406e-01,1.000e+00,3.8468e-09,0.03222,8.591e-01,1.000e+00,8.4836e-11
null0213,,,,,477.703,24,24,477.702797,0,0,-8.159e-12,4.458,4.634e-02,1.854e-01,2.4997e-05,0.2779,6.034e-01,1.000e+00,-1.9050e-07,0.01994,8.890e-01,1.000e+00,-1.9487e-09,0.001521,9.692e-01,1.000e+00,2.2845e-11
null0214,,,,,193.722,60,25,193.722197,0,0,3.003e-11,1.607,2.177e-01,8.706e-01,3.0067e-05,0.08555,7.725e-01,1.000e+00,-1.6100e-07,0.02228,8.827e-01,1.000e+00,2.9086e-09,0.1503,7.019e-01,1.000e+00,3.0070e-10
null0215,,,,,262.494,45,25,262.494442,0,0,-8.541e-11,0.6482,4.290e-01,1.000e+00,-1.2296e-05,0.5922,4.494e-01,1.000e+00,-3.1403e-07,0.5963,4.479e-01,1.000e+00,-1.1209e-08,0.4148,5.259e-01,1.000e+00,-3.6926e-10
null0216,,,,,31.162,60,25,31.162340,4,0,-1.263e-09,0.1353,7.163e-01,7.163e-01,1.9428e-05,1.555,2.250e-01,4.499e-01,-5.3020e-07,2.346,1.392e-01,4.177e-01,-1.9676e-08,2.926,1.006e-01,4.026e-01,-8.0271e-10
null0217,,,,,54.776,60,25,54.775633,2,0,-6.232e-10,0.7431,3.976e-01,3.976e-01,1.6805e-05,3.43,7.689e-02,3.076e-01,-4.9003e-07,3.246,8.470e-02,3.076e-01,-1.7067e-08,2.908,1.016e-01,3.076e-01,-6.7154e-10
null0218,,,,,331.303,35,25,331.303158,0,0,4.134e-12,0.0232,8.803e-01,1.000e+00,-2.3850e-06,0.01129,9.163e-01,1.000e+00,4.1904e-08,0.002207,9.629e-01,1.000e+00,6.8475e-10,0.0002827,9.867e-01,1.000e+00,1.0080e-11
null0219,,,,,225.638,52,25,225.637569,4,0,1.067e-10,0.01052,9.192e-01,1.000e+00,2.2012e-06,0.3219,5.760e-01,1.000e+00,2.3209e-07,0.6766,4.192e-01,1.000e+00,1.2042e-08,0.878,3.585e-01,1.000e+00,5.5279e-10
null0220,,,,,49.357,60,25,49.356840,2,0,5.218e-10,0.8169,3.754e-01,1.000e+00,-2.5591e-05,1.202,2.842e-01,1.000e+00,4.0164e-07,1.153,2.941e-01,1.000e+00,1.2877e-08,0.9883,3.305e-01,1.000e+00,4.5897e-10
null0221,,,,,921.596,12,12,921.596247,4,0,-3.428e-10,0.07079,7.956e-01,1.000e+00,6.9545e-06,0.9032,3.643e-01,1.000e+00,-1.8424e-06,1.176,3.035e-01,1.000e+00,-1.5798e-07,1.214,2.963e-01,1.000e+00,-1.3653e-08
null0222,,,,,48.598,60,25,48.597784,0,0,-1.219e-10,0.9972,3.284e-01,1.000e+00,3.1310e-05,0.4152,5.257e-01,1.000e+00,-2.5072e-07,0.05187,8.219e-01,1.000e+00,-2.9614e-09,0.005563,9.412e-01,1.000e+00,3.7962e-11
null0223,,,,,180.663,60,25,180.662961,2,0,-2.948e-10,4.596,4.285e-02,1.142e-01,3.2419e-05,7.355,1.244e-02,4.975e-02,-8.7699e-07,4.844,3.806e-02,1.142e-01,-2.6633e-08,3.088,9.218e-02,1.142e-01,-8.8054e-10
null0224,,,,,46.777,60,25,46.777168,2,0,-7.841e-10,1.902,1.811e-01,4.286e-01,3.7225e-05,2.817,1.068e-01,4.271e-01,-5.9392e-07,2.302,1.429e-01,4.286e-01,-1.8339e-08,1.779,1.954e-01,4.286e-01,-6.4558e-10
null0225,,,,,387.798,30,25,387.797703,2,0,8.965e-11,0.8743,3.595e-01,1.000e+00,-1.7210e-05,1.014,3.244e-01,1.000e+00,5.2197e-07,0.8552,3.647e-01,1.000e+00,1.7383e-08,0.756,3.936e-01,1.000e+00,6.6302e-10
null0226,,,,,76.208,60,25,76.208385,0,0,1.606e-10,2.859,1.044e-01,4.174e-01,-3.1121e-05,0.7007,4.112e-01,1.000e+00,3.8246e-07,0.1477,7.043e-01,1.000e+00,6.1203e-09,0.01523,9.029e-01,1.000e+00,7.7796e-11
null0227,,,,,45.105,60,25,45.104863,4,0,-5.356e-10,0.1612,6.918e-01,1.000e+00,1.2587e-05,0.7069,4.091e-01,1.000e+00,-3.4114e-07,0.7952,3.818e-01,1.000e+00,-1.2080e-08,0.8561,3.644e-01,1.000e+00,-4.9055e-10
null0228,,,,,32.584,60,25,32.584192,0,0,8.508e-11,0.1701,6.839e-01,1.000e+00,-1.2256e-05,0.02505,8.756e-01,1.000e+00,3.8609e-08,0.03449,8.543e-01,1.000e+00,1.3861e-09,0.05376,8.187e-01,1.000e+00,6.3619e-11
null0229,,,,,52.412,60,25,52.411878,0,0,-8.175e-11,0.1621,6.909e-01,1.000e+00,1.1305e-05,0.0764,7.847e-01,1.000e+00,-1.1887e-07,0.02164,8.843e-01,1.000e+00,-2.1423e-09,1.498e-05,9.969e-01,1.000e+00,-2.1965e-12
null0230,,,,,55.796,60,25,55.796346,4,0,2.118e-10,0.2187,6.444e-01,1.000e+00,-1.2398e-05,0.2876,5.969e-01,1.000e+00,1.8291e-07,0.2975,5.907e-01,1.000e+00,5.9079e-09,0.3024,5.877e-01,1.000e+00,2.2268e-10
null0231,,,,,199.340,59,25,199.339871,2,0,-2.057e-11,0.09343,7.626e-01,1.000e+00,6.0163e-06,0.17,6.839e-01,1.000e+00,-1.6797e-07,0.01852,8.929e-01,1.000e+00,-2.0507e-09,0.01171,9.148e-01,1.000e+00,6.7305e-11
null0232,,,,,145.186,60,25,145.185771,3,0,4.336e-10,0.05302,8.199e-01,8.199e-01,-4.8483e-06,3.651,6.858e-02,1.541e-01,7.8100e-07,4.818,3.852e-02,1.541e-01,3.1476e-08,4.784,3.914e-02,1.541e-01,1.2809e-09
null0233,,,,,939.671,12,12,939.670726,0,0,-2.460e-11,1.026,3.350e-01,1.000e+00,2.1934e-05,0.1052,7.523e-01,1.000e+00,-5.2651e-07,0.008794,9.271e-01,1.000e+00,-1.1560e-08,0.0003101,9.863e-01,1.000e+00,-1.8355e-10
null0234,,,,,928.839,12,12,928.838853,3,0,-2.560e-10,0.1204,7.358e-01,1.000e+00,-1.3534e-05,0.2766,6.104e-01,1.000e+00,-1.3230e-06,0.3776,5.526e-01,1.000e+00,-1.1889e-07,0.3444,5.703e-01,1.000e+00,-1.0018e-08
null0235,,,,,519.335,22,22,519.334714,4,0,1.000e-10,0.1006,7.544e-01,1.000e+00,9.1356e-06,0.2819,6.013e-01,1.000e+00,3.5516e-07,0.9071,3.522e-01,1.000e+00,2.5974e-08,1.463,2.406e-01,9.623e-01,1.4989e-09
null0236,,,,,327.534,36,25,327.533987,4,0,-1.542e-11,0.04703,8.302e-01,1.000e+00,3.3245e-06,0.002271,9.624e-01,1.000e+00,-1.5560e-08,0.04621,8.317e-01,1.000e+00,-2.5257e-09,0.07007,7.936e-01,1.000e+00,-1.2411e-10
null0237,,,,,621.027,19,19,621.026862,4,1,3.112e-10,3.45,8.068e-02,8.068e-02,-3.3334e-05,10.7,4.496e-03,8.993e-03,1.8090e-06,14.26,1.505e-03,4.515e-03,9.6636e-08,16.14,8.929e-04,3.572e-03,5.4169e-09
null0238,,,,,877.545,13,13,877.545083,0,0,-1.469e-10,2.427,1.475e-01,5.901e-01,3.9398e-05,0.8448,3.778e-01,1.000e+00,-1.2844e-06,0.4443,5.188e-01,1.000e+00,-6.4455e-08,0.2785,6.082e-01,1.000e+00,-3.8927e-09
null0239,,,,,29.893,60,25,29.892871,3,0,-8.081e-10,0.9768,3.333e-01,3.333e-01,2.4995e-05,4.734,4.009e-02,1.309e-01,-3.8929e-07,5.164,3.272e-02,1.309e-01,-1.2079e-08,5.021,3.499e-02,1.309e-01,-4.3403e-10
null0240,,,,,42.515,60,25,42.515213,4,0,-3.345e-10,0.183,6.728e-01,1.000e+00,1.0994e-05,0.4316,5.177e-01,1.000e+00,-1.8123e-07,0.6569,4.260e-01,1.000e+00,-7.1100e-09,0.8872,3.560e-01,1.000e+00,-3.0935e-10
null0241,,,,,103.872,60,25,103.871657,4,0,-2.294e-10,0.04977,8.254e-01,1.000e+00,-4.3983e-06,0.3282,5.723e-01,1.000e+00,-1.9564e-07,1.091,3.071e-01,9.214e-01,-1.1914e-08,2.008,1.698e-01,6.793e-01,-6.1215e-10
null0242,,,,,38.839,60,25,38.838679,0,0,-6.140e-11,0.0315,8.607e-01,1.000e+00,-7.8243e-06,0.0005028,9.823e-01,1.000e+00,1.0977e-08,0.005467,9.417e-01,1.000e+00,-1.1923e-09,0.03045,8.630e-01,1.000e+00,-1.0883e-10
null0243,,,,,251.077,47,25,251.076962,4,0,6.432e-11,0.003164,9.556e-01,1.000e+00,7.5912e-07,0.3955,5.356e-01,1.000e+00,2.0170e-07,0.5277,4.749e-01,1.000e+00,8.0741e-09,0.6348,4.337e-01,1.000e+00,3.4260e-10
null0244,,,,,71.854,60,25,71.854139,4,0,6.547e-10,1.129,2.990e-01,2.990e-01,-1.8880e-05,2.715,1.130e-01,2.260e-01,5.3096e-07,4.405,4.702e-02,1.411e-01,2.3520e-08,6.143,2.096e-02,8.384e-02,1.0965e-09
null0245,,,,,72.916,60,25,72.915654,4,0,-6.371e-10,0.0121,9.134e-01,1.000e+00,5.6766e-06,0.4303,5.184e-01,1.000e+00,-5.4888e-07,0.6153,4.408e-01,1.000e+00,-2.3226e-08,0.8031,3.794e-01,1.000e+00,-1.0863e-09
null0246,,,,,79.662,60,25,79.662043,3,0,2.726e-10,0.1364,7.153e-01,1.000e+00,6.9985e-06,0.6668,4.225e-01,1.000e+00,3.0664e-07,0.717,4.058e-01,1.000e+00,1.0859e-08,0.5585,4.624e-01,1.000e+00,3.7946e-10
null0247,,,,,39.435,60,25,39.434748,3,0,2.273e-10,4.486e-05,9.947e-01,1.000e+00,-1.9541e-07,0.2299,6.361e-01,1.000e+00,1.3732e-07,0.2488,6.226e-01,1.000e+00,4.4817e-09,0.231,6.353e-01,1.000e+00,1.6202e-10
null0248,,,,,423.029,28,25,423.029015,4,0,-1.928e-10,0.5923,4.494e-01,4.494e-01,1.5111e-05,3.711,6.650e-02,1.330e-01,-9.6778e-07,4.687,4.102e-02,1.231e-01,-4.0784e-08,5.32,3.043e-02,1.217e-01,-1.7948e-09
null0249,,,,,303.214,39,25,303.213806,4,0,2.211e-10,0.005514,9.415e-01,9.415e-01,-1.3865e-06,2.694,1.143e-01,2.286e-01,7.5879e-07,4.665,4.145e-02,1.244e-01,3.3522e-08,5.932,2.303e-02,9.211e-02,1.4448e-09
null0250,,,,,257.629,46,25,257.629176,2,0,-1.591e-10,0.06619,7.993e-01,1.000e+00,4.6278e-06,1.12,3.010e-01,1.000e+00,-5.5825e-07,1.07,3.117e-01,1.000e+00,-2.0493e-08,0.8296,3.718e-01,1.000e+00,-7.6608e-10
null0251,,,,,31.180,60,25,31.179975,4,0,-6.239e-10,0.09436,7.615e-01,1.000e+00,-1.3455e-05,0.2921,5.941e-01,1.000e+00,-1.9213e-07,0.8262,3.728e-01,1.000e+00,-9.7260e-09,1.382,2.518e-01,1.000e+00,-4.5614e-10
null0252,,,,,134.079,60,25,134.078769,3,0,-3.344e-10,2.214,1.503e-01,1.503e-01,2.8555e-05,5.13,3.325e-02,1.264e-01,-6.7281e-07,5.238,3.161e-02,1.264e-01,-2.2421e-08,4.852,3.790e-02,1.264e-01,-8.3078e-10
null0253,,,,,344.405,34,25,344.405405,0,0,-1.592e-12,0.2481,6.231e-01,1.000e+00,7.1094e-06,0.01211,9.133e-01,1.000e+00,-3.3427e-08,0.0006966,9.792e-01,1.000e+00,-2.7410e-10,0.001003,9.750e-01,1.000e+00,1.2807e-11
null0254,,,,,48.956,60,25,48.956392,0,0,1.081e-10,0.2413,6.279e-01,1.000e+00,1.5456e-05,0.01913,8.912e-01,1.000e+00,-6.2114e-08,0.03121,8.613e-01,1.000e+00,2.6471e-09,0.1582,6.945e-01,1.000e+00,2.3026e-10
null0255,,,,,114.072,60,25,114.072173,4,0,1.598e-10,0.009205,9.244e-01,1.000e+00,1.6210e-06,0.2442,6.259e-01,1.000e+00,1.9346e-07,0.4481,5.099e-01,1.000e+00,9.1157e-09,0.5907,4.500e-01,1.000e+00,4.1001e-10
null0256,,,,,29.587,60,25,29.587491,4,0,7.018e-10,0.4873,4.921e-01,1.000e+00,-3.4156e-05,0.7598,3.924e-01,1.000e+00,3.2973e-07,0.8304,3.716e-01,1.000e+00,1.0382e-08,0.9249,3.462e-01,1.000e+00,4.0095e-10
null0257,,,,,37.194,60,25,37.194107,4,0,-4.763e-10,0.2012,6.580e-01,1.000e+00,1.5394e-05,0.3614,5.536e-01,1.000e+00,-2.0010e-07,0.7025,4.106e-01,1.000e+00,-8.8571e-09,1.127,2.995e-01,1.000e+00,-4.2438e-10
null0258,,,,,61.109,60,25,61.108879,3,0,-1.675e-10,0.04647,8.312e-01,1.000e+00,-5.3187e-06,0.1133,7.395e-01,1.000e+00,-1.4135e-07,0.123,7.290e-01,1.000e+00,-5.1182e-09,0.1009,7.536e-01,1.000e+00,-1.8327e-10
null0259,,,,,126.948,60,25,126.948372,4,0,1.434e-10,4.229e-05,9.949e-01,1.000e+00,9.6562e-08,0.1413,7.104e-01,1.000e+00,1.3658e-07,0.4821,4.944e-01,1.000e+00,9.1036e-09,0.8443,3.677e-01,1.000e+00,4.8671e-10
null0260,,,,,151.870,60,25,151.869661,4,0,1.811e-10,0.03175,8.601e-01,1.000e+00,-2.7673e-06,0.7832,3.853e-01,1.000e+00,3.7559e-07,0.7818,3.857e-01,1.000e+00,1.3753e-08,0.8929,3.545e-01,1.000e+00,5.9209e-10
null0261,,,,,718.438,16,16,718.437926,2,0,-1.813e-11,0.008385,9.283e-01,1.000e+00,1.7001e-06,0.04794,8.298e-01,1.000e+00,-2.2400e-07,0.01255,9.124e-01,1.000e+00,-6.5125e-09,0.0004118,9.841e-01,1.000e+00,7.4389e-11
null0262,,,,,88.438,60,25,88.437922,3,0,4.232e-10,0.005061,9.439e-01,9.439e-01,-1.0691e-06,2.046,1.660e-01,4.827e-01,4.6340e-07,2.597,1.207e-01,4.827e-01,1.8713e-08,2.491,1.281e-01,4.827e-01,7.4495e-10
null0263,,,,,29.766,60,25,29.765900,3,0,-1.123e-09,0.2203,6.432e-01,8.607e-01,2.5492e-05,1.398,2.491e-01,8.607e-01,-5.1299e-07,1.625,2.152e-01,8.607e-01,-1.6711e-08,1.616,2.163e-01,8.607e-01,-6.1025e-10
null0264,,,,,579.418,20,20,579.418103,4,0,1.137e-10,0.3679,5.517e-01,1.000e+00,-1.3473e-05,0.5915,4.518e-01,1.000e+00,6.0839e-07,0.7764,3.899e-01,1.000e+00,3.2928e-08,0.8401,3.715e-01,1.000e+00,1.8062e-09
null0265,,,,,34.547,60,25,34.547383,0,0,-7.080e-10,2.481,1.289e-01,5.157e-01,5.1365e-05,1.988,1.719e-01,5.158e-01,-4.1218e-07,1.75,1.988e-01,5.158e-01,-1.2230e-08,1.585,2.207e-01,5.158e-01,-4.3953e-10
null0266,,,,,38.754,60,25,38.753545,4,0,-6.683e-10,0.07916,7.810e-01,1.000e+00,1.3205e-05,0.5044,4.847e-01,1.000e+00,-3.4627e-07,0.6825,4.172e-01,1.000e+00,-1.2949e-08,0.9568,3.382e-01,1.000e+00,-5.8490e-10
null0267,,,,,960.301,12,12,960.301452,0,0,8.760e-11,0.1241,7.320e-01,1.000e+00,-1.3562e-05,0.09573,7.634e-01,1.000e+00,5.6685e-07,0.09879,7.597e-01,1.000e+00,4.2062e-08,0.06964,7.972e-01,1.000e+00,3.0275e-09
null0268,,,,,442.863,26,25,442.862885,3,0,1.246e-10,0.003047,9.565e-01,1.000e+00,-1.6804e-06,0.6933,4.136e-01,1.000e+00,7.0240e-07,0.7113,4.077e-01,1.000e+00,2.7598e-08,0.4735,4.983e-01,1.000e+00,9.6702e-10
null0269,,,,,95.630,60,25,95.630270,0,0,-6.790e-11,0.5339,4.724e-01,1.000e+00,-1.4096e-05,0.0443,8.352e-01,1.000e+00,-7.2807e-08,0.07154,7.915e-01,1.000e+00,-3.2467e-09,0.05348,8.192e-01,1.000e+00,-1.1270e-10
null0270,,,,,44.781,60,25,44.780726,0,0,1.137e-11,0.1038,7.503e-01,1.000e+00,9.8189e-06,0.005151,9.434e-01,1.000e+00,-2.3971e-08,0.0006007,9.807e-01,1.000e+00,2.5447e-10,0.00228,9.623e-01,1.000e+00,1.8138e-11
null0271,,,,,114.524,60,25,114.524465,4,0,-4.324e-10,0.6244,4.375e-01,4.375e-01,1.3635e-05,6.687,1.652e-02,3.305e-02,-6.4871e-07,8.96,6.491e-03,1.947e-02,-2.4758e-08,10.43,3.711e-03,1.484e-02,-1.0320e-09
null0272,,,,,96.104,60,25,96.104395,0,0,-9.071e-11,0.5277,4.749e-01,1.000e+00,1.4321e-05,0.4123,5.271e-01,1.000e+00,-2.0780e-07,0.1652,6.882e-01,1.000e+00,-4.3587e-09,0.05326,8.195e-01,1.000e+00,-9.4011e-11
null0273,,,,,692.213,17,17,692.213326,4,0,-1.736e-11,0.05675,8.149e-01,1.000e+00,-3.6218e-06,0.01073,9.189e-01,1.000e+00,5.5123e-08,0.05154,8.235e-01,1.000e+00,-6.0076e-09,0.257,6.195e-01,1.000e+00,-7.6532e-10
null0274,,,,,128.884,60,25,128.884339,0,0,-1.744e-10,1.036,3.194e-01,1.000e+00,2.5611e-05,0.3958,5.355e-01,1.000e+00,-3.9061e-07,0.2412,6.280e-01,1.000e+00,-1.1240e-08,0.1694,6.844e-01,1.000e+00,-3.8963e-10
null0275,,,,,37.220,60,25,37.219776,3,0,-9.587e-10,0.4029,5.318e-01,6.483e-01,2.7999e-05,1.903,1.810e-01,6.483e-01,-5.4837e-07,2.087,1.621e-01,6.483e-01,-1.7840e-08,2.063,1.644e-01,6.483e-01,-6.6346e-10
null0276,,,,,839.712,14,14,839.711748,0,0,9.574e-11,2.841,1.177e-01,4.707e-01,-3.2006e-05,0.9774,3.424e-01,1.000e+00,1.0323e-06,0.3135,5.859e-01,1.000e+00,4.0199e-08,0.07675,7.865e-01,1.000e+00,1.5090e-09
null0277,,,,,273.096,43,25,273.096441,0,0,2.363e-11,0.1282,7.236e-01,1.000e+00,-6.8881e-06,0.002513,9.604e-01,1.000e+00,2.2309e-08,0.03686,8.494e-01,1.000e+00,3.2263e-09,0.1109,7.422e-01,1.000e+00,2.3572e-10
null0278,,,,,42.297,60,25,42.296933,4,0,4.173e-10,0.08376,7.749e-01,1.000e+00,-1.0091e-05,0.3742,5.467e-01,1.000e+00,2.4466e-07,0.4462,5.108e-01,1.000e+00,8.8244e-09,0.4928,4.897e-01,1.000e+00,3.6098e-10
null0279,,,,,41.749,60,25,41.748850,4,0,5.004e-10,0.3809,5.432e-01,1.000e+00,-2.3889e-05,0.5421,4.690e-01,1.000e+00,3.1060e-07,0.6082,4.434e-01,1.000e+00,1.0446e-08,0.6616,4.243e-01,1.000e+00,4.0985e-10
null0280,,,,,153.386,60,25,153.385991,0,0,1.754e-10,5.144,3.303e-02,1.321e-01,3.6999e-05,0.18,6.753e-01,7.630e-01,1.6510e-07,0.9255,3.461e-01,7.630e-01,1.3455e-08,1.367,2.543e-01,7.630e-01,6.6553e-10
null0281,,,,,38.625,60,25,38.624668,2,0,6.551e-10,1.855,1.864e-01,6.761e-01,-4.4747e-05,2.016,1.690e-01,6.761e-01,4.8946e-07,1.181,2.884e-01,6.761e-01,1.2652e-08,0.6183,4.397e-01,6.761e-01,3.6325e-10
null0282,,,,,282.773,42,25,282.772782,4,0,3.629e-11,0.02003,8.887e-01,1.000e+00,-2.1796e-06,0.1612,6.917e-01,1.000e+00,1.4958e-07,0.145,7.069e-01,1.000e+00,5.1310e-09,0.1679,6.858e-01,1.000e+00,2.2252e-10
null0283,,,,,267.188,44,25,267.187731,4,0,2.412e-11,0.2867,5.975e-01,1.000e+00,1.3420e-05,0.1258,7.261e-01,1.000e+00,-1.9346e-07,0.02601,8.733e-01,1.000e+00,3.2216e-09,0.3072,5.847e-01,1.000e+00,4.4827e-10
null0284,,,,,30.955,60,25,30.954865,4,0,1.241e-09,0.85,3.661e-01,4.845e-01,-4.4818e-05,2.328,1.407e-01,4.845e-01,6.0003e-07,2.544,1.244e-01,4.845e-01,1.9208e-08,2.591,1.211e-01,4.845e-01,7.2277e-10
null0285,,,,,540.596,21,21,540.595502,0,0,-5.566e-11,0.6208,4.405e-01,1.000e+00,1.5815e-05,0.2547,6.196e-01,1.000e+00,-3.4472e-07,0.2557,6.189e-01,1.000e+00,-1.5046e-08,0.2104,6.517e-01,1.000e+00,-6.7085e-10
null0286,,,,,500.985,23,23,500.985431,4,0,-8.712e-11,0.02511,8.756e-01,9.328e-01,2.5057e-06,0.8654,3.628e-01,9.328e-01,-4.3090e-07,1.328,2.621e-01,9.328e-01,-2.1822e-08,1.507,2.332e-01,9.328e-01,-1.0412e-09
null0287,,,,,804.844,14,14,804.843513,0,0,-1.434e-11,0.2622,6.179e-01,1.000e+00,-1.2537e-05,0.03084,8.635e-01,1.000e+00,-2.0471e-07,0.006853,9.354e-01,1.000e+00,-5.7715e-09,0.01395,9.079e-01,1.000e+00,5.6637e-10
null0288,,,,,325.990,36,25,325.989908,4,0,1.364e-10,0.07804,7.825e-01,7.825e-01,-4.9352e-06,2.766,1.099e-01,2.197e-01,5.3133e-07,4.297,4.958e-02,1.487e-01,2.2234e-08,5.229,3.174e-02,1.270e-01,9.5729e-10
null0289,,,,,354.274,33,25,354.274228,3,0,6.906e-11,0.002958,9.571e-01,1.000e+00,-1.0174e-06,0.7908,3.831e-01,1.000e+00,3.3129e-07,0.8041,3.792e-01,1.000e+00,1.2232e-08,0.6466,4.296e-01,1.000e+00,4.5922e-10
null0290,,,,,50.310,60,25,50.310273,4,0,-2.434e-10,0.517,4.794e-01,1.000e+00,-1.4988e-05,0.218,6.450e-01,1.000e+00,-1.2375e-07,0.5019,4.858e-01,1.000e+00,-6.1229e-09,0.6473,4.293e-01,1.000e+00,-2.6751e-10
null0291,,,,,30.033,60,25,30.033367,4,0,4.571e-10,0.06338,8.035e-01,1.000e+00,-1.8122e-05,0.03954,8.441e-01,1.000e+00,1.3011e-07,0.1138,7.389e-01,1.000e+00,6.8640e-09,0.2624,6.134e-01,1.000e+00,3.8970e-10
null0292,,,,,35.024,60,25,35.024248,4,0,8.136e-10,0.1685,6.853e-01,6.853e-01,-1.9386e-05,1.023,3.224e-01,6.738e-01,3.8183e-07,1.557,2.246e-01,6.738e-01,1.4248e-08,2.061,1.646e-01,6.582e-01,6.0009e-10
null0293,,,,,964.845,12,12,964.845142,0,0,-3.591e-11,0.891,3.675e-01,1.000e+00,-1.4694e-05,0.04488,8.365e-01,1.000e+00,3.1895e-07,0.02109,8.874e-01,1.000e+00,-1.7322e-08,0.113,7.437e-01,1.000e+00,-3.4367e-09
null0294,,,,,297.726,40,25,297.726211,0,0,3.596e-11,0.1553,6.971e-01,1.000e+00,-6.8837e-06,0.1544,6.980e-01,1.000e+00,2.0923e-07,0.07296,7.895e-01,1.000e+00,5.3532e-09,0.04453,8.347e-01,1.000e+00,1.7317e-10
null0295,,,,,904.345,13,13,904.344664,2,0,-1.633e-10,0.04602,8.341e-01,1.000e+00,5.2070e-06,0.766,4.002e-01,1.000e+00,-1.2045e-06,0.6513,4.368e-01,1.000e+00,-7.3829e-08,0.4812,5.023e-01,1.000e+00,-4.7480e-09
null0296,,,,,99.785,60,25,99.785490,2,0,-2.223e-10,1.411,2.471e-01,8.221e-01,1.7524e-05,1.697,2.055e-01,8.221e-01,-4.2068e-07,0.9044,3.515e-01,8.221e-01,-1.1092e-08,0.4646,5.023e-01,8.221e-01,-3.2222e-10
null0297,,,,,445.906,26,25,445.905642,0,0,5.324e-12,0.1071,7.464e-01,1.000e+00,5.4758e-06,0.00435,9.480e-01,1.000e+00,2.9927e-08,0.005105,9.437e-01,1.000e+00,1.1870e-09,0.0002626,9.872e-01,1.000e+00,-1.1003e-11
null0298,,,,,35.003,60,25,35.003035,4,0,6.181e-10,0.03892,8.453e-01,1.000e+00,-9.0610e-06,0.5496,4.660e-01,1.000e+00,3.0663e-07,0.7089,4.085e-01,1.000e+00,1.0817e-08,0.8093,3.777e-01,1.000e+00,4.3282e-10
null0299,,,,,50.770,60,25,50.769551,0,0,-2.566e-10,1.102,3.047e-01,1.000e+00,2.3354e-05,0.7101,4.081e-01,1.000e+00,-2.2046e-07,0.5574,4.629e-01,1.000e+00,-6.5125e-09,0.5606,4.616e-01,1.000e+00,-2.5645e-10
