label,midi,note,dynamic,group,f_nom,n_partials,n_fit,f0_fit,winner,significant,B_est,F_0,p_0,padj_0,a_0,cents10_0,F_2,p_2,padj_2,a_2,cents10_2,F_3,p_3,padj_3,a_3,cents10_3,F_4,p_4,padj_4,a_4,cents10_4
null_A4_ff,69,A4,ff,,440.000,20,20,442.108202,0,0,-4.293e-08,0.2482,6.244e-01,1.000e+00,1.1943e-02,0.0047,0.158,6.957e-01,1.000e+00,-2.5797e-04,-0.0101,0.1242,7.287e-01,1.000e+00,-9.4894e-06,-0.0037,0.153,7.003e-01,1.000e+00,-4.8265e-07,-0.0019
null_Ab5_ff,80,Ab5,ff,,830.609,9,9,832.108650,3,0,1.320e-06,0.05304,8.244e-01,1.000e+00,1.0034e-02,0.0021,0.4232,5.361e-01,1.000e+00,3.9800e-03,0.0828,0.6809,4.365e-01,1.000e+00,5.4926e-04,0.1143,0.6602,4.433e-01,1.000e+00,6.3120e-05,0.1313
null_B4_ff,71,B4,ff,,493.883,18,18,496.447647,4,1,1.862e-06,1.542,2.322e-01,2.322e-01,-8.1808e-02,-0.0285,10.8,4.653e-03,9.307e-03,6.9318e-03,0.2417,25.2,1.258e-04,3.775e-04,4.6216e-04,0.1612,49.33,2.876e-06,1.151e-05,2.8719e-05,0.1002
null_Bb4_ff,70,Bb4,ff,,466.164,19,19,462.001399,4,0,2.013e-07,0.002953,9.573e-01,1.000e+00,-1.2242e-03,-0.0005,0.1888,6.694e-01,1.000e+00,5.1033e-04,0.0191,0.5337,4.750e-01,1.000e+00,4.6494e-05,0.0174,0.8443,3.710e-01,1.000e+00,3.0124e-06,0.0113
null_C5_ff,72,C5,ff,,523.251,19,19,524.840066,2,0,3.931e-07,4.25,5.489e-02,1.219e-01,-1.9738e-02,-0.0065,5.632,2.969e-02,1.188e-01,1.8334e-03,0.0605,4.91,4.064e-02,1.219e-01,1.0316e-04,0.0340,3.708,7.106e-02,1.219e-01,5.1634e-06,0.0170
null_Db5_ff,73,Db5,ff,,554.365,15,15,564.271317,0,0,1.143e-07,1.142,3.047e-01,1.000e+00,2.5289e-02,0.0078,0.1009,7.558e-01,1.000e+00,-7.8992e-04,-0.0242,0.03162,8.616e-01,1.000e+00,3.2248e-05,0.0099,0.1762,6.815e-01,1.000e+00,5.3799e-06,0.0165
null_Eb5_ff,75,Eb5,ff,,622.254,10,10,619.619890,3,0,1.822e-06,0.1692,6.916e-01,1.000e+00,2.7368e-02,0.0076,1.076,3.300e-01,1.000e+00,5.5160e-03,0.1541,1.483,2.581e-01,1.000e+00,5.6462e-04,0.1578,1.365,2.764e-01,1.000e+00,5.0262e-05,0.1404
null_G5_ff,79,G5,ff,,783.991,8,8,781.385102,3,0,4.050e-06,0.1263,7.345e-01,1.000e+00,5.1521e-02,0.0114,0.07458,7.939e-01,1.000e+00,8.0035e-03,0.1773,0.1849,6.822e-01,1.000e+00,1.5823e-03,0.3506,0.1828,6.839e-01,1.000e+00,1.9140e-04,0.4240
null_Gb5_ff,78,Gb5,ff,,739.989,10,10,746.635419,0,0,6.826e-07,0.6005,4.607e-01,1.000e+00,3.5212e-02,0.0082,0.0705,7.973e-01,1.000e+00,1.3729e-03,0.0318,0.2784,6.121e-01,1.000e+00,2.5481e-04,0.0591,0.4567,5.182e-01,1.000e+00,3.3678e-05,0.0781
null_A4_ff,69,A4,ff,,440.000,13,13,441.200491,0,0,3.060e-07,3.051,1.085e-01,4.340e-01,-9.2633e-02,-0.0363,1.043,3.290e-01,9.871e-01,2.5210e-03,0.0989,0.2132,6.533e-01,1.000e+00,6.7512e-05,0.0265,0.009781,9.230e-01,1.000e+00,9.0686e-07,0.0036
null_Ab4_ff,68,Ab4,ff,,415.305,18,18,423.680970,0,0,8.030e-08,4.658,4.645e-02,1.858e-01,4.2642e-02,0.0174,0.02165,8.848e-01,1.000e+00,-2.6686e-04,-0.0109,0.03034,8.639e-01,1.000e+00,1.7012e-05,0.0070,0.04477,8.351e-01,1.000e+00,1.0159e-06,0.0042
null_B4_ff,71,B4,ff,,493.883,16,16,495.223932,2,0,7.622e-07,1.12,3.078e-01,4.943e-01,-7.0298e-02,-0.0246,3.02,1.042e-01,4.166e-01,4.2596e-03,0.1489,2.149,1.648e-01,4.943e-01,1.8872e-04,0.0660,1.601,2.265e-01,4.943e-01,9.2067e-06,0.0322
null_Bb4_ff,70,Bb4,ff,,466.164,19,19,469.089097,0,0,-2.327e-07,1.173,2.939e-01,1.000e+00,4.1635e-02,0.0154,0.34,5.675e-01,1.000e+00,-1.3369e-03,-0.0493,0.2601,6.166e-01,1.000e+00,-5.4590e-05,-0.0201,0.175,6.810e-01,1.000e+00,-2.0842e-06,-0.0077
null_C5_ff,72,C5,ff,,523.251,14,14,525.326875,4,0,1.230e-06,0.6727,4.281e-01,1.000e+00,3.4769e-02,0.0115,0.5156,4.865e-01,1.000e+00,3.1343e-03,0.1033,1.091,3.169e-01,1.000e+00,3.2299e-04,0.1064,1.163,3.021e-01,1.000e+00,2.3303e-05,0.0768
null_D4_ff,62,D4,ff,,293.665,25,22,294.797243,2,0,2.333e-07,0.2494,6.230e-01,1.000e+00,-8.0279e-03,-0.0047,1.225,2.815e-01,1.000e+00,9.1967e-04,0.0540,0.7908,3.844e-01,1.000e+00,3.4388e-05,0.0202,0.3286,5.729e-01,1.000e+00,1.0490e-06,0.0062
null_Db5_ff,73,Db5,ff,,554.365,13,13,570.336746,0,0,-5.372e-07,3.375,9.334e-02,3.733e-01,1.2007e-01,0.0364,0.6228,4.467e-01,1.000e+00,-4.4159e-03,-0.1340,0.1135,7.426e-01,1.000e+00,-1.5318e-04,-0.0465,0.007939,9.306e-01,1.000e+00,-3.5146e-06,-0.0107
null_E4_ff,64,E4,ff,,329.628,23,22,329.336457,3,0,6.981e-07,0.5196,4.794e-01,4.794e-01,-2.1696e-02,-0.0114,4.535,4.582e-02,1.588e-01,2.3921e-03,0.1257,4.842,3.969e-02,1.588e-01,1.1495e-04,0.0604,4.229,5.303e-02,1.588e-01,5.6753e-06,0.0298
null_E5_ff,76,E5,ff,,659.255,10,10,664.642131,4,0,1.484e-06,0.6333,4.491e-01,4.822e-01,-3.2834e-02,-0.0086,2.431,1.576e-01,4.822e-01,4.5792e-03,0.1193,2.927,1.255e-01,4.822e-01,4.9301e-04,0.1284,3.018,1.205e-01,4.822e-01,5.8458e-05,0.1523
null_Eb4_ff,63,Eb4,ff,,311.127,27,21,306.450898,0,0,1.915e-07,1.179,2.912e-01,1.000e+00,-2.9801e-02,-0.0168,0.7214,4.063e-01,1.000e+00,8.0908e-04,0.0457,0.5845,4.539e-01,1.000e+00,2.9337e-05,0.0166,0.6611,4.262e-01,1.000e+00,1.3693e-06,0.0077
null_Eb5_ff,75,Eb5,ff,,622.254,12,12,637.527544,3,0,1.532e-06,0.006179,9.389e-01,9.830e-01,-8.3666e-03,-0.0023,0.9956,3.419e-01,9.830e-01,5.8861e-03,0.1598,1.52,2.457e-01,9.830e-01,4.8837e-04,0.1326,1.244,2.908e-01,9.830e-01,3.1233e-05,0.0848
null_F4_ff,65,F4,ff,,349.228,22,22,348.326041,2,0,2.914e-07,1.64,2.150e-01,6.449e-01,-2.6687e-02,-0.0133,2.704,1.158e-01,4.630e-01,1.8707e-03,0.0930,0.9237,3.480e-01,6.960e-01,5.0750e-05,0.0252,0.269,6.097e-01,6.960e-01,1.3179e-06,0.0066
null_F5_ff,77,F5,ff,,698.456,11,11,703.498808,0,0,1.787e-06,5.511,4.348e-02,1.739e-01,-1.8969e-01,-0.0467,1.121,3.173e-01,9.518e-01,8.5854e-03,0.2113,0.7035,4.233e-01,9.518e-01,6.2861e-04,0.1547,0.615,4.531e-01,9.518e-01,5.8753e-05,0.1446
null_G4_ff,67,G4,ff,,391.995,18,18,393.512804,0,0,1.204e-07,1.567,2.287e-01,9.148e-01,-7.1640e-02,-0.0315,0.02767,8.700e-01,1.000e+00,4.7078e-04,0.0207,0.03179,8.607e-01,1.000e+00,2.3699e-05,0.0104,0.05969,8.101e-01,1.000e+00,1.4906e-06,0.0066
null_C6_ff,84,C6,ff,,1046.502,9,9,1051.373778,0,0,-2.239e-06,1.998,2.004e-01,8.014e-01,1.5155e-01,0.0250,1.294,2.928e-01,8.785e-01,-1.0434e-02,-0.1718,1.178,3.137e-01,8.785e-01,-1.1772e-03,-0.1938,1.042,3.413e-01,8.785e-01,-1.5324e-04,-0.2523
null_Db6_ff,85,Db6,ff,,1108.731,9,9,1118.080673,2,0,-2.706e-06,1.41,2.738e-01,8.758e-01,1.1657e-01,0.0181,1.823,2.189e-01,8.758e-01,-1.8252e-02,-0.2826,0.8922,3.763e-01,8.758e-01,-1.5130e-03,-0.2343,0.3999,5.472e-01,8.758e-01,-1.2489e-04,-0.1934
null_E5_ff,76,E5,ff,,659.255,13,13,663.425078,4,0,-2.555e-07,0.0003646,9.851e-01,1.000e+00,-5.2660e-04,-0.0001,0.278,6.085e-01,1.000e+00,-8.8828e-04,-0.0232,0.4415,5.201e-01,1.000e+00,-8.4769e-05,-0.0221,0.6059,4.528e-01,1.000e+00,-7.8624e-06,-0.0205
null_E6_ff,88,E6,ff,,1318.510,8,8,1329.044417,0,0,-1.573e-06,1.846,2.231e-01,8.924e-01,3.5450e-02,0.0046,1.765,2.322e-01,8.924e-01,-7.4074e-03,-0.0965,1.559,2.583e-01,8.924e-01,-1.0452e-03,-0.1362,1.215,3.126e-01,8.924e-01,-1.3607e-04,-0.1773
null_F5_ff,77,F5,ff,,698.456,15,15,693.054545,0,0,-1.400e-07,3.232,9.545e-02,3.818e-01,7.3945e-02,0.0185,0.8788,3.656e-01,1.000e+00,-1.7656e-03,-0.0441,0.1339,7.203e-01,1.000e+00,-4.8530e-05,-0.0121,2.77e-06,9.987e-01,1.000e+00,-1.7089e-08,-0.0000
null_Gb5_ff,78,Gb5,ff,,739.989,12,12,748.663651,2,0,-1.212e-06,2.899,1.194e-01,3.583e-01,7.3338e-02,0.0170,3.927,7.567e-02,3.027e-01,-7.1691e-03,-0.1658,1.856,2.030e-01,4.059e-01,-4.5378e-04,-0.1049,0.6345,4.442e-01,4.442e-01,-2.4391e-05,-0.0564
null_A3_ff,57,A3,ff,,220.000,16,16,220.056152,0,0,-6.585e-08,0.2186,6.473e-01,1.000e+00,-2.1924e-02,-0.0172,0.03636,8.515e-01,1.000e+00,-5.7440e-04,-0.0452,0.001969,9.652e-01,1.000e+00,-7.2457e-06,-0.0057,0.005352,9.427e-01,1.000e+00,6.4626e-07,0.0051
null_A4_ff,69,A4,ff,,440.000,8,8,441.558868,0,0,6.066e-06,26.06,2.211e-03,8.844e-03,-1.2798e-01,-0.0502,4.617,7.523e-02,2.257e-01,1.7144e-02,0.6721,1.378,2.850e-01,5.699e-01,1.3392e-03,0.5250,0.4983,5.067e-01,5.699e-01,1.0246e-04,0.4017
null_Ab3_ff,56,Ab3,ff,,207.652,29,24,206.921431,0,0,7.201e-07,23.76,7.144e-05,2.858e-04,-6.0562e-02,-0.0507,11.56,2.576e-03,7.727e-03,1.9569e-03,0.1637,6.574,1.770e-02,3.539e-02,7.4497e-05,0.0623,4.545,4.442e-02,4.442e-02,2.9818e-06,0.0249
null_Ab4_ff,68,Ab4,ff,,415.305,20,19,414.358012,2,0,3.247e-07,8.391,1.003e-02,3.010e-02,-1.8401e-02,-0.0077,13.03,2.162e-03,8.647e-03,1.7949e-03,0.0750,5.876,2.679e-02,5.358e-02,6.7267e-05,0.0281,3.777,6.869e-02,6.869e-02,2.6432e-06,0.0110
null_B3_ff,59,B3,ff,,246.942,31,24,247.730097,0,0,2.069e-08,8.22,8.957e-03,3.583e-02,-4.2571e-02,-0.0297,0.2085,6.524e-01,1.000e+00,2.2324e-04,0.0156,0.01875,8.923e-01,1.000e+00,2.5627e-06,0.0018,0.000146,9.905e-01,1.000e+00,9.2717e-09,0.0001
null_B4_ff,71,B4,ff,,493.883,13,13,497.856512,2,0,6.406e-07,3.662,8.204e-02,2.461e-01,-6.6965e-02,-0.0233,4.741,5.211e-02,2.084e-01,3.6238e-03,0.1260,2.4,1.496e-01,2.992e-01,1.5945e-04,0.0554,1.131,3.103e-01,3.103e-01,6.9987e-06,0.0243
null_Bb3_ff,58,Bb3,ff,,233.082,27,23,230.330248,0,0,-1.427e-07,0.3395,5.663e-01,1.000e+00,-1.3749e-02,-0.0103,0.1937,6.643e-01,1.000e+00,-3.2266e-04,-0.0243,0.2877,5.973e-01,1.000e+00,-1.6433e-05,-0.0124,0.2954,5.925e-01,1.000e+00,-7.5333e-07,-0.0057
null_Bb4_ff,70,Bb4,ff,,466.164,9,9,467.439400,0,0,2.082e-06,2.995,1.271e-01,5.085e-01,-8.8358e-02,-0.0327,0.6909,4.333e-01,1.000e+00,7.7335e-03,0.2864,0.2257,6.492e-01,1.000e+00,4.8668e-04,0.1802,0.07627,7.904e-01,1.000e+00,3.0027e-05,0.1112
null_C4_ff,60,C4,ff,,261.626,30,23,259.400188,0,0,1.607e-07,11.92,2.383e-03,9.534e-03,-3.8564e-02,-0.0257,1.216,2.826e-01,8.477e-01,7.3587e-04,0.0491,0.4908,4.912e-01,9.825e-01,2.0840e-05,0.0139,0.3216,5.766e-01,9.825e-01,7.5941e-07,0.0051
null_C5_ff,72,C5,ff,,523.251,12,12,523.539349,0,0,-7.795e-07,0.2228,6.471e-01,1.000e+00,3.2625e-02,0.0108,0.208,6.581e-01,1.000e+00,-3.8617e-03,-0.1277,0.08239,7.799e-01,1.000e+00,-2.0406e-04,-0.0675,0.01353,9.097e-01,1.000e+00,-7.2011e-06,-0.0238
null_D4_ff,62,D4,ff,,293.665,10,10,294.528605,0,0,1.409e-06,2.321,1.662e-01,6.647e-01,-4.8579e-02,-0.0286,0.3677,5.611e-01,1.000e+00,3.2221e-03,0.1894,0.1113,7.472e-01,1.000e+00,2.0752e-04,0.1220,0.0504,8.280e-01,1.000e+00,1.6968e-05,0.0997
null_D5_ff,74,D5,ff,,587.330,12,12,594.268066,0,0,-5.876e-08,6.347,3.043e-02,1.217e-01,1.4543e-01,0.0424,0.6695,4.323e-01,1.000e+00,-4.6750e-03,-0.1362,0.002459,9.614e-01,1.000e+00,-1.7459e-05,-0.0051,0.1201,7.361e-01,1.000e+00,6.8570e-06,0.0200
null_Db4_ff,61,Db4,ff,,277.183,23,22,279.184798,0,0,2.020e-07,1.411,2.489e-01,9.955e-01,-1.8762e-02,-0.0116,0.4159,5.263e-01,1.000e+00,9.5980e-04,0.0595,0.131,7.212e-01,1.000e+00,2.8194e-05,0.0175,0.03962,8.442e-01,1.000e+00,7.6108e-07,0.0047
null_Db5_ff,73,Db5,ff,,554.365,11,11,561.235803,2,0,-1.502e-06,1.153,3.108e-01,9.323e-01,3.4615e-02,0.0107,1.68,2.272e-01,9.087e-01,-5.9024e-03,-0.1821,0.8267,3.869e-01,9.323e-01,-4.2161e-04,-0.1301,0.4548,5.170e-01,9.323e-01,-3.2685e-05,-0.1008
null_E4_ff,64,E4,ff,,329.628,19,18,329.890515,3,0,5.225e-07,0.3031,5.895e-01,6.020e-01,-8.9893e-03,-0.0047,2.099,1.667e-01,6.020e-01,1.6378e-03,0.0859,2.281,1.505e-01,6.020e-01,8.6187e-05,0.0452,1.893,1.878e-01,6.020e-01,4.2046e-06,0.0221
null_Eb4_ff,63,Eb4,ff,,311.127,19,16,310.585613,0,0,-1.747e-07,3.19,9.574e-02,3.830e-01,-4.1722e-02,-0.0233,0.007763,9.310e-01,1.000e+00,-1.4611e-04,-0.0081,0.1145,7.401e-01,1.000e+00,-2.7124e-05,-0.0151,0.142,7.120e-01,1.000e+00,-1.4585e-06,-0.0081
null_F4_ff,65,F4,ff,,349.228,22,22,351.012377,4,0,4.104e-07,0.241,6.288e-01,7.329e-01,1.0053e-02,0.0050,0.8539,3.665e-01,7.329e-01,1.1574e-03,0.0571,1.613,2.186e-01,6.760e-01,7.2029e-05,0.0355,2.037,1.690e-01,6.760e-01,3.7259e-06,0.0184
null_G3_ff,55,G3,ff,,195.998,10,10,196.980927,0,0,1.622e-06,6.365,3.565e-02,1.426e-01,-8.4994e-02,-0.0747,3.312,1.063e-01,3.188e-01,3.7434e-03,0.3290,1.188,3.075e-01,6.149e-01,1.5975e-04,0.1404,0.3211,5.865e-01,6.149e-01,5.1949e-06,0.0457
null_G4_ff,67,G4,ff,,391.995,22,21,392.239381,0,0,8.517e-08,8.881,7.692e-03,3.077e-02,-5.3379e-02,-0.0236,0.4527,5.091e-01,1.000e+00,8.0905e-04,0.0357,0.08445,7.745e-01,1.000e+00,1.6704e-05,0.0074,0.01554,9.021e-01,1.000e+00,3.5005e-07,0.0015
null_Gb4_ff,66,Gb4,ff,,369.994,19,19,376.376617,0,0,-2.291e-07,1.706,2.089e-01,8.356e-01,-3.0155e-02,-0.0139,0.2659,6.128e-01,1.000e+00,-7.2299e-04,-0.0333,0.3803,5.456e-01,1.000e+00,-4.3111e-05,-0.0198,0.2219,6.436e-01,1.000e+00,-1.6688e-06,-0.0077
