event,label,role,variant,seg_start,inj,q0,c0,covered,dt_ms,sigma_lin,k_A
GW150914,C01:SEOBNRv4PHM,failing,v1.0,1126259392.426434,C,0.850055905096827,3.314457959431991,True,-1.0000000000109088,6.816981610954708e-10,
GW150914,C01:SEOBNRv4PHM,failing,v1.0,1126259392.426434,ref,0.25339933011585797,3.314457959431991,True,0.04999999998897553,6.816981610954708e-10,
GW150914,C01:SEOBNRv4PHM,failing,v1.0,1126259528.426434,C,6.630803651177547,3.314457959431991,False,-1.9000000000108097,6.816981610954708e-10,
GW150914,C01:SEOBNRv4PHM,failing,v1.0,1126259528.426434,ref,2.612161161472023,3.314457959431991,True,0.09999999998897002,6.816981610954708e-10,
GW150914,C01:SEOBNRv4PHM,failing,v1.0,1126259324.426434,C,4.17796660053349,3.314457959431991,False,5.049999999988425,6.816981610954708e-10,
GW150914,C01:SEOBNRv4PHM,failing,v1.0,1126259324.426434,ref,2.984562413007429,3.314457959431991,True,-1.1018963519404679e-11,6.816981610954708e-10,
GW150914,C01:SEOBNRv4PHM,failing,v1.0,1126259596.426434,C,8.117975477267315,3.314457959431991,False,-1.1018963519404679e-11,6.816981610954708e-10,
GW150914,C01:SEOBNRv4PHM,failing,v1.0,1126259596.426434,ref,1.7524218683606705,3.314457959431991,True,-1.1018963519404679e-11,6.816981610954708e-10,
GW150914,C01:SEOBNRv4PHM,failing,v1.0,1126259256.426434,C,0.14538636026963464,3.314457959431991,True,3.299999999988618,6.816981610954708e-10,
GW150914,C01:SEOBNRv4PHM,failing,v1.0,1126259256.426434,ref,0.2996830394539083,3.314457959431991,True,0.04999999998897553,6.816981610954708e-10,
GW150914,C01:SEOBNRv4PHM,failing,v1.0,1126259664.426434,C,1.059748160553648,3.314457959431991,True,4.949999999988436,6.816981610954708e-10,
GW150914,C01:SEOBNRv4PHM,failing,v1.0,1126259664.426434,ref,3.6243787746984584,3.314457959431991,False,-0.05000000001101346,6.816981610954708e-10,
GW150914,C01:SEOBNRv4PHM,failing,v1.0,1126259188.426434,C,0.3744497211161717,3.314457959431991,True,-5.300000000010435,6.816981610954708e-10,
GW150914,C01:SEOBNRv4PHM,failing,v1.0,1126259188.426434,ref,0.7237037546031276,3.314457959431991,True,-1.1018963519404679e-11,6.816981610954708e-10,
GW150914,C01:SEOBNRv4PHM,failing,v1.0,1126259732.426434,C,6.345354939314229,3.314457959431991,False,-5.2500000000104405,6.816981610954708e-10,
GW150914,C01:SEOBNRv4PHM,failing,v1.0,1126259732.426434,ref,3.3326507904732714,3.314457959431991,False,0.09999999998897002,6.816981610954708e-10,
GW150914,C01:SEOBNRv4PHM,failing,b,1126259392.426434,C,0.04825596241981353,2.632579804259435,True,-1.0000000000109088,6.243203775314731e-10,13
GW150914,C01:SEOBNRv4PHM,failing,b,1126259392.426434,ref,0.787127769732838,2.632579804259435,True,0.04999999998897553,6.243203775314731e-10,13
GW150914,C01:SEOBNRv4PHM,failing,b,1126259528.426434,C,3.9304612231800493,2.632579804259435,False,-1.9000000000108097,6.243203775314731e-10,13
GW150914,C01:SEOBNRv4PHM,failing,b,1126259528.426434,ref,0.8330909507680629,2.632579804259435,True,0.09999999998897002,6.243203775314731e-10,13
GW150914,C01:SEOBNRv4PHM,failing,b,1126259324.426434,C,2.058277750219607,2.632579804259435,True,5.049999999988425,6.243203775314731e-10,13
GW150914,C01:SEOBNRv4PHM,failing,b,1126259324.426434,ref,0.6693009831345761,2.632579804259435,True,-1.1018963519404679e-11,6.243203775314731e-10,13
GW150914,C01:SEOBNRv4PHM,failing,b,1126259596.426434,C,0.731878677476024,2.632579804259435,True,-1.1018963519404679e-11,6.243203775314731e-10,13
GW150914,C01:SEOBNRv4PHM,failing,b,1126259596.426434,ref,0.799199583267231,2.632579804259435,True,-1.1018963519404679e-11,6.243203775314731e-10,13
GW150914,C01:SEOBNRv4PHM,failing,b,1126259256.426434,C,0.49228308618748046,2.632579804259435,True,3.299999999988618,6.243203775314731e-10,13
GW150914,C01:SEOBNRv4PHM,failing,b,1126259256.426434,ref,0.578968485837603,2.632579804259435,True,0.04999999998897553,6.243203775314731e-10,13
GW150914,C01:SEOBNRv4PHM,failing,b,1126259664.426434,C,2.1803148065390614,2.632579804259435,True,4.949999999988436,6.243203775314731e-10,13
GW150914,C01:SEOBNRv4PHM,failing,b,1126259664.426434,ref,1.3807858073782162,2.632579804259435,True,-0.05000000001101346,6.243203775314731e-10,13
GW150914,C01:SEOBNRv4PHM,failing,b,1126259188.426434,C,0.9783056699176227,2.632579804259435,True,-5.300000000010435,6.243203775314731e-10,13
GW150914,C01:SEOBNRv4PHM,failing,b,1126259188.426434,ref,4.189654241488628,2.632579804259435,False,-1.1018963519404679e-11,6.243203775314731e-10,13
GW150914,C01:SEOBNRv4PHM,failing,b,1126259732.426434,C,9.065848193045921,2.632579804259435,False,-5.2500000000104405,6.243203775314731e-10,13
GW150914,C01:SEOBNRv4PHM,failing,b,1126259732.426434,ref,8.603594732098273,2.632579804259435,False,0.09999999998897002,6.243203775314731e-10,13
GW150914,C01:SEOBNRv4PHM,failing,a,1126259392.426434,C,14.787179447183702,4.594656354958972,False,-5.200000000010446,9.908802805986168e-10,10
GW150914,C01:SEOBNRv4PHM,failing,a,1126259392.426434,ref,3.967135855801465,4.594656354958972,True,0.04999999998897553,9.908802805986168e-10,10
GW150914,C01:SEOBNRv4PHM,failing,a,1126259528.426434,C,0.8946908636999822,4.594656354958972,True,-6.150000000010341,9.908802805986168e-10,10
GW150914,C01:SEOBNRv4PHM,failing,a,1126259528.426434,ref,1.2371733261512272,4.594656354958972,True,-1.1018963519404679e-11,9.908802805986168e-10,10
GW150914,C01:SEOBNRv4PHM,failing,a,1126259324.426434,C,2.7189038250817035,4.594656354958972,True,0.7999999999888929,9.908802805986168e-10,10
GW150914,C01:SEOBNRv4PHM,failing,a,1126259324.426434,ref,2.999892675249388,4.594656354958972,True,-0.05000000001101346,9.908802805986168e-10,10
GW150914,C01:SEOBNRv4PHM,failing,a,1126259596.426434,C,0.6982256958365496,4.594656354958972,True,-4.300000000010545,9.908802805986168e-10,10
GW150914,C01:SEOBNRv4PHM,failing,a,1126259596.426434,ref,0.12701760590761974,4.594656354958972,True,0.14999999998896452,9.908802805986168e-10,10
GW150914,C01:SEOBNRv4PHM,failing,a,1126259256.426434,C,0.09978401756094449,4.594656354958972,True,-0.9000000000109198,9.908802805986168e-10,10
GW150914,C01:SEOBNRv4PHM,failing,a,1126259256.426434,ref,0.16090663581893921,4.594656354958972,True,-0.10000000001100795,9.908802805986168e-10,10
GW150914,C01:SEOBNRv4PHM,failing,a,1126259664.426434,C,1.282393041366512,4.594656354958972,True,0.7499999999888984,9.908802805986168e-10,10
GW150914,C01:SEOBNRv4PHM,failing,a,1126259664.426434,ref,1.0134479384010067,4.594656354958972,True,0.14999999998896452,9.908802805986168e-10,10
GW150914,C01:SEOBNRv4PHM,failing,a,1126259188.426434,C,10.477953213218765,4.594656354958972,False,-9.550000000009968,9.908802805986168e-10,10
GW150914,C01:SEOBNRv4PHM,failing,a,1126259188.426434,ref,4.430308174304745,4.594656354958972,True,0.14999999998896452,9.908802805986168e-10,10
GW150914,C01:SEOBNRv4PHM,failing,a,1126259732.426434,C,0.0,4.594656354958972,True,-9.450000000009979,9.908802805986168e-10,10
GW150914,C01:SEOBNRv4PHM,failing,a,1126259732.426434,ref,0.7399922030993569,4.594656354958972,True,0.199999999988959,9.908802805986168e-10,10
GW170814,C01:SEOBNRv4PHM,failing,v1.0,1186741791.5418437,C,7.853881496927741,4.09729289259593,False,-0.5000000000109639,4.0030876042057817e-10,
GW170814,C01:SEOBNRv4PHM,failing,v1.0,1186741791.5418437,ref,3.6583567324270874,4.09729289259593,True,0.04999999998897553,4.0030876042057817e-10,
GW170814,C01:SEOBNRv4PHM,failing,v1.0,1186741927.5418437,C,2.2583992957656496,4.09729289259593,True,-10.450000000009869,4.0030876042057817e-10,
GW170814,C01:SEOBNRv4PHM,failing,v1.0,1186741927.5418437,ref,1.653805889013991,4.09729289259593,True,-1.1018963519404679e-11,4.0030876042057817e-10,
GW170814,C01:SEOBNRv4PHM,failing,v1.0,1186741723.5418437,C,1.931712202821883,4.09729289259593,True,-10.550000000009858,4.0030876042057817e-10,
GW170814,C01:SEOBNRv4PHM,failing,v1.0,1186741723.5418437,ref,1.687423905286727,4.09729289259593,True,0.2499999999889535,4.0030876042057817e-10,
GW170814,C01:SEOBNRv4PHM,failing,v1.0,1186741995.5418437,C,1.7751231773738656,4.09729289259593,True,0.3499999999889425,4.0030876042057817e-10,
GW170814,C01:SEOBNRv4PHM,failing,v1.0,1186741995.5418437,ref,1.4639104380450942,4.09729289259593,True,0.199999999988959,4.0030876042057817e-10,
GW170814,C01:SEOBNRv4PHM,failing,v1.0,1186741655.5418437,C,0.4044592283450025,4.09729289259593,True,-0.20000000001099694,4.0030876042057817e-10,
GW170814,C01:SEOBNRv4PHM,failing,v1.0,1186741655.5418437,ref,0.3284182005536624,4.09729289259593,True,0.3499999999889425,4.0030876042057817e-10,
GW170814,C01:SEOBNRv4PHM,failing,v1.0,1186742063.5418437,C,12.769790395150325,4.09729289259593,False,-1.5500000000108483,4.0030876042057817e-10,
GW170814,C01:SEOBNRv4PHM,failing,v1.0,1186742063.5418437,ref,5.825873112761,4.09729289259593,False,0.04999999998897553,4.0030876042057817e-10,
GW170814,C01:SEOBNRv4PHM,failing,v1.0,1186741587.5418437,C,4.508757170012248,4.09729289259593,False,-0.9000000000109198,4.0030876042057817e-10,
GW170814,C01:SEOBNRv4PHM,failing,v1.0,1186741587.5418437,ref,3.2863552934399793,4.09729289259593,True,-0.20000000001099694,4.0030876042057817e-10,
GW170814,C01:SEOBNRv4PHM,failing,v1.0,1186742131.5418437,C,10.990784348509845,4.09729289259593,False,0.7999999999888929,4.0030876042057817e-10,
GW170814,C01:SEOBNRv4PHM,failing,v1.0,1186742131.5418437,ref,8.941906032850612,4.09729289259593,False,0.04999999998897553,4.0030876042057817e-10,
GW170814,C01:SEOBNRv4PHM,failing,b,1186741791.5418437,C,0.6270087493662623,4.052008661519598,True,-0.5000000000109639,3.940447656916321e-10,26
GW170814,C01:SEOBNRv4PHM,failing,b,1186741791.5418437,ref,1.210610437999113,4.052008661519598,True,0.04999999998897553,3.940447656916321e-10,26
GW170814,C01:SEOBNRv4PHM,failing,b,1186741927.5418437,C,0.8527054046902963,4.052008661519598,True,-10.450000000009869,3.940447656916321e-10,26
GW170814,C01:SEOBNRv4PHM,failing,b,1186741927.5418437,ref,1.5060036619459993,4.052008661519598,True,-1.1018963519404679e-11,3.940447656916321e-10,26
GW170814,C01:SEOBNRv4PHM,failing,b,1186741723.5418437,C,2.167406536955156,4.052008661519598,True,-10.550000000009858,3.940447656916321e-10,26
GW170814,C01:SEOBNRv4PHM,failing,b,1186741723.5418437,ref,1.675293598146653,4.052008661519598,True,0.2499999999889535,3.940447656916321e-10,26
GW170814,C01:SEOBNRv4PHM,failing,b,1186741995.5418437,C,1.4462333249597814,4.052008661519598,True,0.3499999999889425,3.940447656916321e-10,26
GW170814,C01:SEOBNRv4PHM,failing,b,1186741995.5418437,ref,1.1569413144320935,4.052008661519598,True,0.199999999988959,3.940447656916321e-10,26
GW170814,C01:SEOBNRv4PHM,failing,b,1186741655.5418437,C,0.7739326439145464,4.052008661519598,True,-0.20000000001099694,3.940447656916321e-10,26
GW170814,C01:SEOBNRv4PHM,failing,b,1186741655.5418437,ref,0.8002476486553505,4.052008661519598,True,0.3499999999889425,3.940447656916321e-10,26
GW170814,C01:SEOBNRv4PHM,failing,b,1186742063.5418437,C,4.585799288327253,4.052008661519598,False,-1.5500000000108483,3.940447656916321e-10,26
GW170814,C01:SEOBNRv4PHM,failing,b,1186742063.5418437,ref,3.8927653075149067,4.052008661519598,True,0.04999999998897553,3.940447656916321e-10,26
GW170814,C01:SEOBNRv4PHM,failing,b,1186741587.5418437,C,0.19194658577253246,4.052008661519598,True,-0.9000000000109198,3.940447656916321e-10,26
GW170814,C01:SEOBNRv4PHM,failing,b,1186741587.5418437,ref,0.25098829404750145,4.052008661519598,True,-0.20000000001099694,3.940447656916321e-10,26
GW170814,C01:SEOBNRv4PHM,failing,b,1186742131.5418437,C,1.2220078852487335,4.052008661519598,True,0.7999999999888929,3.940447656916321e-10,26
GW170814,C01:SEOBNRv4PHM,failing,b,1186742131.5418437,ref,3.0156773015311895,4.052008661519598,True,0.04999999998897553,3.940447656916321e-10,26
GW170814,C01:SEOBNRv4PHM,failing,a,1186741791.5418437,C,10.372696825064203,5.679829099900929,False,0.7499999999888984,7.291641944571591e-10,14
GW170814,C01:SEOBNRv4PHM,failing,a,1186741791.5418437,ref,10.518747866133626,5.679829099900929,False,0.2499999999889535,7.291641944571591e-10,14
GW170814,C01:SEOBNRv4PHM,failing,a,1186741927.5418437,C,1.7966966996925038,5.679829099900929,True,-9.200000000010006,7.291641944571591e-10,14
GW170814,C01:SEOBNRv4PHM,failing,a,1186741927.5418437,ref,0.9337258388506973,5.679829099900929,True,-0.10000000001100795,7.291641944571591e-10,14
GW170814,C01:SEOBNRv4PHM,failing,a,1186741723.5418437,C,3.830610089934382,5.679829099900929,True,-9.250000000010001,7.291641944571591e-10,14
GW170814,C01:SEOBNRv4PHM,failing,a,1186741723.5418437,ref,1.2158613027235223,5.679829099900929,True,-0.4000000000109749,7.291641944571591e-10,14
GW170814,C01:SEOBNRv4PHM,failing,a,1186741995.5418437,C,7.740381900034298,5.679829099900929,False,1.5999999999888048,7.291641944571591e-10,14
GW170814,C01:SEOBNRv4PHM,failing,a,1186741995.5418437,ref,0.9332088334987878,5.679829099900929,True,-0.05000000001101346,7.291641944571591e-10,14
GW170814,C01:SEOBNRv4PHM,failing,a,1186741655.5418437,C,6.277765408660256,5.679829099900929,False,0.8499999999888874,7.291641944571591e-10,14
GW170814,C01:SEOBNRv4PHM,failing,a,1186741655.5418437,ref,4.532532810294541,5.679829099900929,True,-1.1018963519404679e-11,7.291641944571591e-10,14
GW170814,C01:SEOBNRv4PHM,failing,a,1186742063.5418437,C,2.2153309897721223,5.679829099900929,True,-0.25000000001099143,7.291641944571591e-10,14
GW170814,C01:SEOBNRv4PHM,failing,a,1186742063.5418437,ref,2.514170047365797,5.679829099900929,True,-1.1018963519404679e-11,7.291641944571591e-10,14
GW170814,C01:SEOBNRv4PHM,failing,a,1186741587.5418437,C,2.974296107168948,5.679829099900929,True,0.2499999999889535,7.291641944571591e-10,14
GW170814,C01:SEOBNRv4PHM,failing,a,1186741587.5418437,ref,4.509648132696457,5.679829099900929,True,-0.25000000001099143,7.291641944571591e-10,14
GW170814,C01:SEOBNRv4PHM,failing,a,1186742131.5418437,C,0.0,5.679829099900929,True,2.09999999998875,7.291641944571591e-10,14
GW170814,C01:SEOBNRv4PHM,failing,a,1186742131.5418437,ref,0.018372287622014278,5.679829099900929,True,0.09999999998897002,7.291641944571591e-10,14
GW190706_222641,C01:SEOBNRv4PHM,failing,v1.0,1246487149.3447268,C,6.437239060304087,6.089380066879388,False,1.6499999999887993,7.245428847757078e-10,
GW190706_222641,C01:SEOBNRv4PHM,failing,v1.0,1246487149.3447268,ref,3.957732786293128,6.089380066879388,True,0.6999999999889039,7.245428847757078e-10,
GW190706_222641,C01:SEOBNRv4PHM,failing,v1.0,1246487285.3447268,C,6.813786053622145,6.089380066879388,False,-15.550000000009307,7.245428847757078e-10,
GW190706_222641,C01:SEOBNRv4PHM,failing,v1.0,1246487285.3447268,ref,2.49173269778032,6.089380066879388,True,-0.05000000001101346,7.245428847757078e-10,
GW190706_222641,C01:SEOBNRv4PHM,failing,v1.0,1246487081.3447268,C,0.3067214564641813,6.089380066879388,True,-19.550000000008865,7.245428847757078e-10,
GW190706_222641,C01:SEOBNRv4PHM,failing,v1.0,1246487081.3447268,ref,0.2850005218795384,6.089380066879388,True,-0.9000000000109198,7.245428847757078e-10,
GW190706_222641,C01:SEOBNRv4PHM,failing,v1.0,1246487353.3447268,C,3.9003564760895726,6.089380066879388,True,-23.650000000008415,7.245428847757078e-10,
GW190706_222641,C01:SEOBNRv4PHM,failing,v1.0,1246487353.3447268,ref,1.5057484355702146,6.089380066879388,True,-0.9500000000109143,7.245428847757078e-10,
GW190706_222641,C01:SEOBNRv4PHM,failing,v1.0,1246487013.3447268,C,9.055202715919203,6.089380066879388,False,2.999999999988651,7.245428847757078e-10,
GW190706_222641,C01:SEOBNRv4PHM,failing,v1.0,1246487013.3447268,ref,6.11932613880143,6.089380066879388,False,-0.4500000000109694,7.245428847757078e-10,
GW190706_222641,C01:SEOBNRv4PHM,failing,v1.0,1246487421.3447268,C,1.559776234481949,6.089380066879388,True,-25.900000000008166,7.245428847757078e-10,
GW190706_222641,C01:SEOBNRv4PHM,failing,v1.0,1246487421.3447268,ref,1.2363989673409876,6.089380066879388,True,0.04999999998897553,7.245428847757078e-10,
GW190706_222641,C01:SEOBNRv4PHM,failing,v1.0,1246486945.3447268,C,2.8919600128251712,6.089380066879388,True,-10.900000000009818,7.245428847757078e-10,
GW190706_222641,C01:SEOBNRv4PHM,failing,v1.0,1246486945.3447268,ref,1.6783708056603683,6.089380066879388,True,-1.0000000000109088,7.245428847757078e-10,
GW190706_222641,C01:SEOBNRv4PHM,failing,v1.0,1246487489.3447268,C,6.698056409341172,6.089380066879388,False,-29.75000000000774,7.245428847757078e-10,
GW190706_222641,C01:SEOBNRv4PHM,failing,v1.0,1246487489.3447268,ref,6.531468324646086,6.089380066879388,False,-0.10000000001100795,7.245428847757078e-10,
GW190706_222641,C01:SEOBNRv4PHM,failing,b,1246487149.3447268,C,5.632999124515241,5.181690102818142,False,1.6499999999887993,5.690990677414443e-10,27
GW190706_222641,C01:SEOBNRv4PHM,failing,b,1246487149.3447268,ref,6.362731539732335,5.181690102818142,False,0.6999999999889039,5.690990677414443e-10,27
GW190706_222641,C01:SEOBNRv4PHM,failing,b,1246487285.3447268,C,5.313791502656037,5.181690102818142,False,-15.550000000009307,5.690990677414443e-10,27
GW190706_222641,C01:SEOBNRv4PHM,failing,b,1246487285.3447268,ref,5.834787599922664,5.181690102818142,False,-0.05000000001101346,5.690990677414443e-10,27
GW190706_222641,C01:SEOBNRv4PHM,failing,b,1246487081.3447268,C,5.631921430521764,5.181690102818142,False,-19.550000000008865,5.690990677414443e-10,27
GW190706_222641,C01:SEOBNRv4PHM,failing,b,1246487081.3447268,ref,4.262784726797651,5.181690102818142,True,-0.9000000000109198,5.690990677414443e-10,27
GW190706_222641,C01:SEOBNRv4PHM,failing,b,1246487353.3447268,C,1.0306842578145812,5.181690102818142,True,-23.650000000008415,5.690990677414443e-10,27
GW190706_222641,C01:SEOBNRv4PHM,failing,b,1246487353.3447268,ref,0.8157358857009744,5.181690102818142,True,-0.9500000000109143,5.690990677414443e-10,27
GW190706_222641,C01:SEOBNRv4PHM,failing,b,1246487013.3447268,C,7.998455691453034,5.181690102818142,False,2.999999999988651,5.690990677414443e-10,27
GW190706_222641,C01:SEOBNRv4PHM,failing,b,1246487013.3447268,ref,6.128074993071748,5.181690102818142,False,-0.4500000000109694,5.690990677414443e-10,27
GW190706_222641,C01:SEOBNRv4PHM,failing,b,1246487421.3447268,C,0.8543541265165592,5.181690102818142,True,-25.900000000008166,5.690990677414443e-10,27
GW190706_222641,C01:SEOBNRv4PHM,failing,b,1246487421.3447268,ref,1.268864030603749,5.181690102818142,True,0.04999999998897553,5.690990677414443e-10,27
GW190706_222641,C01:SEOBNRv4PHM,failing,b,1246486945.3447268,C,2.3128486436820506,5.181690102818142,True,-10.900000000009818,5.690990677414443e-10,27
GW190706_222641,C01:SEOBNRv4PHM,failing,b,1246486945.3447268,ref,2.5687024063397397,5.181690102818142,True,-1.0000000000109088,5.690990677414443e-10,27
GW190706_222641,C01:SEOBNRv4PHM,failing,b,1246487489.3447268,C,1.3651899739059277,5.181690102818142,True,-29.75000000000774,5.690990677414443e-10,27
GW190706_222641,C01:SEOBNRv4PHM,failing,b,1246487489.3447268,ref,1.2370816024540696,5.181690102818142,True,-0.10000000001100795,5.690990677414443e-10,27
GW190706_222641,C01:SEOBNRv4PHM,failing,a,1246487149.3447268,C,0.061963253088751946,4.565422907933035,True,-17.050000000009142,1.3140952337312206e-09,25
GW190706_222641,C01:SEOBNRv4PHM,failing,a,1246487149.3447268,ref,0.09556782420232857,4.565422907933035,True,-2.150000000010782,1.3140952337312206e-09,25
GW190706_222641,C01:SEOBNRv4PHM,failing,a,1246487285.3447268,C,0.013009388488694042,4.565422907933035,True,-34.25000000000725,1.3140952337312206e-09,25
GW190706_222641,C01:SEOBNRv4PHM,failing,a,1246487285.3447268,ref,0.008740356906156904,4.565422907933035,True,-1.1018963519404679e-11,1.3140952337312206e-09,25
GW190706_222641,C01:SEOBNRv4PHM,failing,a,1246487081.3447268,C,4.089431784754322,4.565422907933035,True,-38.75000000000675,1.3140952337312206e-09,25
GW190706_222641,C01:SEOBNRv4PHM,failing,a,1246487081.3447268,ref,3.75610795826719,4.565422907933035,True,-1.5000000000108538,1.3140952337312206e-09,25
GW190706_222641,C01:SEOBNRv4PHM,failing,a,1246487353.3447268,C,1.1537509094225358,4.565422907933035,True,-42.050000000006385,1.3140952337312206e-09,25
GW190706_222641,C01:SEOBNRv4PHM,failing,a,1246487353.3447268,ref,1.053830837270762,4.565422907933035,True,-0.10000000001100795,1.3140952337312206e-09,25
GW190706_222641,C01:SEOBNRv4PHM,failing,a,1246487013.3447268,C,8.509950987423244,4.565422907933035,False,-16.350000000009217,1.3140952337312206e-09,25
GW190706_222641,C01:SEOBNRv4PHM,failing,a,1246487013.3447268,ref,8.4973869327107,4.565422907933035,False,2.9499999999886564,1.3140952337312206e-09,25
GW190706_222641,C01:SEOBNRv4PHM,failing,a,1246487421.3447268,C,1.8826942390489783,4.565422907933035,True,-44.95000000000607,1.3140952337312206e-09,25
GW190706_222641,C01:SEOBNRv4PHM,failing,a,1246487421.3447268,ref,1.9075905896909444,4.565422907933035,True,-0.8000000000109309,1.3140952337312206e-09,25
GW190706_222641,C01:SEOBNRv4PHM,failing,a,1246486945.3447268,C,3.7834294716157277,4.565422907933035,True,-29.75000000000774,1.3140952337312206e-09,25
GW190706_222641,C01:SEOBNRv4PHM,failing,a,1246486945.3447268,ref,3.000841400433301,4.565422907933035,True,2.0499999999887555,1.3140952337312206e-09,25
GW190706_222641,C01:SEOBNRv4PHM,failing,a,1246487489.3447268,C,1.8413499930627897,4.565422907933035,True,-47.80000000000575,1.3140952337312206e-09,25
GW190706_222641,C01:SEOBNRv4PHM,failing,a,1246487489.3447268,ref,1.730988962438708,4.565422907933035,True,-0.8000000000109309,1.3140952337312206e-09,25
GW200129_065458,C01:SEOBNRv4PHM,failing,v1.0,1264316038.4332137,C,1.7337754068407898,3.793053877849449,True,0.9499999999888764,2.0572429095972105e-10,
GW200129_065458,C01:SEOBNRv4PHM,failing,v1.0,1264316038.4332137,ref,1.5904575595571848,3.793053877849449,True,-0.05000000001101346,2.0572429095972105e-10,
GW200129_065458,C01:SEOBNRv4PHM,failing,v1.0,1264316182.4332137,C,2.167479734906031,3.793053877849449,True,-2.6000000000107324,2.0572429095972105e-10,
GW200129_065458,C01:SEOBNRv4PHM,failing,v1.0,1264316182.4332137,ref,1.2596473368168808,3.793053877849449,True,0.04999999998897553,2.0572429095972105e-10,
GW200129_065458,C01:SEOBNRv4PHM,failing,v1.0,1264315966.4332137,C,0.2769942948234927,3.793053877849449,True,-0.05000000001101346,2.0572429095972105e-10,
GW200129_065458,C01:SEOBNRv4PHM,failing,v1.0,1264315966.4332137,ref,0.0,3.793053877849449,True,0.04999999998897553,2.0572429095972105e-10,
GW200129_065458,C01:SEOBNRv4PHM,failing,v1.0,1264316254.4332137,C,5.479661226857194,3.793053877849449,False,-0.25000000001099143,2.0572429095972105e-10,
GW200129_065458,C01:SEOBNRv4PHM,failing,v1.0,1264316254.4332137,ref,1.2278115316312874,3.793053877849449,True,0.09999999998897002,2.0572429095972105e-10,
GW200129_065458,C01:SEOBNRv4PHM,failing,v1.0,1264315894.4332137,C,7.235251038615965,3.793053877849449,False,-0.4000000000109749,2.0572429095972105e-10,
GW200129_065458,C01:SEOBNRv4PHM,failing,v1.0,1264315894.4332137,ref,5.348881058286759,3.793053877849449,False,0.09999999998897002,2.0572429095972105e-10,
GW200129_065458,C01:SEOBNRv4PHM,failing,v1.0,1264316326.4332137,C,6.9331874252283185,3.793053877849449,False,0.14999999998896452,2.0572429095972105e-10,
GW200129_065458,C01:SEOBNRv4PHM,failing,v1.0,1264316326.4332137,ref,5.414617605230209,3.793053877849449,False,-0.15000000001100244,2.0572429095972105e-10,
GW200129_065458,C01:SEOBNRv4PHM,failing,v1.0,1264315822.4332137,C,14.204273098546986,3.793053877849449,False,1.1499999999888544,2.0572429095972105e-10,
GW200129_065458,C01:SEOBNRv4PHM,failing,v1.0,1264315822.4332137,ref,5.94217129508486,3.793053877849449,False,-1.1018963519404679e-11,2.0572429095972105e-10,
GW200129_065458,C01:SEOBNRv4PHM,failing,v1.0,1264316398.4332137,C,1.8086399834729443,3.793053877849449,True,-0.05000000001101346,2.0572429095972105e-10,
GW200129_065458,C01:SEOBNRv4PHM,failing,v1.0,1264316398.4332137,ref,1.1363459484096157,3.793053877849449,True,-0.05000000001101346,2.0572429095972105e-10,
GW200129_065458,C01:SEOBNRv4PHM,failing,b,1264316038.4332137,C,0.8109261358110751,3.5950177760941275,True,0.9499999999888764,1.8539230263619476e-10,12
GW200129_065458,C01:SEOBNRv4PHM,failing,b,1264316038.4332137,ref,1.223062216745716,3.5950177760941275,True,-0.05000000001101346,1.8539230263619476e-10,12
GW200129_065458,C01:SEOBNRv4PHM,failing,b,1264316182.4332137,C,1.081272183171525,3.5950177760941275,True,-2.6000000000107324,1.8539230263619476e-10,12
GW200129_065458,C01:SEOBNRv4PHM,failing,b,1264316182.4332137,ref,1.2976404420369723,3.5950177760941275,True,0.04999999998897553,1.8539230263619476e-10,12
GW200129_065458,C01:SEOBNRv4PHM,failing,b,1264315966.4332137,C,0.0039498923154239925,3.5950177760941275,True,-0.05000000001101346,1.8539230263619476e-10,12
GW200129_065458,C01:SEOBNRv4PHM,failing,b,1264315966.4332137,ref,0.005016579104291155,3.5950177760941275,True,0.04999999998897553,1.8539230263619476e-10,12
GW200129_065458,C01:SEOBNRv4PHM,failing,b,1264316254.4332137,C,8.126735996310549,3.5950177760941275,False,-0.25000000001099143,1.8539230263619476e-10,12
GW200129_065458,C01:SEOBNRv4PHM,failing,b,1264316254.4332137,ref,5.218706073608197,3.5950177760941275,False,0.09999999998897002,1.8539230263619476e-10,12
GW200129_065458,C01:SEOBNRv4PHM,failing,b,1264315894.4332137,C,9.97090329773517,3.5950177760941275,False,-0.4000000000109749,1.8539230263619476e-10,12
GW200129_065458,C01:SEOBNRv4PHM,failing,b,1264315894.4332137,ref,2.4346554447879205,3.5950177760941275,True,0.09999999998897002,1.8539230263619476e-10,12
GW200129_065458,C01:SEOBNRv4PHM,failing,b,1264316326.4332137,C,2.530444336557567,3.5950177760941275,True,0.14999999998896452,1.8539230263619476e-10,12
GW200129_065458,C01:SEOBNRv4PHM,failing,b,1264316326.4332137,ref,3.1948693080217185,3.5950177760941275,True,-0.15000000001100244,1.8539230263619476e-10,12
GW200129_065458,C01:SEOBNRv4PHM,failing,b,1264315822.4332137,C,0.41550664971651674,3.5950177760941275,True,1.1499999999888544,1.8539230263619476e-10,12
GW200129_065458,C01:SEOBNRv4PHM,failing,b,1264315822.4332137,ref,0.030140317855485828,3.5950177760941275,True,-1.1018963519404679e-11,1.8539230263619476e-10,12
GW200129_065458,C01:SEOBNRv4PHM,failing,b,1264316398.4332137,C,0.0431506299412113,3.5950177760941275,True,-0.05000000001101346,1.8539230263619476e-10,12
GW200129_065458,C01:SEOBNRv4PHM,failing,b,1264316398.4332137,ref,0.9329171931665514,3.5950177760941275,True,-0.05000000001101346,1.8539230263619476e-10,12
GW200129_065458,C01:SEOBNRv4PHM,failing,a,1264316038.4332137,C,9.672388458691765,4.501697083412185,False,5.449999999988381,2.90948084043803e-10,8
GW200129_065458,C01:SEOBNRv4PHM,failing,a,1264316038.4332137,ref,2.6865066930603128,4.501697083412185,True,0.14999999998896452,2.90948084043803e-10,8
GW200129_065458,C01:SEOBNRv4PHM,failing,a,1264316182.4332137,C,3.8679002304843095,4.501697083412185,True,1.8499999999887773,2.90948084043803e-10,8
GW200129_065458,C01:SEOBNRv4PHM,failing,a,1264316182.4332137,ref,2.665303644515605,4.501697083412185,True,0.04999999998897553,2.90948084043803e-10,8
GW200129_065458,C01:SEOBNRv4PHM,failing,a,1264315966.4332137,C,10.161122484627684,4.501697083412185,False,4.399999999988497,2.90948084043803e-10,8
GW200129_065458,C01:SEOBNRv4PHM,failing,a,1264315966.4332137,ref,0.028043463034743903,4.501697083412185,True,0.04999999998897553,2.90948084043803e-10,8
GW200129_065458,C01:SEOBNRv4PHM,failing,a,1264316254.4332137,C,6.297364128617591,4.501697083412185,False,4.149999999988524,2.90948084043803e-10,8
GW200129_065458,C01:SEOBNRv4PHM,failing,a,1264316254.4332137,ref,0.4817426810184858,4.501697083412185,True,-0.15000000001100244,2.90948084043803e-10,8
GW200129_065458,C01:SEOBNRv4PHM,failing,a,1264315894.4332137,C,0.4429440448139076,4.501697083412185,True,4.049999999988535,2.90948084043803e-10,8
GW200129_065458,C01:SEOBNRv4PHM,failing,a,1264315894.4332137,ref,0.1913405068116083,4.501697083412185,True,-1.1018963519404679e-11,2.90948084043803e-10,8
GW200129_065458,C01:SEOBNRv4PHM,failing,a,1264316326.4332137,C,5.386895395732389,4.501697083412185,False,4.54999999998848,2.90948084043803e-10,8
GW200129_065458,C01:SEOBNRv4PHM,failing,a,1264316326.4332137,ref,5.738503860292729,4.501697083412185,False,-1.1018963519404679e-11,2.90948084043803e-10,8
GW200129_065458,C01:SEOBNRv4PHM,failing,a,1264315822.4332137,C,10.947554561050895,4.501697083412185,False,5.649999999988359,2.90948084043803e-10,8
GW200129_065458,C01:SEOBNRv4PHM,failing,a,1264315822.4332137,ref,0.01870155506420822,4.501697083412185,True,-1.1018963519404679e-11,2.90948084043803e-10,8
GW200129_065458,C01:SEOBNRv4PHM,failing,a,1264316398.4332137,C,4.991103727430838,4.501697083412185,False,4.399999999988497,2.90948084043803e-10,8
GW200129_065458,C01:SEOBNRv4PHM,failing,a,1264316398.4332137,ref,6.054865813394386,4.501697083412185,False,-0.25000000001099143,2.90948084043803e-10,8
GW190408_181802,C01:SEOBNRv4PHM,control,v1.0,1238782622.3007812,C,9.152369501408252,4.560894909231976,False,0.9499999999888764,7.719168515940497e-11,
GW190408_181802,C01:SEOBNRv4PHM,control,v1.0,1238782622.3007812,ref,7.150637094022766,4.560894909231976,False,0.04999999998897553,7.719168515940497e-11,
GW190408_181802,C01:SEOBNRv4PHM,control,v1.0,1238782766.3007812,C,7.233170670098074,4.560894909231976,False,0.09999999998897002,7.719168515940497e-11,
GW190408_181802,C01:SEOBNRv4PHM,control,v1.0,1238782766.3007812,ref,7.323764534237732,4.560894909231976,False,0.04999999998897553,7.719168515940497e-11,
GW190408_181802,C01:SEOBNRv4PHM,control,v1.0,1238782550.3007812,C,0.9381463363442857,4.560894909231976,True,-0.4000000000109749,7.719168515940497e-11,
GW190408_181802,C01:SEOBNRv4PHM,control,v1.0,1238782550.3007812,ref,0.7474497267194071,4.560894909231976,True,0.14999999998896452,7.719168515940497e-11,
GW190408_181802,C01:SEOBNRv4PHM,control,v1.0,1238782838.3007812,C,2.12330720384493,4.560894909231976,True,-0.3000000000109859,7.719168515940497e-11,
GW190408_181802,C01:SEOBNRv4PHM,control,v1.0,1238782838.3007812,ref,0.4285528664612376,4.560894909231976,True,0.04999999998897553,7.719168515940497e-11,
GW190408_181802,C01:SEOBNRv4PHM,control,v1.0,1238782478.3007812,C,3.883058529140369,4.560894909231976,True,1.9999999999887608,7.719168515940497e-11,
GW190408_181802,C01:SEOBNRv4PHM,control,v1.0,1238782478.3007812,ref,2.6890889258374555,4.560894909231976,True,0.04999999998897553,7.719168515940497e-11,
GW190408_181802,C01:SEOBNRv4PHM,control,v1.0,1238782910.3007812,C,0.47963742873788384,4.560894909231976,True,0.49999999998892597,7.719168515940497e-11,
GW190408_181802,C01:SEOBNRv4PHM,control,v1.0,1238782910.3007812,ref,3.2776149535106267,4.560894909231976,True,-1.1018963519404679e-11,7.719168515940497e-11,
GW190408_181802,C01:SEOBNRv4PHM,control,v1.0,1238782406.3007812,C,0.026777350037915537,4.560894909231976,True,-0.20000000001099694,7.719168515940497e-11,
GW190408_181802,C01:SEOBNRv4PHM,control,v1.0,1238782406.3007812,ref,0.023906712850144018,4.560894909231976,True,-0.15000000001100244,7.719168515940497e-11,
GW190408_181802,C01:SEOBNRv4PHM,control,v1.0,1238782982.3007812,C,1.3954290236543474,4.560894909231976,True,0.7499999999888984,7.719168515940497e-11,
GW190408_181802,C01:SEOBNRv4PHM,control,v1.0,1238782982.3007812,ref,1.626832649093716,4.560894909231976,True,0.399999999988937,7.719168515940497e-11,
GW190408_181802,C01:SEOBNRv4PHM,control,b,1238782622.3007812,C,7.804780364118394,4.873746997986246,False,0.9499999999888764,6.925056153452839e-11,41
GW190408_181802,C01:SEOBNRv4PHM,control,b,1238782622.3007812,ref,8.573726583428577,4.873746997986246,False,0.04999999998897553,6.925056153452839e-11,41
GW190408_181802,C01:SEOBNRv4PHM,control,b,1238782766.3007812,C,2.1980459758449316,4.873746997986246,True,0.09999999998897002,6.925056153452839e-11,41
GW190408_181802,C01:SEOBNRv4PHM,control,b,1238782766.3007812,ref,1.9623513353228519,4.873746997986246,True,0.04999999998897553,6.925056153452839e-11,41
GW190408_181802,C01:SEOBNRv4PHM,control,b,1238782550.3007812,C,4.0306374464619354,4.873746997986246,True,-0.4000000000109749,6.925056153452839e-11,41
GW190408_181802,C01:SEOBNRv4PHM,control,b,1238782550.3007812,ref,3.432561354600092,4.873746997986246,True,0.14999999998896452,6.925056153452839e-11,41
GW190408_181802,C01:SEOBNRv4PHM,control,b,1238782838.3007812,C,3.1141461517126006,4.873746997986246,True,-0.3000000000109859,6.925056153452839e-11,41
GW190408_181802,C01:SEOBNRv4PHM,control,b,1238782838.3007812,ref,2.9060081864909444,4.873746997986246,True,0.04999999998897553,6.925056153452839e-11,41
GW190408_181802,C01:SEOBNRv4PHM,control,b,1238782478.3007812,C,3.1944519256745387,4.873746997986246,True,1.9999999999887608,6.925056153452839e-11,41
GW190408_181802,C01:SEOBNRv4PHM,control,b,1238782478.3007812,ref,3.3241703061749357,4.873746997986246,True,0.04999999998897553,6.925056153452839e-11,41
GW190408_181802,C01:SEOBNRv4PHM,control,b,1238782910.3007812,C,3.867323040637575,4.873746997986246,True,0.49999999998892597,6.925056153452839e-11,41
GW190408_181802,C01:SEOBNRv4PHM,control,b,1238782910.3007812,ref,3.596099682233004,4.873746997986246,True,-1.1018963519404679e-11,6.925056153452839e-11,41
GW190408_181802,C01:SEOBNRv4PHM,control,b,1238782406.3007812,C,0.2395132419730514,4.873746997986246,True,-0.20000000001099694,6.925056153452839e-11,41
GW190408_181802,C01:SEOBNRv4PHM,control,b,1238782406.3007812,ref,0.16089329869169672,4.873746997986246,True,-0.15000000001100244,6.925056153452839e-11,41
GW190408_181802,C01:SEOBNRv4PHM,control,b,1238782982.3007812,C,1.8264133092363202,4.873746997986246,True,0.7499999999888984,6.925056153452839e-11,41
GW190408_181802,C01:SEOBNRv4PHM,control,b,1238782982.3007812,ref,1.9834061086304602,4.873746997986246,True,0.399999999988937,6.925056153452839e-11,41
GW190408_181802,C01:SEOBNRv4PHM,control,a,1238782622.3007812,C,4.833864119947699,5.122650569192423,True,0.9499999999888764,1.6420262904554896e-10,19
GW190408_181802,C01:SEOBNRv4PHM,control,a,1238782622.3007812,ref,3.322244715322081,5.122650569192423,True,-1.1018963519404679e-11,1.6420262904554896e-10,19
GW190408_181802,C01:SEOBNRv4PHM,control,a,1238782766.3007812,C,5.579706783454182,5.122650569192423,False,0.299999999988948,1.6420262904554896e-10,19
GW190408_181802,C01:SEOBNRv4PHM,control,a,1238782766.3007812,ref,3.7087004860174284,5.122650569192423,True,0.04999999998897553,1.6420262904554896e-10,19
GW190408_181802,C01:SEOBNRv4PHM,control,a,1238782550.3007812,C,3.3949967816546325,5.122650569192423,True,-0.4000000000109749,1.6420262904554896e-10,19
GW190408_181802,C01:SEOBNRv4PHM,control,a,1238782550.3007812,ref,3.2448923762128157,5.122650569192423,True,0.09999999998897002,1.6420262904554896e-10,19
GW190408_181802,C01:SEOBNRv4PHM,control,a,1238782838.3007812,C,1.2558991198060312,5.122650569192423,True,-0.15000000001100244,1.6420262904554896e-10,19
GW190408_181802,C01:SEOBNRv4PHM,control,a,1238782838.3007812,ref,3.1264454765879037,5.122650569192423,True,0.04999999998897553,1.6420262904554896e-10,19
GW190408_181802,C01:SEOBNRv4PHM,control,a,1238782478.3007812,C,3.4263130583925134,5.122650569192423,True,2.199999999988739,1.6420262904554896e-10,19
GW190408_181802,C01:SEOBNRv4PHM,control,a,1238782478.3007812,ref,1.8842616951663556,5.122650569192423,True,0.04999999998897553,1.6420262904554896e-10,19
GW190408_181802,C01:SEOBNRv4PHM,control,a,1238782910.3007812,C,3.777622357461018,5.122650569192423,True,0.599999999988915,1.6420262904554896e-10,19
GW190408_181802,C01:SEOBNRv4PHM,control,a,1238782910.3007812,ref,4.214261785620009,5.122650569192423,True,-1.1018963519404679e-11,1.6420262904554896e-10,19
GW190408_181802,C01:SEOBNRv4PHM,control,a,1238782406.3007812,C,2.2577347894626003,5.122650569192423,True,-0.10000000001100795,1.6420262904554896e-10,19
GW190408_181802,C01:SEOBNRv4PHM,control,a,1238782406.3007812,ref,2.2635892978012757,5.122650569192423,True,-0.15000000001100244,1.6420262904554896e-10,19
GW190408_181802,C01:SEOBNRv4PHM,control,a,1238782982.3007812,C,0.12362379758893427,5.122650569192423,True,0.9499999999888764,1.6420262904554896e-10,19
GW190408_181802,C01:SEOBNRv4PHM,control,a,1238782982.3007812,ref,0.3691255295384448,5.122650569192423,True,0.49999999998892597,1.6420262904554896e-10,19
GW191216_213338,C01:SEOBNRv4PHM,control,v1.0,1260567142.4871178,C,2.6775452058666693,5.630041821309614,True,3.199999999988629,5.3146146120252904e-11,
GW191216_213338,C01:SEOBNRv4PHM,control,v1.0,1260567142.4871178,ref,1.5420017772545034,5.630041821309614,True,0.04999999998897553,5.3146146120252904e-11,
GW191216_213338,C01:SEOBNRv4PHM,control,v1.0,1260567302.4871178,C,3.6253215073589216,5.630041821309614,True,-1.7000000000108317,5.3146146120252904e-11,
GW191216_213338,C01:SEOBNRv4PHM,control,v1.0,1260567302.4871178,ref,4.389886793044972,5.630041821309614,True,-1.1018963519404679e-11,5.3146146120252904e-11,
GW191216_213338,C01:SEOBNRv4PHM,control,v1.0,1260567062.4871178,C,2.8457504155406923,5.630041821309614,True,38.04999999998479,5.3146146120252904e-11,
GW191216_213338,C01:SEOBNRv4PHM,control,v1.0,1260567062.4871178,ref,2.1178948986834243,5.630041821309614,True,-0.15000000001100244,5.3146146120252904e-11,
GW191216_213338,C01:SEOBNRv4PHM,control,v1.0,1260567382.4871178,C,1.6488966053006808,5.630041821309614,True,-3.35000000001065,5.3146146120252904e-11,
GW191216_213338,C01:SEOBNRv4PHM,control,v1.0,1260567382.4871178,ref,1.8047787315564827,5.630041821309614,True,0.04999999998897553,5.3146146120252904e-11,
GW191216_213338,C01:SEOBNRv4PHM,control,v1.0,1260566982.4871178,C,5.3951674220941195,5.630041821309614,True,-2.8000000000107104,5.3146146120252904e-11,
GW191216_213338,C01:SEOBNRv4PHM,control,v1.0,1260566982.4871178,ref,4.731625924445278,5.630041821309614,True,-0.05000000001101346,5.3146146120252904e-11,
GW191216_213338,C01:SEOBNRv4PHM,control,v1.0,1260567462.4871178,C,1.3816107153505572,5.630041821309614,True,-2.5000000000107434,5.3146146120252904e-11,
GW191216_213338,C01:SEOBNRv4PHM,control,v1.0,1260567462.4871178,ref,1.416859997758987,5.630041821309614,True,-0.10000000001100795,5.3146146120252904e-11,
GW191216_213338,C01:SEOBNRv4PHM,control,v1.0,1260566902.4871178,C,0.6671081638551708,5.630041821309614,True,-2.850000000010705,5.3146146120252904e-11,
GW191216_213338,C01:SEOBNRv4PHM,control,v1.0,1260566902.4871178,ref,1.8513187686965944,5.630041821309614,True,-0.05000000001101346,5.3146146120252904e-11,
GW191216_213338,C01:SEOBNRv4PHM,control,v1.0,1260567542.4871178,C,3.173935235178031,5.630041821309614,True,13.89999999998745,5.3146146120252904e-11,
GW191216_213338,C01:SEOBNRv4PHM,control,v1.0,1260567542.4871178,ref,3.0708257224327813,5.630041821309614,True,0.04999999998897553,5.3146146120252904e-11,
GW191216_213338,C01:SEOBNRv4PHM,control,b,1260567142.4871178,C,0.3915758297266898,4.515691489322592,True,3.199999999988629,4.639821705577081e-11,37
GW191216_213338,C01:SEOBNRv4PHM,control,b,1260567142.4871178,ref,0.5125266416309887,4.515691489322592,True,0.04999999998897553,4.639821705577081e-11,37
GW191216_213338,C01:SEOBNRv4PHM,control,b,1260567302.4871178,C,0.9915499549816358,4.515691489322592,True,-1.7000000000108317,4.639821705577081e-11,37
GW191216_213338,C01:SEOBNRv4PHM,control,b,1260567302.4871178,ref,1.0887364574894107,4.515691489322592,True,-1.1018963519404679e-11,4.639821705577081e-11,37
GW191216_213338,C01:SEOBNRv4PHM,control,b,1260567062.4871178,C,0.22183145134075954,4.515691489322592,True,38.04999999998479,4.639821705577081e-11,37
GW191216_213338,C01:SEOBNRv4PHM,control,b,1260567062.4871178,ref,0.5040445874319391,4.515691489322592,True,-0.15000000001100244,4.639821705577081e-11,37
GW191216_213338,C01:SEOBNRv4PHM,control,b,1260567382.4871178,C,0.5119857037977608,4.515691489322592,True,-3.35000000001065,4.639821705577081e-11,37
GW191216_213338,C01:SEOBNRv4PHM,control,b,1260567382.4871178,ref,0.3816859122674281,4.515691489322592,True,0.04999999998897553,4.639821705577081e-11,37
GW191216_213338,C01:SEOBNRv4PHM,control,b,1260566982.4871178,C,1.0632433465498985,4.515691489322592,True,-2.8000000000107104,4.639821705577081e-11,37
GW191216_213338,C01:SEOBNRv4PHM,control,b,1260566982.4871178,ref,1.3806213765375732,4.515691489322592,True,-0.05000000001101346,4.639821705577081e-11,37
GW191216_213338,C01:SEOBNRv4PHM,control,b,1260567462.4871178,C,5.070208087481027,4.515691489322592,False,-2.5000000000107434,4.639821705577081e-11,37
GW191216_213338,C01:SEOBNRv4PHM,control,b,1260567462.4871178,ref,3.905339487963614,4.515691489322592,True,-0.10000000001100795,4.639821705577081e-11,37
GW191216_213338,C01:SEOBNRv4PHM,control,b,1260566902.4871178,C,3.1336697017737203,4.515691489322592,True,-2.850000000010705,4.639821705577081e-11,37
GW191216_213338,C01:SEOBNRv4PHM,control,b,1260566902.4871178,ref,3.7230390045882427,4.515691489322592,True,-0.05000000001101346,4.639821705577081e-11,37
GW191216_213338,C01:SEOBNRv4PHM,control,b,1260567542.4871178,C,1.241791838055097,4.515691489322592,True,13.89999999998745,4.639821705577081e-11,37
GW191216_213338,C01:SEOBNRv4PHM,control,b,1260567542.4871178,ref,0.9415258764484609,4.515691489322592,True,0.04999999998897553,4.639821705577081e-11,37
GW191216_213338,C01:SEOBNRv4PHM,control,a,1260567142.4871178,C,1.1008200517605808,5.599070170945208,True,4.899999999988442,8.484585997333083e-11,39
GW191216_213338,C01:SEOBNRv4PHM,control,a,1260567142.4871178,ref,1.5059723190347878,5.599070170945208,True,-1.1018963519404679e-11,8.484585997333083e-11,39
GW191216_213338,C01:SEOBNRv4PHM,control,a,1260567302.4871178,C,2.4976982003178088,5.599070170945208,True,-1.1018963519404679e-11,8.484585997333083e-11,39
GW191216_213338,C01:SEOBNRv4PHM,control,a,1260567302.4871178,ref,2.3432619899687936,5.599070170945208,True,-1.1018963519404679e-11,8.484585997333083e-11,39
GW191216_213338,C01:SEOBNRv4PHM,control,a,1260567062.4871178,C,3.733078138160308,5.599070170945208,True,39.699999999984605,8.484585997333083e-11,39
GW191216_213338,C01:SEOBNRv4PHM,control,a,1260567062.4871178,ref,3.41086644322308,5.599070170945208,True,-1.1018963519404679e-11,8.484585997333083e-11,39
GW191216_213338,C01:SEOBNRv4PHM,control,a,1260567382.4871178,C,1.2663518535325546,5.599070170945208,True,-1.6000000000108427,8.484585997333083e-11,39
GW191216_213338,C01:SEOBNRv4PHM,control,a,1260567382.4871178,ref,1.04140168352235,5.599070170945208,True,-0.10000000001100795,8.484585997333083e-11,39
GW191216_213338,C01:SEOBNRv4PHM,control,a,1260566982.4871178,C,2.1978196258225475,5.599070170945208,True,-1.1000000000108978,8.484585997333083e-11,39
GW191216_213338,C01:SEOBNRv4PHM,control,a,1260566982.4871178,ref,4.119973909676331,5.599070170945208,True,-0.10000000001100795,8.484585997333083e-11,39
GW191216_213338,C01:SEOBNRv4PHM,control,a,1260567462.4871178,C,1.2573401789823337,5.599070170945208,True,-0.7500000000109364,8.484585997333083e-11,39
GW191216_213338,C01:SEOBNRv4PHM,control,a,1260567462.4871178,ref,1.3374137351359467,5.599070170945208,True,-0.20000000001099694,8.484585997333083e-11,39
GW191216_213338,C01:SEOBNRv4PHM,control,a,1260566902.4871178,C,2.1068330284351013,5.599070170945208,True,-1.1500000000108923,8.484585997333083e-11,39
GW191216_213338,C01:SEOBNRv4PHM,control,a,1260566902.4871178,ref,2.2164592866630297,5.599070170945208,True,-0.05000000001101346,8.484585997333083e-11,39
GW191216_213338,C01:SEOBNRv4PHM,control,a,1260567542.4871178,C,2.5992446010246013,5.599070170945208,True,15.599999999987263,8.484585997333083e-11,39
GW191216_213338,C01:SEOBNRv4PHM,control,a,1260567542.4871178,ref,2.554199996231198,5.599070170945208,True,-1.1018963519404679e-11,8.484585997333083e-11,39
GW200112_155838,C01:SEOBNRv4PHM,control,v1.0,1262879866.103515,C,2.0780898741515124,4.0807647121941395,True,40.6499999999845,3.934688025037009e-10,
GW200112_155838,C01:SEOBNRv4PHM,control,v1.0,1262879866.103515,ref,3.5814635481791477,4.0807647121941395,True,-0.10000000001100795,3.934688025037009e-10,
GW200112_155838,C01:SEOBNRv4PHM,control,v1.0,1262880002.103515,C,0.17958951242759813,4.0807647121941395,True,39.7999999999846,3.934688025037009e-10,
GW200112_155838,C01:SEOBNRv4PHM,control,v1.0,1262880002.103515,ref,1.7108222568021993,4.0807647121941395,True,0.09999999998897002,3.934688025037009e-10,
GW200112_155838,C01:SEOBNRv4PHM,control,v1.0,1262879798.103515,C,0.5403746936811089,4.0807647121941395,True,37.84999999998481,3.934688025037009e-10,
GW200112_155838,C01:SEOBNRv4PHM,control,v1.0,1262879798.103515,ref,0.24995874248449435,4.0807647121941395,True,-0.20000000001099694,3.934688025037009e-10,
GW200112_155838,C01:SEOBNRv4PHM,control,v1.0,1262880070.103515,C,1.4119231072315093,4.0807647121941395,True,40.09999999998456,3.934688025037009e-10,
GW200112_155838,C01:SEOBNRv4PHM,control,v1.0,1262880070.103515,ref,2.343576086043189,4.0807647121941395,True,-0.05000000001101346,3.934688025037009e-10,
GW200112_155838,C01:SEOBNRv4PHM,control,v1.0,1262879730.103515,C,4.305487348837882,4.0807647121941395,False,41.099999999984455,3.934688025037009e-10,
GW200112_155838,C01:SEOBNRv4PHM,control,v1.0,1262879730.103515,ref,4.471168916588676,4.0807647121941395,False,0.299999999988948,3.934688025037009e-10,
GW200112_155838,C01:SEOBNRv4PHM,control,v1.0,1262880138.103515,C,0.13867432328577411,4.0807647121941395,True,37.89999999998481,3.934688025037009e-10,
GW200112_155838,C01:SEOBNRv4PHM,control,v1.0,1262880138.103515,ref,0.011872990911107181,4.0807647121941395,True,0.199999999988959,3.934688025037009e-10,
GW200112_155838,C01:SEOBNRv4PHM,control,v1.0,1262879662.103515,C,3.1884268016600936,4.0807647121941395,True,40.799999999984486,3.934688025037009e-10,
GW200112_155838,C01:SEOBNRv4PHM,control,v1.0,1262879662.103515,ref,2.8892404321622203,4.0807647121941395,True,-0.15000000001100244,3.934688025037009e-10,
GW200112_155838,C01:SEOBNRv4PHM,control,v1.0,1262880206.103515,C,1.5939056991614016,4.0807647121941395,True,39.54999999998463,3.934688025037009e-10,
GW200112_155838,C01:SEOBNRv4PHM,control,v1.0,1262880206.103515,ref,0.5424661457148678,4.0807647121941395,True,0.199999999988959,3.934688025037009e-10,
GW200112_155838,C01:SEOBNRv4PHM,control,b,1262879866.103515,C,2.0535595476483035,3.903457201390851,True,40.6499999999845,5.997985773628255e-10,29
GW200112_155838,C01:SEOBNRv4PHM,control,b,1262879866.103515,ref,1.8905992151460496,3.903457201390851,True,-0.10000000001100795,5.997985773628255e-10,29
GW200112_155838,C01:SEOBNRv4PHM,control,b,1262880002.103515,C,0.09110857048936731,3.903457201390851,True,39.7999999999846,5.997985773628255e-10,29
GW200112_155838,C01:SEOBNRv4PHM,control,b,1262880002.103515,ref,0.09669289630340522,3.903457201390851,True,0.09999999998897002,5.997985773628255e-10,29
GW200112_155838,C01:SEOBNRv4PHM,control,b,1262879798.103515,C,0.14599238870667117,3.903457201390851,True,37.84999999998481,5.997985773628255e-10,29
GW200112_155838,C01:SEOBNRv4PHM,control,b,1262879798.103515,ref,0.13000584820151842,3.903457201390851,True,-0.20000000001099694,5.997985773628255e-10,29
GW200112_155838,C01:SEOBNRv4PHM,control,b,1262880070.103515,C,2.682825142998695,3.903457201390851,True,40.09999999998456,5.997985773628255e-10,29
GW200112_155838,C01:SEOBNRv4PHM,control,b,1262880070.103515,ref,0.15120502913534226,3.903457201390851,True,-0.05000000001101346,5.997985773628255e-10,29
GW200112_155838,C01:SEOBNRv4PHM,control,b,1262879730.103515,C,2.2773029582251505,3.903457201390851,True,41.099999999984455,5.997985773628255e-10,29
GW200112_155838,C01:SEOBNRv4PHM,control,b,1262879730.103515,ref,1.3327122166475938,3.903457201390851,True,0.299999999988948,5.997985773628255e-10,29
GW200112_155838,C01:SEOBNRv4PHM,control,b,1262880138.103515,C,0.46594356245834595,3.903457201390851,True,37.89999999998481,5.997985773628255e-10,29
GW200112_155838,C01:SEOBNRv4PHM,control,b,1262880138.103515,ref,0.5123381604845555,3.903457201390851,True,0.199999999988959,5.997985773628255e-10,29
GW200112_155838,C01:SEOBNRv4PHM,control,b,1262879662.103515,C,1.5298451571615255,3.903457201390851,True,40.799999999984486,5.997985773628255e-10,29
GW200112_155838,C01:SEOBNRv4PHM,control,b,1262879662.103515,ref,1.245794230148336,3.903457201390851,True,-0.15000000001100244,5.997985773628255e-10,29
GW200112_155838,C01:SEOBNRv4PHM,control,b,1262880206.103515,C,3.0707643305513947,3.903457201390851,True,39.54999999998463,5.997985773628255e-10,29
GW200112_155838,C01:SEOBNRv4PHM,control,b,1262880206.103515,ref,3.0669873567708565,3.903457201390851,True,0.199999999988959,5.997985773628255e-10,29
GW200112_155838,C01:SEOBNRv4PHM,control,a,1262879866.103515,C,4.78246840026846,5.198364733011607,True,0.49999999998892597,3.8961600035235533e-10,20
GW200112_155838,C01:SEOBNRv4PHM,control,a,1262879866.103515,ref,2.8952040391360923,5.198364733011607,True,-0.10000000001100795,3.8961600035235533e-10,20
GW200112_155838,C01:SEOBNRv4PHM,control,a,1262880002.103515,C,1.5242091263443838,5.198364733011607,True,-0.3000000000109859,3.8961600035235533e-10,20
GW200112_155838,C01:SEOBNRv4PHM,control,a,1262880002.103515,ref,0.1042820681952535,5.198364733011607,True,0.04999999998897553,3.8961600035235533e-10,20
GW200112_155838,C01:SEOBNRv4PHM,control,a,1262879798.103515,C,10.908598303070253,5.198364733011607,False,-2.1000000000107875,3.8961600035235533e-10,20
GW200112_155838,C01:SEOBNRv4PHM,control,a,1262879798.103515,ref,10.443244411530422,5.198364733011607,False,-0.05000000001101346,3.8961600035235533e-10,20
GW200112_155838,C01:SEOBNRv4PHM,control,a,1262880070.103515,C,4.381180265826461,5.198364733011607,True,0.09999999998897002,3.8961600035235533e-10,20
GW200112_155838,C01:SEOBNRv4PHM,control,a,1262880070.103515,ref,4.560849220536275,5.198364733011607,True,-1.1018963519404679e-11,3.8961600035235533e-10,20
GW200112_155838,C01:SEOBNRv4PHM,control,a,1262879730.103515,C,0.05012255301716933,5.198364733011607,True,1.1499999999888544,3.8961600035235533e-10,20
GW200112_155838,C01:SEOBNRv4PHM,control,a,1262879730.103515,ref,0.020572804884740396,5.198364733011607,True,0.04999999998897553,3.8961600035235533e-10,20
GW200112_155838,C01:SEOBNRv4PHM,control,a,1262880138.103515,C,3.407496556844503,5.198364733011607,True,-2.150000000010782,3.8961600035235533e-10,20
GW200112_155838,C01:SEOBNRv4PHM,control,a,1262880138.103515,ref,3.862619407992076,5.198364733011607,True,0.04999999998897553,3.8961600035235533e-10,20
GW200112_155838,C01:SEOBNRv4PHM,control,a,1262879662.103515,C,0.45339026772282526,5.198364733011607,True,0.7499999999888984,3.8961600035235533e-10,20
GW200112_155838,C01:SEOBNRv4PHM,control,a,1262879662.103515,ref,0.29622814729151997,5.198364733011607,True,0.14999999998896452,3.8961600035235533e-10,20
GW200112_155838,C01:SEOBNRv4PHM,control,a,1262880206.103515,C,7.095529997386715,5.198364733011607,False,-0.4000000000109749,3.8961600035235533e-10,20
GW200112_155838,C01:SEOBNRv4PHM,control,a,1262880206.103515,ref,4.982105853846245,5.198364733011607,True,0.399999999988937,3.8961600035235533e-10,20
GW190519_153544,C01:SEOBNRv4PHM,control,v1.0,1242315292.3979492,C,1.8559582216968118,6.247705718784523,True,-1.5000000000108538,6.801515750072024e-10,
GW190519_153544,C01:SEOBNRv4PHM,control,v1.0,1242315292.3979492,ref,1.791993469176373,6.247705718784523,True,-1.1018963519404679e-11,6.801515750072024e-10,
GW190519_153544,C01:SEOBNRv4PHM,control,v1.0,1242315428.3979492,C,11.913602561673141,6.247705718784523,False,-4.500000000010523,6.801515750072024e-10,
GW190519_153544,C01:SEOBNRv4PHM,control,v1.0,1242315428.3979492,ref,4.151046146456306,6.247705718784523,True,-0.4500000000109694,6.801515750072024e-10,
GW190519_153544,C01:SEOBNRv4PHM,control,v1.0,1242315224.3979492,C,3.7285934240287446,6.247705718784523,True,37.699999999984826,6.801515750072024e-10,
GW190519_153544,C01:SEOBNRv4PHM,control,v1.0,1242315224.3979492,ref,2.1245103750034877,6.247705718784523,True,0.199999999988959,6.801515750072024e-10,
GW190519_153544,C01:SEOBNRv4PHM,control,v1.0,1242315496.3979492,C,2.8800142130181676,6.247705718784523,True,-0.8500000000109253,6.801515750072024e-10,
GW190519_153544,C01:SEOBNRv4PHM,control,v1.0,1242315496.3979492,ref,2.7122123461272936,6.247705718784523,True,0.6999999999889039,6.801515750072024e-10,
GW190519_153544,C01:SEOBNRv4PHM,control,v1.0,1242315156.3979492,C,7.195975613769515,6.247705718784523,False,-2.8000000000107104,6.801515750072024e-10,
GW190519_153544,C01:SEOBNRv4PHM,control,v1.0,1242315156.3979492,ref,2.9196280774712875,6.247705718784523,True,0.2499999999889535,6.801515750072024e-10,
GW190519_153544,C01:SEOBNRv4PHM,control,v1.0,1242315564.3979492,C,1.5426127723191863,6.247705718784523,True,-3.6500000000106168,6.801515750072024e-10,
GW190519_153544,C01:SEOBNRv4PHM,control,v1.0,1242315564.3979492,ref,3.424664450116142,6.247705718784523,True,-0.20000000001099694,6.801515750072024e-10,
GW190519_153544,C01:SEOBNRv4PHM,control,v1.0,1242315088.3979492,C,1.6484144046442761,6.247705718784523,True,34.39999999998519,6.801515750072024e-10,
GW190519_153544,C01:SEOBNRv4PHM,control,v1.0,1242315088.3979492,ref,3.143913576401832,6.247705718784523,True,0.6999999999889039,6.801515750072024e-10,
GW190519_153544,C01:SEOBNRv4PHM,control,v1.0,1242315632.3979492,C,3.8110291093528463,6.247705718784523,True,1.4499999999888213,6.801515750072024e-10,
GW190519_153544,C01:SEOBNRv4PHM,control,v1.0,1242315632.3979492,ref,5.114553182838684,6.247705718784523,True,-0.5000000000109639,6.801515750072024e-10,
GW190519_153544,C01:SEOBNRv4PHM,control,b,1242315292.3979492,C,4.440116515585334,5.553147072695623,True,-1.5000000000108538,5.532620325041985e-10,40
GW190519_153544,C01:SEOBNRv4PHM,control,b,1242315292.3979492,ref,4.867800466563168,5.553147072695623,True,-1.1018963519404679e-11,5.532620325041985e-10,40
GW190519_153544,C01:SEOBNRv4PHM,control,b,1242315428.3979492,C,2.7425658921477267,5.553147072695623,True,-4.500000000010523,5.532620325041985e-10,40
GW190519_153544,C01:SEOBNRv4PHM,control,b,1242315428.3979492,ref,5.290262798001157,5.553147072695623,True,-0.4500000000109694,5.532620325041985e-10,40
GW190519_153544,C01:SEOBNRv4PHM,control,b,1242315224.3979492,C,2.060948654535859,5.553147072695623,True,37.699999999984826,5.532620325041985e-10,40
GW190519_153544,C01:SEOBNRv4PHM,control,b,1242315224.3979492,ref,0.3996773326573032,5.553147072695623,True,0.199999999988959,5.532620325041985e-10,40
GW190519_153544,C01:SEOBNRv4PHM,control,b,1242315496.3979492,C,1.3232519675490377,5.553147072695623,True,-0.8500000000109253,5.532620325041985e-10,40
GW190519_153544,C01:SEOBNRv4PHM,control,b,1242315496.3979492,ref,1.2373635436368862,5.553147072695623,True,0.6999999999889039,5.532620325041985e-10,40
GW190519_153544,C01:SEOBNRv4PHM,control,b,1242315156.3979492,C,1.9135589329032172,5.553147072695623,True,-2.8000000000107104,5.532620325041985e-10,40
GW190519_153544,C01:SEOBNRv4PHM,control,b,1242315156.3979492,ref,1.8426387667005224,5.553147072695623,True,0.2499999999889535,5.532620325041985e-10,40
GW190519_153544,C01:SEOBNRv4PHM,control,b,1242315564.3979492,C,1.7450626262860887,5.553147072695623,True,-3.6500000000106168,5.532620325041985e-10,40
GW190519_153544,C01:SEOBNRv4PHM,control,b,1242315564.3979492,ref,5.325869155395207,5.553147072695623,True,-0.20000000001099694,5.532620325041985e-10,40
GW190519_153544,C01:SEOBNRv4PHM,control,b,1242315088.3979492,C,2.7215687306194427,5.553147072695623,True,34.39999999998519,5.532620325041985e-10,40
GW190519_153544,C01:SEOBNRv4PHM,control,b,1242315088.3979492,ref,2.8709718175917764,5.553147072695623,True,0.6999999999889039,5.532620325041985e-10,40
GW190519_153544,C01:SEOBNRv4PHM,control,b,1242315632.3979492,C,5.282007835661883,5.553147072695623,True,1.4499999999888213,5.532620325041985e-10,40
GW190519_153544,C01:SEOBNRv4PHM,control,b,1242315632.3979492,ref,5.026852978888952,5.553147072695623,True,-0.5000000000109639,5.532620325041985e-10,40
GW190519_153544,C01:SEOBNRv4PHM,control,a,1242315292.3979492,C,0.44980859575423016,5.604946282925018,True,3.8499999999885572,6.693188402212827e-10,28
GW190519_153544,C01:SEOBNRv4PHM,control,a,1242315292.3979492,ref,2.0642290173945153,5.604946282925018,True,-1.1018963519404679e-11,6.693188402212827e-10,28
GW190519_153544,C01:SEOBNRv4PHM,control,a,1242315428.3979492,C,0.0,5.604946282925018,True,1.5499999999888103,6.693188402212827e-10,28
GW190519_153544,C01:SEOBNRv4PHM,control,a,1242315428.3979492,ref,1.3986362792573628,5.604946282925018,True,0.04999999998897553,6.693188402212827e-10,28
GW190519_153544,C01:SEOBNRv4PHM,control,a,1242315224.3979492,C,1.645719237889197,5.604946282925018,True,29.799999999985697,6.693188402212827e-10,28
GW190519_153544,C01:SEOBNRv4PHM,control,a,1242315224.3979492,ref,1.6024631021250353,5.604946282925018,True,-0.7000000000109419,6.693188402212827e-10,28
GW190519_153544,C01:SEOBNRv4PHM,control,a,1242315496.3979492,C,4.3912706634359875,5.604946282925018,True,4.899999999988442,6.693188402212827e-10,28
GW190519_153544,C01:SEOBNRv4PHM,control,a,1242315496.3979492,ref,2.2735899989741943,5.604946282925018,True,-0.10000000001100795,6.693188402212827e-10,28
GW190519_153544,C01:SEOBNRv4PHM,control,a,1242315156.3979492,C,2.948797413958143,5.604946282925018,True,2.6499999999886894,6.693188402212827e-10,28
GW190519_153544,C01:SEOBNRv4PHM,control,a,1242315156.3979492,ref,1.6361304564443402,5.604946282925018,True,0.09999999998897002,6.693188402212827e-10,28
GW190519_153544,C01:SEOBNRv4PHM,control,a,1242315564.3979492,C,1.1624735235774661,5.604946282925018,True,2.2499999999887335,6.693188402212827e-10,28
GW190519_153544,C01:SEOBNRv4PHM,control,a,1242315564.3979492,ref,2.1163155018854183,5.604946282925018,True,-0.5000000000109639,6.693188402212827e-10,28
GW190519_153544,C01:SEOBNRv4PHM,control,a,1242315088.3979492,C,10.548478953271974,5.604946282925018,False,25.89999999998613,6.693188402212827e-10,28
GW190519_153544,C01:SEOBNRv4PHM,control,a,1242315088.3979492,ref,8.328348619797016,5.604946282925018,False,0.49999999998892597,6.693188402212827e-10,28
GW190519_153544,C01:SEOBNRv4PHM,control,a,1242315632.3979492,C,0.030194204241243333,5.604946282925018,True,6.899999999988221,6.693188402212827e-10,28
GW190519_153544,C01:SEOBNRv4PHM,control,a,1242315632.3979492,ref,0.013444419253499316,5.604946282925018,True,0.04999999998897553,6.693188402212827e-10,28
GW150914,C01:IMRPhenomXPHM,failing-XPHM,v1.0,1126259392.408404,C,1.3657498301457607,3.2597196316405403,True,0.14999999998896452,9.474792174667705e-10,
GW150914,C01:IMRPhenomXPHM,failing-XPHM,v1.0,1126259392.408404,ref,1.0054934736016923,3.2597196316405403,True,-0.15000000001100244,9.474792174667705e-10,
GW150914,C01:IMRPhenomXPHM,failing-XPHM,v1.0,1126259528.408404,C,5.273423951706523,3.2597196316405403,False,0.09999999998897002,9.474792174667705e-10,
GW150914,C01:IMRPhenomXPHM,failing-XPHM,v1.0,1126259528.408404,ref,5.291853129896888,3.2597196316405403,False,-0.05000000001101346,9.474792174667705e-10,
GW150914,C01:IMRPhenomXPHM,failing-XPHM,v1.0,1126259324.408404,C,2.470045841889961,3.2597196316405403,True,0.199999999988959,9.474792174667705e-10,
GW150914,C01:IMRPhenomXPHM,failing-XPHM,v1.0,1126259324.408404,ref,2.8463255278023905,3.2597196316405403,True,-1.1018963519404679e-11,9.474792174667705e-10,
GW150914,C01:IMRPhenomXPHM,failing-XPHM,v1.0,1126259596.408404,C,1.1847447534708577,3.2597196316405403,True,0.3499999999889425,9.474792174667705e-10,
GW150914,C01:IMRPhenomXPHM,failing-XPHM,v1.0,1126259596.408404,ref,1.06299239015179,3.2597196316405403,True,0.14999999998896452,9.474792174667705e-10,
GW150914,C01:IMRPhenomXPHM,failing-XPHM,v1.0,1126259256.408404,C,0.5400868870341651,3.2597196316405403,True,0.199999999988959,9.474792174667705e-10,
GW150914,C01:IMRPhenomXPHM,failing-XPHM,v1.0,1126259256.408404,ref,0.5265443510729673,3.2597196316405403,True,0.04999999998897553,9.474792174667705e-10,
GW150914,C01:IMRPhenomXPHM,failing-XPHM,v1.0,1126259664.408404,C,0.7374016485039712,3.2597196316405403,True,0.2499999999889535,9.474792174667705e-10,
GW150914,C01:IMRPhenomXPHM,failing-XPHM,v1.0,1126259664.408404,ref,0.0,3.2597196316405403,True,0.09999999998897002,9.474792174667705e-10,
GW150914,C01:IMRPhenomXPHM,failing-XPHM,v1.0,1126259188.408404,C,0.5538967132924981,3.2597196316405403,True,0.2499999999889535,9.474792174667705e-10,
GW150914,C01:IMRPhenomXPHM,failing-XPHM,v1.0,1126259188.408404,ref,0.6405122696154173,3.2597196316405403,True,-1.1018963519404679e-11,9.474792174667705e-10,
GW150914,C01:IMRPhenomXPHM,failing-XPHM,v1.0,1126259732.408404,C,0.7043504923844592,3.2597196316405403,True,-1.1018963519404679e-11,9.474792174667705e-10,
GW150914,C01:IMRPhenomXPHM,failing-XPHM,v1.0,1126259732.408404,ref,0.6153105877379621,3.2597196316405403,True,-0.05000000001101346,9.474792174667705e-10,
GW150914,C01:IMRPhenomXPHM,failing-XPHM,b,1126259392.408404,C,1.5000624554844486,3.0384798618991358,True,0.14999999998896452,8.872104190224769e-10,19
GW150914,C01:IMRPhenomXPHM,failing-XPHM,b,1126259392.408404,ref,0.787193121041063,3.0384798618991358,True,-0.15000000001100244,8.872104190224769e-10,19
GW150914,C01:IMRPhenomXPHM,failing-XPHM,b,1126259528.408404,C,2.3505848736773496,3.0384798618991358,True,0.09999999998897002,8.872104190224769e-10,19
GW150914,C01:IMRPhenomXPHM,failing-XPHM,b,1126259528.408404,ref,2.8185336468529814,3.0384798618991358,True,-0.05000000001101346,8.872104190224769e-10,19
GW150914,C01:IMRPhenomXPHM,failing-XPHM,b,1126259324.408404,C,2.4600085724564837,3.0384798618991358,True,0.199999999988959,8.872104190224769e-10,19
GW150914,C01:IMRPhenomXPHM,failing-XPHM,b,1126259324.408404,ref,2.786727024464732,3.0384798618991358,True,-1.1018963519404679e-11,8.872104190224769e-10,19
GW150914,C01:IMRPhenomXPHM,failing-XPHM,b,1126259596.408404,C,0.9327135600339085,3.0384798618991358,True,0.3499999999889425,8.872104190224769e-10,19
GW150914,C01:IMRPhenomXPHM,failing-XPHM,b,1126259596.408404,ref,0.9618205685465904,3.0384798618991358,True,0.14999999998896452,8.872104190224769e-10,19
GW150914,C01:IMRPhenomXPHM,failing-XPHM,b,1126259256.408404,C,0.41352545881142755,3.0384798618991358,True,0.199999999988959,8.872104190224769e-10,19
GW150914,C01:IMRPhenomXPHM,failing-XPHM,b,1126259256.408404,ref,0.34609887276800644,3.0384798618991358,True,0.04999999998897553,8.872104190224769e-10,19
GW150914,C01:IMRPhenomXPHM,failing-XPHM,b,1126259664.408404,C,0.16875994012504392,3.0384798618991358,True,0.2499999999889535,8.872104190224769e-10,19
GW150914,C01:IMRPhenomXPHM,failing-XPHM,b,1126259664.408404,ref,0.0,3.0384798618991358,True,0.09999999998897002,8.872104190224769e-10,19
GW150914,C01:IMRPhenomXPHM,failing-XPHM,b,1126259188.408404,C,0.2826440442308552,3.0384798618991358,True,0.2499999999889535,8.872104190224769e-10,19
GW150914,C01:IMRPhenomXPHM,failing-XPHM,b,1126259188.408404,ref,0.2858873546229138,3.0384798618991358,True,-1.1018963519404679e-11,8.872104190224769e-10,19
GW150914,C01:IMRPhenomXPHM,failing-XPHM,b,1126259732.408404,C,1.7751608340512952,3.0384798618991358,True,-1.1018963519404679e-11,8.872104190224769e-10,19
GW150914,C01:IMRPhenomXPHM,failing-XPHM,b,1126259732.408404,ref,1.8133517664345677,3.0384798618991358,True,-0.05000000001101346,8.872104190224769e-10,19
GW150914,C01:IMRPhenomXPHM,failing-XPHM,a,1126259392.408404,C,0.04000149161369237,3.114235975068933,True,-1.1018963519404679e-11,2.2590911635474374e-09,22
GW150914,C01:IMRPhenomXPHM,failing-XPHM,a,1126259392.408404,ref,0.03888571208719101,3.114235975068933,True,-0.15000000001100244,2.2590911635474374e-09,22
GW150914,C01:IMRPhenomXPHM,failing-XPHM,a,1126259528.408404,C,0.1011554105491092,3.114235975068933,True,-0.05000000001101346,2.2590911635474374e-09,22
GW150914,C01:IMRPhenomXPHM,failing-XPHM,a,1126259528.408404,ref,0.08266424849509187,3.114235975068933,True,-0.05000000001101346,2.2590911635474374e-09,22
GW150914,C01:IMRPhenomXPHM,failing-XPHM,a,1126259324.408404,C,2.2028574855485843,3.114235975068933,True,-1.1018963519404679e-11,2.2590911635474374e-09,22
GW150914,C01:IMRPhenomXPHM,failing-XPHM,a,1126259324.408404,ref,2.407902327016294,3.114235975068933,True,-1.1018963519404679e-11,2.2590911635474374e-09,22
GW150914,C01:IMRPhenomXPHM,failing-XPHM,a,1126259596.408404,C,0.08461411571921167,3.114235975068933,True,0.199999999988959,2.2590911635474374e-09,22
GW150914,C01:IMRPhenomXPHM,failing-XPHM,a,1126259596.408404,ref,0.07911455164732051,3.114235975068933,True,0.199999999988959,2.2590911635474374e-09,22
GW150914,C01:IMRPhenomXPHM,failing-XPHM,a,1126259256.408404,C,0.04384946276724718,3.114235975068933,True,0.04999999998897553,2.2590911635474374e-09,22
GW150914,C01:IMRPhenomXPHM,failing-XPHM,a,1126259256.408404,ref,0.04518235355689141,3.114235975068933,True,0.09999999998897002,2.2590911635474374e-09,22
GW150914,C01:IMRPhenomXPHM,failing-XPHM,a,1126259664.408404,C,0.2723412603712455,3.114235975068933,True,0.09999999998897002,2.2590911635474374e-09,22
GW150914,C01:IMRPhenomXPHM,failing-XPHM,a,1126259664.408404,ref,0.24671710034980437,3.114235975068933,True,0.14999999998896452,2.2590911635474374e-09,22
GW150914,C01:IMRPhenomXPHM,failing-XPHM,a,1126259188.408404,C,0.023346613292859943,3.114235975068933,True,0.09999999998897002,2.2590911635474374e-09,22
GW150914,C01:IMRPhenomXPHM,failing-XPHM,a,1126259188.408404,ref,0.026469312942730288,3.114235975068933,True,0.04999999998897553,2.2590911635474374e-09,22
GW150914,C01:IMRPhenomXPHM,failing-XPHM,a,1126259732.408404,C,2.309087738966171,3.114235975068933,True,-0.15000000001100244,2.2590911635474374e-09,22
GW150914,C01:IMRPhenomXPHM,failing-XPHM,a,1126259732.408404,ref,2.737708760757219,3.114235975068933,True,-0.05000000001101346,2.2590911635474374e-09,22
GW170814,C01:IMRPhenomXPHM,failing-XPHM,v1.0,1186741791.5278955,C,0.2905812623352098,4.281635746793239,True,0.04999999998897553,6.256644363074345e-10,
GW170814,C01:IMRPhenomXPHM,failing-XPHM,v1.0,1186741791.5278955,ref,0.2925166712632979,4.281635746793239,True,0.04999999998897553,6.256644363074345e-10,
GW170814,C01:IMRPhenomXPHM,failing-XPHM,v1.0,1186741927.5278955,C,4.217806560474176,4.281635746793239,True,-0.3500000000109804,6.256644363074345e-10,
GW170814,C01:IMRPhenomXPHM,failing-XPHM,v1.0,1186741927.5278955,ref,4.387784799593992,4.281635746793239,False,-0.20000000001099694,6.256644363074345e-10,
GW170814,C01:IMRPhenomXPHM,failing-XPHM,v1.0,1186741723.5278955,C,0.10563912871994875,4.281635746793239,True,-0.10000000001100795,6.256644363074345e-10,
GW170814,C01:IMRPhenomXPHM,failing-XPHM,v1.0,1186741723.5278955,ref,0.09643171497278023,4.281635746793239,True,-0.05000000001101346,6.256644363074345e-10,
GW170814,C01:IMRPhenomXPHM,failing-XPHM,v1.0,1186741995.5278955,C,0.7977769673385554,4.281635746793239,True,-0.3500000000109804,6.256644363074345e-10,
GW170814,C01:IMRPhenomXPHM,failing-XPHM,v1.0,1186741995.5278955,ref,0.8900660686750478,4.281635746793239,True,-0.15000000001100244,6.256644363074345e-10,
GW170814,C01:IMRPhenomXPHM,failing-XPHM,v1.0,1186741655.5278955,C,3.56067356643523,4.281635746793239,True,-0.25000000001099143,6.256644363074345e-10,
GW170814,C01:IMRPhenomXPHM,failing-XPHM,v1.0,1186741655.5278955,ref,3.5646843989924744,4.281635746793239,True,-0.20000000001099694,6.256644363074345e-10,
GW170814,C01:IMRPhenomXPHM,failing-XPHM,v1.0,1186742063.5278955,C,0.4539410711056604,4.281635746793239,True,-1.1018963519404679e-11,6.256644363074345e-10,
GW170814,C01:IMRPhenomXPHM,failing-XPHM,v1.0,1186742063.5278955,ref,0.4407982844960956,4.281635746793239,True,0.2499999999889535,6.256644363074345e-10,
GW170814,C01:IMRPhenomXPHM,failing-XPHM,v1.0,1186741587.5278955,C,3.6670341984980093,4.281635746793239,True,0.299999999988948,6.256644363074345e-10,
GW170814,C01:IMRPhenomXPHM,failing-XPHM,v1.0,1186741587.5278955,ref,3.4546909027618495,4.281635746793239,True,0.14999999998896452,6.256644363074345e-10,
GW170814,C01:IMRPhenomXPHM,failing-XPHM,v1.0,1186742131.5278955,C,0.4427139604261292,4.281635746793239,True,-0.20000000001099694,6.256644363074345e-10,
GW170814,C01:IMRPhenomXPHM,failing-XPHM,v1.0,1186742131.5278955,ref,0.4945046955298368,4.281635746793239,True,0.14999999998896452,6.256644363074345e-10,
GW170814,C01:IMRPhenomXPHM,failing-XPHM,b,1186741791.5278955,C,0.16209628579804342,4.589920494530909,True,0.04999999998897553,6.532259455613871e-10,31
GW170814,C01:IMRPhenomXPHM,failing-XPHM,b,1186741791.5278955,ref,0.21777122467439605,4.589920494530909,True,0.04999999998897553,6.532259455613871e-10,31
GW170814,C01:IMRPhenomXPHM,failing-XPHM,b,1186741927.5278955,C,5.959306207624911,4.589920494530909,False,-0.3500000000109804,6.532259455613871e-10,31
GW170814,C01:IMRPhenomXPHM,failing-XPHM,b,1186741927.5278955,ref,6.301757154619283,4.589920494530909,False,-0.20000000001099694,6.532259455613871e-10,31
GW170814,C01:IMRPhenomXPHM,failing-XPHM,b,1186741723.5278955,C,0.13281463726800283,4.589920494530909,True,-0.10000000001100795,6.532259455613871e-10,31
GW170814,C01:IMRPhenomXPHM,failing-XPHM,b,1186741723.5278955,ref,0.13935095420250218,4.589920494530909,True,-0.05000000001101346,6.532259455613871e-10,31
GW170814,C01:IMRPhenomXPHM,failing-XPHM,b,1186741995.5278955,C,1.4017725011924986,4.589920494530909,True,-0.3500000000109804,6.532259455613871e-10,31
GW170814,C01:IMRPhenomXPHM,failing-XPHM,b,1186741995.5278955,ref,1.412556831722571,4.589920494530909,True,-0.15000000001100244,6.532259455613871e-10,31
GW170814,C01:IMRPhenomXPHM,failing-XPHM,b,1186741655.5278955,C,3.905628329287697,4.589920494530909,True,-0.25000000001099143,6.532259455613871e-10,31
GW170814,C01:IMRPhenomXPHM,failing-XPHM,b,1186741655.5278955,ref,3.995675433453892,4.589920494530909,True,-0.20000000001099694,6.532259455613871e-10,31
GW170814,C01:IMRPhenomXPHM,failing-XPHM,b,1186742063.5278955,C,0.6823984295859166,4.589920494530909,True,-1.1018963519404679e-11,6.532259455613871e-10,31
GW170814,C01:IMRPhenomXPHM,failing-XPHM,b,1186742063.5278955,ref,0.6797305500757468,4.589920494530909,True,0.2499999999889535,6.532259455613871e-10,31
GW170814,C01:IMRPhenomXPHM,failing-XPHM,b,1186741587.5278955,C,4.742483852009671,4.589920494530909,False,0.299999999988948,6.532259455613871e-10,31
GW170814,C01:IMRPhenomXPHM,failing-XPHM,b,1186741587.5278955,ref,4.555903508052716,4.589920494530909,True,0.14999999998896452,6.532259455613871e-10,31
GW170814,C01:IMRPhenomXPHM,failing-XPHM,b,1186742131.5278955,C,1.5127559681290133,4.589920494530909,True,-0.20000000001099694,6.532259455613871e-10,31
GW170814,C01:IMRPhenomXPHM,failing-XPHM,b,1186742131.5278955,ref,1.498199713662248,4.589920494530909,True,0.14999999998896452,6.532259455613871e-10,31
GW170814,C01:IMRPhenomXPHM,failing-XPHM,a,1186741791.5278955,C,0.2691061980316975,3.9098026931539596,True,0.2499999999889535,2.047810294152451e-09,32
GW170814,C01:IMRPhenomXPHM,failing-XPHM,a,1186741791.5278955,ref,0.176889165122673,3.9098026931539596,True,0.14999999998896452,2.047810294152451e-09,32
GW170814,C01:IMRPhenomXPHM,failing-XPHM,a,1186741927.5278955,C,3.806900389046039,3.9098026931539596,True,-0.20000000001099694,2.047810294152451e-09,32
GW170814,C01:IMRPhenomXPHM,failing-XPHM,a,1186741927.5278955,ref,3.8903708529213596,3.9098026931539596,True,-0.15000000001100244,2.047810294152451e-09,32
GW170814,C01:IMRPhenomXPHM,failing-XPHM,a,1186741723.5278955,C,0.010352874282938263,3.9098026931539596,True,-1.1018963519404679e-11,2.047810294152451e-09,32
GW170814,C01:IMRPhenomXPHM,failing-XPHM,a,1186741723.5278955,ref,0.011431642256031894,3.9098026931539596,True,-0.05000000001101346,2.047810294152451e-09,32
GW170814,C01:IMRPhenomXPHM,failing-XPHM,a,1186741995.5278955,C,0.2339401399959205,3.9098026931539596,True,-0.3000000000109859,2.047810294152451e-09,32
GW170814,C01:IMRPhenomXPHM,failing-XPHM,a,1186741995.5278955,ref,0.25689016890360533,3.9098026931539596,True,-0.15000000001100244,2.047810294152451e-09,32
GW170814,C01:IMRPhenomXPHM,failing-XPHM,a,1186741655.5278955,C,2.8090543975167592,3.9098026931539596,True,-0.15000000001100244,2.047810294152451e-09,32
GW170814,C01:IMRPhenomXPHM,failing-XPHM,a,1186741655.5278955,ref,2.6942855196434583,3.9098026931539596,True,-0.20000000001099694,2.047810294152451e-09,32
GW170814,C01:IMRPhenomXPHM,failing-XPHM,a,1186742063.5278955,C,3.387295366088505,3.9098026931539596,True,0.09999999998897002,2.047810294152451e-09,32
GW170814,C01:IMRPhenomXPHM,failing-XPHM,a,1186742063.5278955,ref,3.569247978490259,3.9098026931539596,True,0.2499999999889535,2.047810294152451e-09,32
GW170814,C01:IMRPhenomXPHM,failing-XPHM,a,1186741587.5278955,C,6.382885284421449,3.9098026931539596,False,0.3499999999889425,2.047810294152451e-09,32
GW170814,C01:IMRPhenomXPHM,failing-XPHM,a,1186741587.5278955,ref,5.8797869288401445,3.9098026931539596,False,0.04999999998897553,2.047810294152451e-09,32
GW170814,C01:IMRPhenomXPHM,failing-XPHM,a,1186742131.5278955,C,0.358808056975523,3.9098026931539596,True,-0.05000000001101346,2.047810294152451e-09,32
GW170814,C01:IMRPhenomXPHM,failing-XPHM,a,1186742131.5278955,ref,0.35035186589653833,3.9098026931539596,True,0.14999999998896452,2.047810294152451e-09,32
GW190706_222641,C01:IMRPhenomXPHM,failing-XPHM,v1.0,1246487149.3007183,C,5.050341743789486,6.6820738048724735,True,-1.2500000000108813,3.0923408660991267e-09,
GW190706_222641,C01:IMRPhenomXPHM,failing-XPHM,v1.0,1246487149.3007183,ref,5.648745087944411,6.6820738048724735,True,-0.7000000000109419,3.0923408660991267e-09,
GW190706_222641,C01:IMRPhenomXPHM,failing-XPHM,v1.0,1246487285.3007183,C,4.670691639981422,6.6820738048724735,True,1.8999999999887718,3.0923408660991267e-09,
GW190706_222641,C01:IMRPhenomXPHM,failing-XPHM,v1.0,1246487285.3007183,ref,4.990086264056478,6.6820738048724735,True,0.6499999999889094,3.0923408660991267e-09,
GW190706_222641,C01:IMRPhenomXPHM,failing-XPHM,v1.0,1246487081.3007183,C,6.6344653842484105,6.6820738048724735,True,0.7499999999888984,3.0923408660991267e-09,
GW190706_222641,C01:IMRPhenomXPHM,failing-XPHM,v1.0,1246487081.3007183,ref,6.576205435126249,6.6820738048724735,True,0.3499999999889425,3.0923408660991267e-09,
GW190706_222641,C01:IMRPhenomXPHM,failing-XPHM,v1.0,1246487353.3007183,C,2.8388110602255585,6.6820738048724735,True,-0.15000000001100244,3.0923408660991267e-09,
GW190706_222641,C01:IMRPhenomXPHM,failing-XPHM,v1.0,1246487353.3007183,ref,2.8500038415715463,6.6820738048724735,True,0.14999999998896452,3.0923408660991267e-09,
GW190706_222641,C01:IMRPhenomXPHM,failing-XPHM,v1.0,1246487013.3007183,C,6.708813274805014,6.6820738048724735,False,0.49999999998892597,3.0923408660991267e-09,
GW190706_222641,C01:IMRPhenomXPHM,failing-XPHM,v1.0,1246487013.3007183,ref,7.046053884018897,6.6820738048724735,False,0.6999999999889039,3.0923408660991267e-09,
GW190706_222641,C01:IMRPhenomXPHM,failing-XPHM,v1.0,1246487421.3007183,C,2.6312725387459976,6.6820738048724735,True,0.199999999988959,3.0923408660991267e-09,
GW190706_222641,C01:IMRPhenomXPHM,failing-XPHM,v1.0,1246487421.3007183,ref,2.845659784336559,6.6820738048724735,True,0.09999999998897002,3.0923408660991267e-09,
GW190706_222641,C01:IMRPhenomXPHM,failing-XPHM,v1.0,1246486945.3007183,C,3.1183369294190246,6.6820738048724735,True,-0.5500000000109584,3.0923408660991267e-09,
GW190706_222641,C01:IMRPhenomXPHM,failing-XPHM,v1.0,1246486945.3007183,ref,2.9754179749027205,6.6820738048724735,True,-0.6500000000109474,3.0923408660991267e-09,
GW190706_222641,C01:IMRPhenomXPHM,failing-XPHM,v1.0,1246487489.3007183,C,1.9839832800375117,6.6820738048724735,True,-0.3000000000109859,3.0923408660991267e-09,
GW190706_222641,C01:IMRPhenomXPHM,failing-XPHM,v1.0,1246487489.3007183,ref,2.079035725013137,6.6820738048724735,True,0.299999999988948,3.0923408660991267e-09,
GW190706_222641,C01:IMRPhenomXPHM,failing-XPHM,b,1246487149.3007183,C,11.027119013832305,6.4979075385857135,False,-1.2500000000108813,2.6933221564374746e-09,24
GW190706_222641,C01:IMRPhenomXPHM,failing-XPHM,b,1246487149.3007183,ref,11.700929391744825,6.4979075385857135,False,-0.7000000000109419,2.6933221564374746e-09,24
GW190706_222641,C01:IMRPhenomXPHM,failing-XPHM,b,1246487285.3007183,C,5.942443388534315,6.4979075385857135,True,1.8999999999887718,2.6933221564374746e-09,24
GW190706_222641,C01:IMRPhenomXPHM,failing-XPHM,b,1246487285.3007183,ref,5.830283549058551,6.4979075385857135,True,0.6499999999889094,2.6933221564374746e-09,24
GW190706_222641,C01:IMRPhenomXPHM,failing-XPHM,b,1246487081.3007183,C,6.568333658392715,6.4979075385857135,False,0.7499999999888984,2.6933221564374746e-09,24
GW190706_222641,C01:IMRPhenomXPHM,failing-XPHM,b,1246487081.3007183,ref,6.481213184626,6.4979075385857135,True,0.3499999999889425,2.6933221564374746e-09,24
GW190706_222641,C01:IMRPhenomXPHM,failing-XPHM,b,1246487353.3007183,C,1.3088974198738574,6.4979075385857135,True,-0.15000000001100244,2.6933221564374746e-09,24
GW190706_222641,C01:IMRPhenomXPHM,failing-XPHM,b,1246487353.3007183,ref,1.4614027131926552,6.4979075385857135,True,0.14999999998896452,2.6933221564374746e-09,24
GW190706_222641,C01:IMRPhenomXPHM,failing-XPHM,b,1246487013.3007183,C,9.606268044190948,6.4979075385857135,False,0.49999999998892597,2.6933221564374746e-09,24
GW190706_222641,C01:IMRPhenomXPHM,failing-XPHM,b,1246487013.3007183,ref,9.81346804545408,6.4979075385857135,False,0.6999999999889039,2.6933221564374746e-09,24
GW190706_222641,C01:IMRPhenomXPHM,failing-XPHM,b,1246487421.3007183,C,2.0628788541750733,6.4979075385857135,True,0.199999999988959,2.6933221564374746e-09,24
GW190706_222641,C01:IMRPhenomXPHM,failing-XPHM,b,1246487421.3007183,ref,2.0724910022287477,6.4979075385857135,True,0.09999999998897002,2.6933221564374746e-09,24
GW190706_222641,C01:IMRPhenomXPHM,failing-XPHM,b,1246486945.3007183,C,2.603840320908419,6.4979075385857135,True,-0.5500000000109584,2.6933221564374746e-09,24
GW190706_222641,C01:IMRPhenomXPHM,failing-XPHM,b,1246486945.3007183,ref,2.741629593488832,6.4979075385857135,True,-0.6500000000109474,2.6933221564374746e-09,24
GW190706_222641,C01:IMRPhenomXPHM,failing-XPHM,b,1246487489.3007183,C,2.623953619308689,6.4979075385857135,True,-0.3000000000109859,2.6933221564374746e-09,24
GW190706_222641,C01:IMRPhenomXPHM,failing-XPHM,b,1246487489.3007183,ref,2.770303941435645,6.4979075385857135,True,0.299999999988948,2.6933221564374746e-09,24
GW190706_222641,C01:IMRPhenomXPHM,failing-XPHM,a,1246487149.3007183,C,4.228585528170434,5.998563705370302,True,-1.3500000000108703,3.3148162171195657e-09,29
GW190706_222641,C01:IMRPhenomXPHM,failing-XPHM,a,1246487149.3007183,ref,4.9673643256461375,5.998563705370302,True,-0.9500000000109143,3.3148162171195657e-09,29
GW190706_222641,C01:IMRPhenomXPHM,failing-XPHM,a,1246487285.3007183,C,5.36944521278766,5.998563705370302,True,1.5999999999888048,3.3148162171195657e-09,29
GW190706_222641,C01:IMRPhenomXPHM,failing-XPHM,a,1246487285.3007183,ref,5.550056834902035,5.998563705370302,True,0.7499999999888984,3.3148162171195657e-09,29
GW190706_222641,C01:IMRPhenomXPHM,failing-XPHM,a,1246487081.3007183,C,3.861557439708322,5.998563705370302,True,0.9999999999888709,3.3148162171195657e-09,29
GW190706_222641,C01:IMRPhenomXPHM,failing-XPHM,a,1246487081.3007183,ref,3.9439859356303857,5.998563705370302,True,0.5499999999889205,3.3148162171195657e-09,29
GW190706_222641,C01:IMRPhenomXPHM,failing-XPHM,a,1246487353.3007183,C,0.9741604667062139,5.998563705370302,True,0.04999999998897553,3.3148162171195657e-09,29
GW190706_222641,C01:IMRPhenomXPHM,failing-XPHM,a,1246487353.3007183,ref,0.9606264222268525,5.998563705370302,True,0.14999999998896452,3.3148162171195657e-09,29
GW190706_222641,C01:IMRPhenomXPHM,failing-XPHM,a,1246487013.3007183,C,6.887210944985446,5.998563705370302,False,0.399999999988937,3.3148162171195657e-09,29
GW190706_222641,C01:IMRPhenomXPHM,failing-XPHM,a,1246487013.3007183,ref,6.9494126283547075,5.998563705370302,False,0.7499999999888984,3.3148162171195657e-09,29
GW190706_222641,C01:IMRPhenomXPHM,failing-XPHM,a,1246487421.3007183,C,1.6507887406078843,5.998563705370302,True,0.299999999988948,3.3148162171195657e-09,29
GW190706_222641,C01:IMRPhenomXPHM,failing-XPHM,a,1246487421.3007183,ref,1.5875973684615818,5.998563705370302,True,-0.15000000001100244,3.3148162171195657e-09,29
GW190706_222641,C01:IMRPhenomXPHM,failing-XPHM,a,1246486945.3007183,C,0.3860615874421017,5.998563705370302,True,-0.5000000000109639,3.3148162171195657e-09,29
GW190706_222641,C01:IMRPhenomXPHM,failing-XPHM,a,1246486945.3007183,ref,0.3796923008913513,5.998563705370302,True,-0.7000000000109419,3.3148162171195657e-09,29
GW190706_222641,C01:IMRPhenomXPHM,failing-XPHM,a,1246487489.3007183,C,3.1974214308140603,5.998563705370302,True,-0.25000000001099143,3.3148162171195657e-09,29
GW190706_222641,C01:IMRPhenomXPHM,failing-XPHM,a,1246487489.3007183,ref,3.0820875866476927,5.998563705370302,True,0.7499999999888984,3.3148162171195657e-09,29
GW200129_065458,C01:IMRPhenomXPHM,failing-XPHM,v1.0,1264316038.4112163,C,1.6141447493614656,4.309780484098152,True,-1.1018963519404679e-11,5.394121915626071e-10,
GW200129_065458,C01:IMRPhenomXPHM,failing-XPHM,v1.0,1264316038.4112163,ref,1.4581686669987628,4.309780484098152,True,-1.1018963519404679e-11,5.394121915626071e-10,
GW200129_065458,C01:IMRPhenomXPHM,failing-XPHM,v1.0,1264316182.4112163,C,1.368635673142607,4.309780484098152,True,-0.15000000001100244,5.394121915626071e-10,
GW200129_065458,C01:IMRPhenomXPHM,failing-XPHM,v1.0,1264316182.4112163,ref,1.5084760481907746,4.309780484098152,True,-0.10000000001100795,5.394121915626071e-10,
GW200129_065458,C01:IMRPhenomXPHM,failing-XPHM,v1.0,1264315966.4112163,C,1.4706143322620644,4.309780484098152,True,-0.10000000001100795,5.394121915626071e-10,
GW200129_065458,C01:IMRPhenomXPHM,failing-XPHM,v1.0,1264315966.4112163,ref,2.454197617463871,4.309780484098152,True,-0.05000000001101346,5.394121915626071e-10,
GW200129_065458,C01:IMRPhenomXPHM,failing-XPHM,v1.0,1264316254.4112163,C,0.9390587526539649,4.309780484098152,True,-0.20000000001099694,5.394121915626071e-10,
GW200129_065458,C01:IMRPhenomXPHM,failing-XPHM,v1.0,1264316254.4112163,ref,0.7251201342585182,4.309780484098152,True,-0.10000000001100795,5.394121915626071e-10,
GW200129_065458,C01:IMRPhenomXPHM,failing-XPHM,v1.0,1264315894.4112163,C,3.9865616044296175,4.309780484098152,True,-0.05000000001101346,5.394121915626071e-10,
GW200129_065458,C01:IMRPhenomXPHM,failing-XPHM,v1.0,1264315894.4112163,ref,4.135506500401508,4.309780484098152,True,-0.10000000001100795,5.394121915626071e-10,
GW200129_065458,C01:IMRPhenomXPHM,failing-XPHM,v1.0,1264316326.4112163,C,1.0076002760325589,4.309780484098152,True,0.04999999998897553,5.394121915626071e-10,
GW200129_065458,C01:IMRPhenomXPHM,failing-XPHM,v1.0,1264316326.4112163,ref,1.244601091291934,4.309780484098152,True,0.09999999998897002,5.394121915626071e-10,
GW200129_065458,C01:IMRPhenomXPHM,failing-XPHM,v1.0,1264315822.4112163,C,4.146093164187606,4.309780484098152,True,-0.25000000001099143,5.394121915626071e-10,
GW200129_065458,C01:IMRPhenomXPHM,failing-XPHM,v1.0,1264315822.4112163,ref,4.175072380750288,4.309780484098152,True,-1.1018963519404679e-11,5.394121915626071e-10,
GW200129_065458,C01:IMRPhenomXPHM,failing-XPHM,v1.0,1264316398.4112163,C,0.0,4.309780484098152,True,-1.1018963519404679e-11,5.394121915626071e-10,
GW200129_065458,C01:IMRPhenomXPHM,failing-XPHM,v1.0,1264316398.4112163,ref,0.0,4.309780484098152,True,0.04999999998897553,5.394121915626071e-10,
GW200129_065458,C01:IMRPhenomXPHM,failing-XPHM,b,1264316038.4112163,C,0.3008464235758783,3.7405098419475875,True,-1.1018963519404679e-11,3.11600591819231e-10,26
GW200129_065458,C01:IMRPhenomXPHM,failing-XPHM,b,1264316038.4112163,ref,0.2543961925138652,3.7405098419475875,True,-1.1018963519404679e-11,3.11600591819231e-10,26
GW200129_065458,C01:IMRPhenomXPHM,failing-XPHM,b,1264316182.4112163,C,0.8821343952008995,3.7405098419475875,True,-0.15000000001100244,3.11600591819231e-10,26
GW200129_065458,C01:IMRPhenomXPHM,failing-XPHM,b,1264316182.4112163,ref,1.3079478242958535,3.7405098419475875,True,-0.10000000001100795,3.11600591819231e-10,26
GW200129_065458,C01:IMRPhenomXPHM,failing-XPHM,b,1264315966.4112163,C,0.19877241852018784,3.7405098419475875,True,-0.10000000001100795,3.11600591819231e-10,26
GW200129_065458,C01:IMRPhenomXPHM,failing-XPHM,b,1264315966.4112163,ref,0.1882233585868714,3.7405098419475875,True,-0.05000000001101346,3.11600591819231e-10,26
GW200129_065458,C01:IMRPhenomXPHM,failing-XPHM,b,1264316254.4112163,C,1.0124236515471103,3.7405098419475875,True,-0.20000000001099694,3.11600591819231e-10,26
GW200129_065458,C01:IMRPhenomXPHM,failing-XPHM,b,1264316254.4112163,ref,0.8424848227131962,3.7405098419475875,True,-0.10000000001100795,3.11600591819231e-10,26
GW200129_065458,C01:IMRPhenomXPHM,failing-XPHM,b,1264315894.4112163,C,1.625427485510345,3.7405098419475875,True,-0.05000000001101346,3.11600591819231e-10,26
GW200129_065458,C01:IMRPhenomXPHM,failing-XPHM,b,1264315894.4112163,ref,1.8037942864404286,3.7405098419475875,True,-0.10000000001100795,3.11600591819231e-10,26
GW200129_065458,C01:IMRPhenomXPHM,failing-XPHM,b,1264316326.4112163,C,1.0283651197457933,3.7405098419475875,True,0.04999999998897553,3.11600591819231e-10,26
GW200129_065458,C01:IMRPhenomXPHM,failing-XPHM,b,1264316326.4112163,ref,1.4635496699279362,3.7405098419475875,True,0.09999999998897002,3.11600591819231e-10,26
GW200129_065458,C01:IMRPhenomXPHM,failing-XPHM,b,1264315822.4112163,C,5.230572838321007,3.7405098419475875,False,-0.25000000001099143,3.11600591819231e-10,26
GW200129_065458,C01:IMRPhenomXPHM,failing-XPHM,b,1264315822.4112163,ref,4.760995935730056,3.7405098419475875,False,-1.1018963519404679e-11,3.11600591819231e-10,26
GW200129_065458,C01:IMRPhenomXPHM,failing-XPHM,b,1264316398.4112163,C,0.003595471900784551,3.7405098419475875,True,-1.1018963519404679e-11,3.11600591819231e-10,26
GW200129_065458,C01:IMRPhenomXPHM,failing-XPHM,b,1264316398.4112163,ref,0.027672779969366453,3.7405098419475875,True,0.04999999998897553,3.11600591819231e-10,26
GW200129_065458,C01:IMRPhenomXPHM,failing-XPHM,a,1264316038.4112163,C,0.02250140143754785,3.202728177888648,True,0.14999999998896452,1.7900549261549842e-09,33
GW200129_065458,C01:IMRPhenomXPHM,failing-XPHM,a,1264316038.4112163,ref,0.02435464002242843,3.202728177888648,True,-1.1018963519404679e-11,1.7900549261549842e-09,33
GW200129_065458,C01:IMRPhenomXPHM,failing-XPHM,a,1264316182.4112163,C,0.0,3.202728177888648,True,-1.1018963519404679e-11,1.7900549261549842e-09,33
GW200129_065458,C01:IMRPhenomXPHM,failing-XPHM,a,1264316182.4112163,ref,0.0,3.202728177888648,True,-0.05000000001101346,1.7900549261549842e-09,33
GW200129_065458,C01:IMRPhenomXPHM,failing-XPHM,a,1264315966.4112163,C,0.0,3.202728177888648,True,0.04999999998897553,1.7900549261549842e-09,33
GW200129_065458,C01:IMRPhenomXPHM,failing-XPHM,a,1264315966.4112163,ref,0.0,3.202728177888648,True,-1.1018963519404679e-11,1.7900549261549842e-09,33
GW200129_065458,C01:IMRPhenomXPHM,failing-XPHM,a,1264316254.4112163,C,0.00566792875836581,3.202728177888648,True,-0.05000000001101346,1.7900549261549842e-09,33
GW200129_065458,C01:IMRPhenomXPHM,failing-XPHM,a,1264316254.4112163,ref,0.006292900779281598,3.202728177888648,True,-0.10000000001100795,1.7900549261549842e-09,33
GW200129_065458,C01:IMRPhenomXPHM,failing-XPHM,a,1264315894.4112163,C,5.821766990647729,3.202728177888648,False,0.04999999998897553,1.7900549261549842e-09,33
GW200129_065458,C01:IMRPhenomXPHM,failing-XPHM,a,1264315894.4112163,ref,4.529661784093289,3.202728177888648,False,-0.10000000001100795,1.7900549261549842e-09,33
GW200129_065458,C01:IMRPhenomXPHM,failing-XPHM,a,1264316326.4112163,C,0.5451118331720978,3.202728177888648,True,0.199999999988959,1.7900549261549842e-09,33
GW200129_065458,C01:IMRPhenomXPHM,failing-XPHM,a,1264316326.4112163,ref,0.6378443578400872,3.202728177888648,True,0.09999999998897002,1.7900549261549842e-09,33
GW200129_065458,C01:IMRPhenomXPHM,failing-XPHM,a,1264315822.4112163,C,1.3746274675089436,3.202728177888648,True,-0.10000000001100795,1.7900549261549842e-09,33
GW200129_065458,C01:IMRPhenomXPHM,failing-XPHM,a,1264315822.4112163,ref,0.8114790461787471,3.202728177888648,True,-1.1018963519404679e-11,1.7900549261549842e-09,33
GW200129_065458,C01:IMRPhenomXPHM,failing-XPHM,a,1264316398.4112163,C,0.7836187930700879,3.202728177888648,True,0.14999999998896452,1.7900549261549842e-09,33
GW200129_065458,C01:IMRPhenomXPHM,failing-XPHM,a,1264316398.4112163,ref,0.7165529266733608,3.202728177888648,True,0.09999999998897002,1.7900549261549842e-09,33
