event,label,status,code_sha256,seg_start,inj,q0,c0,covered,lambda_hat,dt_ms,abs_a,c_index
GW230601_224134,C00:IMRPhenomXPHM-SpinTaylor,official,22a5127d30e414a39bc13eea3317735cc364693be1b1686e71d251275cc466c9,1369694442.1171591,C,1.00444969752084,6.364822518362383,True,-2.292936077774923e-09,-2.650000000010727,0.8237954132090977,169
GW230601_224134,C00:IMRPhenomXPHM-SpinTaylor,official,22a5127d30e414a39bc13eea3317735cc364693be1b1686e71d251275cc466c9,1369694442.1171591,ref,1.1867563507619396,6.364822518362383,True,-6.385391608993456e-10,-0.4500000000109694,0.9463783946175641,-1
GW230601_224134,C00:IMRPhenomXPHM-SpinTaylor,official,22a5127d30e414a39bc13eea3317735cc364693be1b1686e71d251275cc466c9,1369694578.1171591,C,3.994781664518377,6.364822518362383,True,-2.3800095997157425e-09,-1.3500000000108703,0.9569428504498501,6845
GW230601_224134,C00:IMRPhenomXPHM-SpinTaylor,official,22a5127d30e414a39bc13eea3317735cc364693be1b1686e71d251275cc466c9,1369694578.1171591,ref,4.883067465784141,6.364822518362383,True,-2.3800095997157425e-09,0.09999999998897002,0.9920338995427951,-1
GW230601_224134,C00:IMRPhenomXPHM-SpinTaylor,official,22a5127d30e414a39bc13eea3317735cc364693be1b1686e71d251275cc466c9,1369694374.1171591,C,1.1180719694151655,6.364822518362383,True,-2.902450731360662e-10,0.3499999999889425,0.9338767331565317,591
GW230601_224134,C00:IMRPhenomXPHM-SpinTaylor,official,22a5127d30e414a39bc13eea3317735cc364693be1b1686e71d251275cc466c9,1369694374.1171591,ref,1.0289341031776438,6.364822518362383,True,-3.192695804496728e-10,-0.20000000001099694,1.0108345318386356,-1
GW230601_224134,C00:IMRPhenomXPHM-SpinTaylor,official,22a5127d30e414a39bc13eea3317735cc364693be1b1686e71d251275cc466c9,1369694646.1171591,C,8.792649253835275,6.364822518362383,False,-4.585872155549846e-09,-1.0000000000109088,0.750156385735803,5670
GW230601_224134,C00:IMRPhenomXPHM-SpinTaylor,official,22a5127d30e414a39bc13eea3317735cc364693be1b1686e71d251275cc466c9,1369694646.1171591,ref,8.840313924938151,6.364822518362383,False,-4.614896662863452e-09,-1.1018963519404679e-11,0.8705687569881746,-1
GW230601_224134,C00:IMRPhenomXPHM-SpinTaylor,official,22a5127d30e414a39bc13eea3317735cc364693be1b1686e71d251275cc466c9,1369694306.1171591,C,3.3038152181625695,6.364822518362383,True,-6.095146535857391e-10,-0.6000000000109529,0.9526207106995668,13716
GW230601_224134,C00:IMRPhenomXPHM-SpinTaylor,official,22a5127d30e414a39bc13eea3317735cc364693be1b1686e71d251275cc466c9,1369694306.1171591,ref,3.3932517716013106,6.364822518362383,True,-6.095146535857391e-10,0.2499999999889535,0.9736559867251723,-1
GW230601_224134,C00:IMRPhenomXPHM-SpinTaylor,official,22a5127d30e414a39bc13eea3317735cc364693be1b1686e71d251275cc466c9,1369694714.1171591,C,6.853594004730915,6.364822518362383,False,2.670254672851809e-09,-0.9500000000109143,0.9612520133570938,13863
GW230601_224134,C00:IMRPhenomXPHM-SpinTaylor,official,22a5127d30e414a39bc13eea3317735cc364693be1b1686e71d251275cc466c9,1369694714.1171591,ref,7.219442146567198,6.364822518362383,False,-2.6992791801654157e-09,-0.3000000000109859,1.0278026761915517,-1
GW230601_224134,C00:IMRPhenomXPHM-SpinTaylor,official,22a5127d30e414a39bc13eea3317735cc364693be1b1686e71d251275cc466c9,1369694238.1171591,C,10.312764562235415,6.364822518362383,False,1.4222008583667245e-09,0.2499999999889535,0.9270348011229516,10539
GW230601_224134,C00:IMRPhenomXPHM-SpinTaylor,official,22a5127d30e414a39bc13eea3317735cc364693be1b1686e71d251275cc466c9,1369694238.1171591,ref,10.395072931280932,6.364822518362383,False,1.4222008583667245e-09,-1.1018963519404679e-11,1.088203782358283,-1
GW230601_224134,C00:IMRPhenomXPHM-SpinTaylor,official,22a5127d30e414a39bc13eea3317735cc364693be1b1686e71d251275cc466c9,1369694782.1171591,C,4.97742034046066,6.364822518362383,True,-7.256126828401655e-10,0.7499999999888984,0.9099631904171314,1863
GW230601_224134,C00:IMRPhenomXPHM-SpinTaylor,official,22a5127d30e414a39bc13eea3317735cc364693be1b1686e71d251275cc466c9,1369694782.1171591,ref,4.730160442734641,6.364822518362383,True,-7.256126828401655e-10,0.8999999999888819,1.0461585024741948,-1
GW230627_015337,C00:IMRPhenomXPHM-SpinTaylor,official,22a5127d30e414a39bc13eea3317735cc364693be1b1686e71d251275cc466c9,1371865845.8319087,C,0.0,3.5585900456464046,True,-0.0,0.04999999998897553,0.8889963923518545,8866
GW230627_015337,C00:IMRPhenomXPHM-SpinTaylor,official,22a5127d30e414a39bc13eea3317735cc364693be1b1686e71d251275cc466c9,1371865845.8319087,ref,0.0,3.5585900456464046,True,-0.0,-1.1018963519404679e-11,0.9730076648361422,-1
GW230627_015337,C00:IMRPhenomXPHM-SpinTaylor,official,22a5127d30e414a39bc13eea3317735cc364693be1b1686e71d251275cc466c9,1371866101.8319087,C,0.9888048322196283,3.5585900456464046,True,-4.2491964308019374e-11,0.04999999998897553,0.9035014499191798,13143
GW230627_015337,C00:IMRPhenomXPHM-SpinTaylor,official,22a5127d30e414a39bc13eea3317735cc364693be1b1686e71d251275cc466c9,1371866101.8319087,ref,1.1730644065900249,3.5585900456464046,True,-4.2491964308019374e-11,-1.1018963519404679e-11,0.9616003570699201,-1
GW230627_015337,C00:IMRPhenomXPHM-SpinTaylor,official,22a5127d30e414a39bc13eea3317735cc364693be1b1686e71d251275cc466c9,1371865717.8319087,C,0.9803716613263237,3.5585900456464046,True,-2.216972050853185e-11,0.04999999998897553,0.9267867466100771,16125
GW230627_015337,C00:IMRPhenomXPHM-SpinTaylor,official,22a5127d30e414a39bc13eea3317735cc364693be1b1686e71d251275cc466c9,1371865717.8319087,ref,1.0380757247692807,3.5585900456464046,True,-2.216972050853185e-11,-1.1018963519404679e-11,0.9715070533315187,-1
GW230627_015337,C00:IMRPhenomXPHM-SpinTaylor,official,22a5127d30e414a39bc13eea3317735cc364693be1b1686e71d251275cc466c9,1371866229.8319087,C,0.11125258022564045,3.5585900456464046,True,3.6949534180886415e-12,-1.1018963519404679e-11,0.9219027782117416,2485
GW230627_015337,C00:IMRPhenomXPHM-SpinTaylor,official,22a5127d30e414a39bc13eea3317735cc364693be1b1686e71d251275cc466c9,1371866229.8319087,ref,0.10208227739939717,3.5585900456464046,True,3.6949534180886415e-12,-1.1018963519404679e-11,0.9612326775837214,-1
GW230627_015337,C00:IMRPhenomXPHM-SpinTaylor,official,22a5127d30e414a39bc13eea3317735cc364693be1b1686e71d251275cc466c9,1371865589.8319087,C,0.5015984980293847,3.5585900456464046,True,1.6627290381398887e-11,0.04999999998897553,0.9716420795381456,8820
GW230627_015337,C00:IMRPhenomXPHM-SpinTaylor,official,22a5127d30e414a39bc13eea3317735cc364693be1b1686e71d251275cc466c9,1371865589.8319087,ref,0.5615866071294645,3.5585900456464046,True,1.6627290381398887e-11,-1.1018963519404679e-11,1.0139064426738629,-1
GW230627_015337,C00:IMRPhenomXPHM-SpinTaylor,official,22a5127d30e414a39bc13eea3317735cc364693be1b1686e71d251275cc466c9,1371866357.8319087,C,1.2190618934758335,3.5585900456464046,True,-2.955962734470913e-11,0.04999999998897553,0.9910277201221542,505
GW230627_015337,C00:IMRPhenomXPHM-SpinTaylor,official,22a5127d30e414a39bc13eea3317735cc364693be1b1686e71d251275cc466c9,1371866357.8319087,ref,1.0657287713013215,3.5585900456464046,True,-2.771215063566481e-11,-1.1018963519404679e-11,1.0243629172148603,-1
GW230627_015337,C00:IMRPhenomXPHM-SpinTaylor,official,22a5127d30e414a39bc13eea3317735cc364693be1b1686e71d251275cc466c9,1371865461.8319087,C,4.761732047424822,3.5585900456464046,False,-5.172934785324098e-11,0.04999999998897553,0.9522035906720816,1778
GW230627_015337,C00:IMRPhenomXPHM-SpinTaylor,official,22a5127d30e414a39bc13eea3317735cc364693be1b1686e71d251275cc466c9,1371865461.8319087,ref,4.587011046004095,3.5585900456464046,False,-5.172934785324098e-11,-1.1018963519404679e-11,0.9883088768536278,-1
GW230627_015337,C00:IMRPhenomXPHM-SpinTaylor,official,22a5127d30e414a39bc13eea3317735cc364693be1b1686e71d251275cc466c9,1371866485.8319087,C,0.5095593479260218,3.5585900456464046,True,1.6627290381398887e-11,0.04999999998897553,0.9606120926829961,16075
GW230627_015337,C00:IMRPhenomXPHM-SpinTaylor,official,22a5127d30e414a39bc13eea3317735cc364693be1b1686e71d251275cc466c9,1371866485.8319087,ref,0.47863076107248226,3.5585900456464046,True,1.6627290381398887e-11,-1.1018963519404679e-11,1.0009699404645915,-1
GW230628_231200,C00:IMRPhenomXPHM-SpinTaylor,official,22a5127d30e414a39bc13eea3317735cc364693be1b1686e71d251275cc466c9,1372029060.3818028,C,2.6336703537981165,4.971399791811772,True,1.7519496734792097e-09,0.49999999998892597,0.9221570765336309,5329
GW230628_231200,C00:IMRPhenomXPHM-SpinTaylor,official,22a5127d30e414a39bc13eea3317735cc364693be1b1686e71d251275cc466c9,1372029060.3818028,ref,3.3084598129113445,4.971399791811772,True,1.7519496734792097e-09,0.4499999999889315,0.969882790923378,-1
GW230628_231200,C00:IMRPhenomXPHM-SpinTaylor,official,22a5127d30e414a39bc13eea3317735cc364693be1b1686e71d251275cc466c9,1372029204.3818028,C,4.54993912999308,4.971399791811772,True,-6.96798165588322e-10,0.14999999998896452,0.9351173753534614,3505
GW230628_231200,C00:IMRPhenomXPHM-SpinTaylor,official,22a5127d30e414a39bc13eea3317735cc364693be1b1686e71d251275cc466c9,1372029204.3818028,ref,4.4007447024470085,4.971399791811772,True,-6.96798165588322e-10,0.299999999988948,0.9419062160317424,-1
GW230628_231200,C00:IMRPhenomXPHM-SpinTaylor,official,22a5127d30e414a39bc13eea3317735cc364693be1b1686e71d251275cc466c9,1372028988.3818028,C,0.27339352428335106,4.971399791811772,True,-5.97255570504276e-11,-0.10000000001100795,0.9571278490186105,2968
GW230628_231200,C00:IMRPhenomXPHM-SpinTaylor,official,22a5127d30e414a39bc13eea3317735cc364693be1b1686e71d251275cc466c9,1372028988.3818028,ref,0.2964130066354617,4.971399791811772,True,-7.963407606723681e-11,-0.15000000001100244,1.0066336840796986,-1
GW230628_231200,C00:IMRPhenomXPHM-SpinTaylor,official,22a5127d30e414a39bc13eea3317735cc364693be1b1686e71d251275cc466c9,1372029276.3818028,C,1.4195183279733161,4.971399791811772,True,1.3139622551094071e-09,-0.10000000001100795,0.9952783270446884,2916
GW230628_231200,C00:IMRPhenomXPHM-SpinTaylor,official,22a5127d30e414a39bc13eea3317735cc364693be1b1686e71d251275cc466c9,1372029276.3818028,ref,1.7582771255401362,4.971399791811772,True,1.3139622551094071e-09,-0.20000000001099694,1.0766550338862355,-1
GW230628_231200,C00:IMRPhenomXPHM-SpinTaylor,official,22a5127d30e414a39bc13eea3317735cc364693be1b1686e71d251275cc466c9,1372029348.3818028,C,1.076359358887765,4.971399791811772,True,-4.778044564034208e-10,-0.25000000001099143,0.8007924076535391,4583
GW230628_231200,C00:IMRPhenomXPHM-SpinTaylor,official,22a5127d30e414a39bc13eea3317735cc364693be1b1686e71d251275cc466c9,1372029348.3818028,ref,1.3025219674589206,4.971399791811772,True,-4.778044564034208e-10,-0.10000000001100795,0.900271979260618,-1
GW230628_231200,C00:IMRPhenomXPHM-SpinTaylor,official,22a5127d30e414a39bc13eea3317735cc364693be1b1686e71d251275cc466c9,1372029420.3818028,C,3.4072031861118646,4.971399791811772,True,-6.96798165588322e-10,-0.7000000000109419,0.9983790856317188,7775
GW230628_231200,C00:IMRPhenomXPHM-SpinTaylor,official,22a5127d30e414a39bc13eea3317735cc364693be1b1686e71d251275cc466c9,1372029420.3818028,ref,3.767717301780828,4.971399791811772,True,-7.167066846051312e-10,-0.4500000000109694,0.9325739129854717,-1
GW230628_231200,C00:IMRPhenomXPHM-SpinTaylor,official,22a5127d30e414a39bc13eea3317735cc364693be1b1686e71d251275cc466c9,1372029492.3818028,C,1.93642034635215,4.971399791811772,True,4.778044564034208e-10,0.199999999988959,0.90126154713943,5821
GW230628_231200,C00:IMRPhenomXPHM-SpinTaylor,official,22a5127d30e414a39bc13eea3317735cc364693be1b1686e71d251275cc466c9,1372029492.3818028,ref,1.9512295195622014,4.971399791811772,True,-2.389022282017104e-10,0.04999999998897553,0.9923155634203543,-1
GW230628_231200,C00:IMRPhenomXPHM-SpinTaylor,official,22a5127d30e414a39bc13eea3317735cc364693be1b1686e71d251275cc466c9,1372029564.3818028,C,0.0,4.971399791811772,True,-0.0,-1.1018963519404679e-11,0.9986892427718798,3427
GW230628_231200,C00:IMRPhenomXPHM-SpinTaylor,official,22a5127d30e414a39bc13eea3317735cc364693be1b1686e71d251275cc466c9,1372029564.3818028,ref,0.0,4.971399791811772,True,-0.0,0.04999999998897553,1.0644514597821495,-1
GW230731_215307,C00:IMRPhenomXPHM-SpinTaylor,official,22a5127d30e414a39bc13eea3317735cc364693be1b1686e71d251275cc466c9,1374875479.8664544,C,4.9650790057743786,8.10788564842764,True,1.0677741764138115e-10,-0.05000000001101346,1.0062666706243624,10982
GW230731_215307,C00:IMRPhenomXPHM-SpinTaylor,official,22a5127d30e414a39bc13eea3317735cc364693be1b1686e71d251275cc466c9,1374875479.8664544,ref,4.785527545953122,8.10788564842764,True,1.0677741764138115e-10,-1.1018963519404679e-11,0.9578441496311455,-1
GW230731_215307,C00:IMRPhenomXPHM-SpinTaylor,official,22a5127d30e414a39bc13eea3317735cc364693be1b1686e71d251275cc466c9,1374875383.8664544,C,2.6401248195415867,8.10788564842764,True,-9.609967587724303e-11,-0.05000000001101346,1.2627169757892187,6774
GW230731_215307,C00:IMRPhenomXPHM-SpinTaylor,official,22a5127d30e414a39bc13eea3317735cc364693be1b1686e71d251275cc466c9,1374875383.8664544,ref,2.489087018478826,8.10788564842764,True,-9.609967587724303e-11,-1.1018963519404679e-11,1.0282226837806876,-1
GW230731_215307,C00:IMRPhenomXPHM-SpinTaylor,official,22a5127d30e414a39bc13eea3317735cc364693be1b1686e71d251275cc466c9,1374875287.8664544,C,4.331941500971073,8.10788564842764,True,-5.338870882069057e-11,0.2499999999889535,1.0733098861216062,9827
GW230731_215307,C00:IMRPhenomXPHM-SpinTaylor,official,22a5127d30e414a39bc13eea3317735cc364693be1b1686e71d251275cc466c9,1374875287.8664544,ref,4.283895062744929,8.10788564842764,True,-5.338870882069057e-11,-1.1018963519404679e-11,0.9046875086306758,-1
GW230731_215307,C00:IMRPhenomXPHM-SpinTaylor,official,22a5127d30e414a39bc13eea3317735cc364693be1b1686e71d251275cc466c9,1374875191.8664544,C,2.85487747544307,8.10788564842764,True,-3.73720961744834e-11,-1.1018963519404679e-11,1.186039637967167,12243
GW230731_215307,C00:IMRPhenomXPHM-SpinTaylor,official,22a5127d30e414a39bc13eea3317735cc364693be1b1686e71d251275cc466c9,1374875191.8664544,ref,2.832889701204942,8.10788564842764,True,-3.73720961744834e-11,-1.1018963519404679e-11,1.0322906089784802,-1
GW230731_215307,C00:IMRPhenomXPHM-SpinTaylor,official,22a5127d30e414a39bc13eea3317735cc364693be1b1686e71d251275cc466c9,1374875095.8664544,C,1.777051360309362,8.10788564842764,True,-5.872757970275964e-11,0.09999999998897002,0.8906819641539389,2124
GW230731_215307,C00:IMRPhenomXPHM-SpinTaylor,official,22a5127d30e414a39bc13eea3317735cc364693be1b1686e71d251275cc466c9,1374875095.8664544,ref,1.9208907119559542,8.10788564842764,True,-6.406645058482868e-11,-1.1018963519404679e-11,0.8999357818327425,-1
GW230731_215307,C00:IMRPhenomXPHM-SpinTaylor,official,22a5127d30e414a39bc13eea3317735cc364693be1b1686e71d251275cc466c9,1374874999.8664544,C,2.8422237536674038,8.10788564842764,True,5.338870882069057e-11,0.04999999998897553,1.0896078806108476,5678
GW230731_215307,C00:IMRPhenomXPHM-SpinTaylor,official,22a5127d30e414a39bc13eea3317735cc364693be1b1686e71d251275cc466c9,1374874999.8664544,ref,2.709689272207263,8.10788564842764,True,5.338870882069057e-11,0.04999999998897553,0.9237152464901498,-1
GW230731_215307,C00:IMRPhenomXPHM-SpinTaylor,official,22a5127d30e414a39bc13eea3317735cc364693be1b1686e71d251275cc466c9,1374874903.8664544,C,2.853465197168936,8.10788564842764,True,-1.6016612646207172e-10,0.14999999998896452,1.2113210013522517,6055
GW230731_215307,C00:IMRPhenomXPHM-SpinTaylor,official,22a5127d30e414a39bc13eea3317735cc364693be1b1686e71d251275cc466c9,1374874903.8664544,ref,2.826829443767992,8.10788564842764,True,-1.6016612646207172e-10,0.09999999998897002,1.1386729029399216,-1
GW230731_215307,C00:IMRPhenomXPHM-SpinTaylor,official,22a5127d30e414a39bc13eea3317735cc364693be1b1686e71d251275cc466c9,1374874807.8664544,C,5.823556566417096,8.10788564842764,True,2.77621285867591e-10,-0.20000000001099694,1.074393423345909,10837
GW230731_215307,C00:IMRPhenomXPHM-SpinTaylor,official,22a5127d30e414a39bc13eea3317735cc364693be1b1686e71d251275cc466c9,1374874807.8664544,ref,5.66362918140268,8.10788564842764,True,2.77621285867591e-10,-1.1018963519404679e-11,1.0361098162036966,-1
GW230811_032116,C00:IMRPhenomXPHM-SpinTaylor,official,22a5127d30e414a39bc13eea3317735cc364693be1b1686e71d251275cc466c9,1375759216.266049,C,4.45004606421578,5.946751000090374,True,-4.949167488392126e-10,-0.3000000000109859,0.955222967325614,15850
GW230811_032116,C00:IMRPhenomXPHM-SpinTaylor,official,22a5127d30e414a39bc13eea3317735cc364693be1b1686e71d251275cc466c9,1375759216.266049,ref,4.388044662056112,5.946751000090374,True,-4.949167488392126e-10,-0.10000000001100795,0.9310940972807249,-1
GW230811_032116,C00:IMRPhenomXPHM-SpinTaylor,official,22a5127d30e414a39bc13eea3317735cc364693be1b1686e71d251275cc466c9,1375759360.266049,C,3.216709003289609,5.946751000090374,True,-8.335439980449897e-10,-0.10000000001100795,0.8222653067803828,14734
GW230811_032116,C00:IMRPhenomXPHM-SpinTaylor,official,22a5127d30e414a39bc13eea3317735cc364693be1b1686e71d251275cc466c9,1375759360.266049,ref,2.825650674375423,5.946751000090374,True,-8.335439980449897e-10,0.2499999999889535,0.8885393823330866,-1
GW230811_032116,C00:IMRPhenomXPHM-SpinTaylor,official,22a5127d30e414a39bc13eea3317735cc364693be1b1686e71d251275cc466c9,1375759144.266049,C,4.564042214429804,5.946751000090374,True,-1.9536187454179444e-09,-0.3000000000109859,0.9571996626874099,8367
GW230811_032116,C00:IMRPhenomXPHM-SpinTaylor,official,22a5127d30e414a39bc13eea3317735cc364693be1b1686e71d251275cc466c9,1375759144.266049,ref,3.709090601097188,5.946751000090374,True,-1.9536187454179444e-09,-0.05000000001101346,0.9467281512590638,-1
GW230811_032116,C00:IMRPhenomXPHM-SpinTaylor,official,22a5127d30e414a39bc13eea3317735cc364693be1b1686e71d251275cc466c9,1375759432.266049,C,2.439857964317405,5.946751000090374,True,4.949167488392126e-10,0.199999999988959,0.7894216421089794,3032
GW230811_032116,C00:IMRPhenomXPHM-SpinTaylor,official,22a5127d30e414a39bc13eea3317735cc364693be1b1686e71d251275cc466c9,1375759432.266049,ref,2.5702113411243146,5.946751000090374,True,4.949167488392126e-10,0.14999999998896452,0.8121858990680549,-1
GW230811_032116,C00:IMRPhenomXPHM-SpinTaylor,official,22a5127d30e414a39bc13eea3317735cc364693be1b1686e71d251275cc466c9,1375759072.266049,C,2.1581896953475925,5.946751000090374,True,4.1677199902249484e-10,-0.5500000000109584,1.0635392883006987,11594
GW230811_032116,C00:IMRPhenomXPHM-SpinTaylor,official,22a5127d30e414a39bc13eea3317735cc364693be1b1686e71d251275cc466c9,1375759072.266049,ref,2.4635084460297936,5.946751000090374,True,9.377369978006134e-10,-0.3500000000109804,1.0438311230476114,-1
GW230811_032116,C00:IMRPhenomXPHM-SpinTaylor,official,22a5127d30e414a39bc13eea3317735cc364693be1b1686e71d251275cc466c9,1375759504.266049,C,0.6072031651856831,5.946751000090374,True,1.458701996578732e-09,0.14999999998896452,1.0643081247495116,5394
GW230811_032116,C00:IMRPhenomXPHM-SpinTaylor,official,22a5127d30e414a39bc13eea3317735cc364693be1b1686e71d251275cc466c9,1375759504.266049,ref,0.7811494038223552,5.946751000090374,True,1.458701996578732e-09,0.2499999999889535,1.0492888252655053,-1
GW230811_032116,C00:IMRPhenomXPHM-SpinTaylor,official,22a5127d30e414a39bc13eea3317735cc364693be1b1686e71d251275cc466c9,1375759000.266049,C,4.525706186761905,5.946751000090374,True,-8.335439980449897e-10,-1.1018963519404679e-11,1.02378861978314,10024
GW230811_032116,C00:IMRPhenomXPHM-SpinTaylor,official,22a5127d30e414a39bc13eea3317735cc364693be1b1686e71d251275cc466c9,1375759000.266049,ref,4.480245268641461,5.946751000090374,True,-8.335439980449897e-10,0.14999999998896452,0.983553959337797,-1
GW230811_032116,C00:IMRPhenomXPHM-SpinTaylor,official,22a5127d30e414a39bc13eea3317735cc364693be1b1686e71d251275cc466c9,1375759576.266049,C,7.975474755511721,5.946751000090374,False,-7.814474981671778e-10,-1.1018963519404679e-11,1.1400647812910794,9028
GW230811_032116,C00:IMRPhenomXPHM-SpinTaylor,official,22a5127d30e414a39bc13eea3317735cc364693be1b1686e71d251275cc466c9,1375759576.266049,ref,7.932044265899689,5.946751000090374,False,-7.814474981671778e-10,-0.10000000001100795,1.031609803632818,-1
GW230914_111401,C00:IMRPhenomXPHM-SpinTaylor,official,22a5127d30e414a39bc13eea3317735cc364693be1b1686e71d251275cc466c9,1378725181.6943524,C,0.4487739694960136,5.858875045125075,True,-2.3606270919230216e-10,-0.4000000000109749,1.1165182363345936,14617
GW230914_111401,C00:IMRPhenomXPHM-SpinTaylor,official,22a5127d30e414a39bc13eea3317735cc364693be1b1686e71d251275cc466c9,1378725181.6943524,ref,0.42428405147489945,5.858875045125075,True,-2.3606270919230216e-10,-0.10000000001100795,1.0622234684729597,-1
GW230914_111401,C00:IMRPhenomXPHM-SpinTaylor,official,22a5127d30e414a39bc13eea3317735cc364693be1b1686e71d251275cc466c9,1378725325.6943524,C,0.4946963597775546,5.858875045125075,True,7.081881275769066e-10,-0.5500000000109584,1.0161766447790024,5465
GW230914_111401,C00:IMRPhenomXPHM-SpinTaylor,official,22a5127d30e414a39bc13eea3317735cc364693be1b1686e71d251275cc466c9,1378725325.6943524,ref,0.4923154401297733,5.858875045125075,True,7.081881275769066e-10,-0.5000000000109639,1.0095167231790203,-1
GW230914_111401,C00:IMRPhenomXPHM-SpinTaylor,official,22a5127d30e414a39bc13eea3317735cc364693be1b1686e71d251275cc466c9,1378725109.6943524,C,2.2745528292331745,5.858875045125075,True,-8.655632670384415e-10,-0.6500000000109474,0.9490671904210994,13522
GW230914_111401,C00:IMRPhenomXPHM-SpinTaylor,official,22a5127d30e414a39bc13eea3317735cc364693be1b1686e71d251275cc466c9,1378725109.6943524,ref,2.187980506563451,5.858875045125075,True,-9.442508367692087e-10,-0.7000000000109419,0.9850801555495399,-1
GW230914_111401,C00:IMRPhenomXPHM-SpinTaylor,official,22a5127d30e414a39bc13eea3317735cc364693be1b1686e71d251275cc466c9,1378725397.6943524,C,1.1948064860326741,5.858875045125075,True,1.2590011156922784e-09,0.14999999998896452,1.0913115575401726,12277
GW230914_111401,C00:IMRPhenomXPHM-SpinTaylor,official,22a5127d30e414a39bc13eea3317735cc364693be1b1686e71d251275cc466c9,1378725397.6943524,ref,1.241355369943684,5.858875045125075,True,1.2590011156922784e-09,-0.25000000001099143,1.0704703319764766,-1
GW230914_111401,C00:IMRPhenomXPHM-SpinTaylor,official,22a5127d30e414a39bc13eea3317735cc364693be1b1686e71d251275cc466c9,1378725037.6943524,C,5.309516649816018,5.858875045125075,True,2.990127649769161e-09,0.3499999999889425,0.8544316864654655,3332
GW230914_111401,C00:IMRPhenomXPHM-SpinTaylor,official,22a5127d30e414a39bc13eea3317735cc364693be1b1686e71d251275cc466c9,1378725037.6943524,ref,5.1078173296877925,5.858875045125075,True,2.990127649769161e-09,0.09999999998897002,0.916059354028529,-1
GW230914_111401,C00:IMRPhenomXPHM-SpinTaylor,official,22a5127d30e414a39bc13eea3317735cc364693be1b1686e71d251275cc466c9,1378725469.6943524,C,0.612126538118468,5.858875045125075,True,-5.508129881153717e-10,-0.15000000001100244,0.9897327218577787,1772
GW230914_111401,C00:IMRPhenomXPHM-SpinTaylor,official,22a5127d30e414a39bc13eea3317735cc364693be1b1686e71d251275cc466c9,1378725469.6943524,ref,0.6022562047892398,5.858875045125075,True,-4.721254183846043e-10,-0.05000000001101346,1.0887963604536182,-1
GW230914_111401,C00:IMRPhenomXPHM-SpinTaylor,official,22a5127d30e414a39bc13eea3317735cc364693be1b1686e71d251275cc466c9,1378724965.6943524,C,4.008527894427244,5.858875045125075,True,2.12456438273072e-09,0.5499999999889205,1.0159814345781446,16128
GW230914_111401,C00:IMRPhenomXPHM-SpinTaylor,official,22a5127d30e414a39bc13eea3317735cc364693be1b1686e71d251275cc466c9,1378724965.6943524,ref,4.014796710780662,5.858875045125075,True,4.799941753576811e-09,0.09999999998897002,1.0280431680972093,-1
GW230914_111401,C00:IMRPhenomXPHM-SpinTaylor,official,22a5127d30e414a39bc13eea3317735cc364693be1b1686e71d251275cc466c9,1378725541.6943524,C,1.4400533664042632,5.858875045125075,True,-1.4163762551538132e-09,0.5499999999889205,1.1932823127790866,7636
GW230914_111401,C00:IMRPhenomXPHM-SpinTaylor,official,22a5127d30e414a39bc13eea3317735cc364693be1b1686e71d251275cc466c9,1378725541.6943524,ref,1.3838243486105002,5.858875045125075,True,-1.3376886854230458e-09,0.599999999988915,1.1353031313098456,-1
GW230919_215712,C00:IMRPhenomXPHM-SpinTaylor,official,22a5127d30e414a39bc13eea3317735cc364693be1b1686e71d251275cc466c9,1379195772.010674,C,0.04863834588043476,4.207914259825752,True,-1.3422529121051795e-11,0.199999999988959,0.9838382160661387,5684
GW230919_215712,C00:IMRPhenomXPHM-SpinTaylor,official,22a5127d30e414a39bc13eea3317735cc364693be1b1686e71d251275cc466c9,1379195772.010674,ref,0.06023317286323909,4.207914259825752,True,-1.7449287857367333e-10,-0.05000000001101346,1.03669217505483,-1
GW230919_215712,C00:IMRPhenomXPHM-SpinTaylor,official,22a5127d30e414a39bc13eea3317735cc364693be1b1686e71d251275cc466c9,1379195916.010674,C,0.014175939455876672,4.207914259825752,True,1.3422529121051795e-11,-0.05000000001101346,1.07804464123608,4016
GW230919_215712,C00:IMRPhenomXPHM-SpinTaylor,official,22a5127d30e414a39bc13eea3317735cc364693be1b1686e71d251275cc466c9,1379195916.010674,ref,0.020914620395380928,4.207914259825752,True,1.3422529121051795e-11,-0.10000000001100795,1.1070362097922213,-1
GW230919_215712,C00:IMRPhenomXPHM-SpinTaylor,official,22a5127d30e414a39bc13eea3317735cc364693be1b1686e71d251275cc466c9,1379195700.010674,C,0.0,4.207914259825752,True,-0.0,-1.1018963519404679e-11,0.8671550710565098,1800
GW230919_215712,C00:IMRPhenomXPHM-SpinTaylor,official,22a5127d30e414a39bc13eea3317735cc364693be1b1686e71d251275cc466c9,1379195700.010674,ref,0.0,4.207914259825752,True,-0.0,-0.15000000001100244,0.9292618563846294,-1
GW230919_215712,C00:IMRPhenomXPHM-SpinTaylor,official,22a5127d30e414a39bc13eea3317735cc364693be1b1686e71d251275cc466c9,1379195988.010674,C,1.16753729296105,4.207914259825752,True,2.0133793681577692e-10,0.2499999999889535,1.0276034435874701,359
GW230919_215712,C00:IMRPhenomXPHM-SpinTaylor,official,22a5127d30e414a39bc13eea3317735cc364693be1b1686e71d251275cc466c9,1379195988.010674,ref,1.0213494248487338,4.207914259825752,True,2.0133793681577692e-10,0.09999999998897002,1.0007242267512149,-1
GW230919_215712,C00:IMRPhenomXPHM-SpinTaylor,official,22a5127d30e414a39bc13eea3317735cc364693be1b1686e71d251275cc466c9,1379195628.010674,C,0.33950879463201233,4.207914259825752,True,4.026758736315538e-11,0.14999999998896452,0.9505373411804036,9641
GW230919_215712,C00:IMRPhenomXPHM-SpinTaylor,official,22a5127d30e414a39bc13eea3317735cc364693be1b1686e71d251275cc466c9,1379195628.010674,ref,0.3217621696226145,4.207914259825752,True,4.026758736315538e-11,0.04999999998897553,1.0171805417801465,-1
GW230919_215712,C00:IMRPhenomXPHM-SpinTaylor,official,22a5127d30e414a39bc13eea3317735cc364693be1b1686e71d251275cc466c9,1379196060.010674,C,1.39834970512746,4.207914259825752,True,1.6107034945262153e-10,0.14999999998896452,0.9629823873888543,13173
GW230919_215712,C00:IMRPhenomXPHM-SpinTaylor,official,22a5127d30e414a39bc13eea3317735cc364693be1b1686e71d251275cc466c9,1379196060.010674,ref,1.403761606182413,4.207914259825752,True,1.6107034945262153e-10,-1.1018963519404679e-11,1.0479368942965102,-1
GW230919_215712,C00:IMRPhenomXPHM-SpinTaylor,official,22a5127d30e414a39bc13eea3317735cc364693be1b1686e71d251275cc466c9,1379195556.010674,C,4.172068603628515,4.207914259825752,True,-5.2347863572102e-10,0.299999999988948,0.8588062086976382,1542
GW230919_215712,C00:IMRPhenomXPHM-SpinTaylor,official,22a5127d30e414a39bc13eea3317735cc364693be1b1686e71d251275cc466c9,1379195556.010674,ref,4.033723512926677,4.207914259825752,True,-5.2347863572102e-10,0.04999999998897553,0.9446036475032717,-1
GW230919_215712,C00:IMRPhenomXPHM-SpinTaylor,official,22a5127d30e414a39bc13eea3317735cc364693be1b1686e71d251275cc466c9,1379196132.010674,C,0.6813284088316249,4.207914259825752,True,-2.1476046593682872e-10,0.09999999998897002,0.95760889017526,12543
GW230919_215712,C00:IMRPhenomXPHM-SpinTaylor,official,22a5127d30e414a39bc13eea3317735cc364693be1b1686e71d251275cc466c9,1379196132.010674,ref,0.7156876324273025,4.207914259825752,True,-2.1476046593682872e-10,-1.1018963519404679e-11,0.9752219199017395,-1
GW230922_020344,C00:IMRPhenomXPHM-SpinTaylor,official,22a5127d30e414a39bc13eea3317735cc364693be1b1686e71d251275cc466c9,1379383364.8894894,C,1.2908382356020667,5.616319520285679,True,1.1546245974772957e-09,-1.1018963519404679e-11,0.88039203828665,5887
GW230922_020344,C00:IMRPhenomXPHM-SpinTaylor,official,22a5127d30e414a39bc13eea3317735cc364693be1b1686e71d251275cc466c9,1379383364.8894894,ref,0.1446066217441875,5.616319520285679,True,5.97219619384808e-11,0.04999999998897553,0.9257829536115841,-1
GW230922_020344,C00:IMRPhenomXPHM-SpinTaylor,official,22a5127d30e414a39bc13eea3317735cc364693be1b1686e71d251275cc466c9,1379383508.8894894,C,0.11601784338194146,5.616319520285679,True,-3.981464129232054e-11,-0.10000000001100795,0.8984173438788322,6584
GW230922_020344,C00:IMRPhenomXPHM-SpinTaylor,official,22a5127d30e414a39bc13eea3317735cc364693be1b1686e71d251275cc466c9,1379383508.8894894,ref,0.10213174071962516,5.616319520285679,True,-3.981464129232054e-11,-0.05000000001101346,0.9779555802073449,-1
GW230922_020344,C00:IMRPhenomXPHM-SpinTaylor,official,22a5127d30e414a39bc13eea3317735cc364693be1b1686e71d251275cc466c9,1379383292.8894894,C,1.7258189257014078,5.616319520285679,True,-2.388878477539232e-10,-0.25000000001099143,1.0017784894704242,4652
GW230922_020344,C00:IMRPhenomXPHM-SpinTaylor,official,22a5127d30e414a39bc13eea3317735cc364693be1b1686e71d251275cc466c9,1379383292.8894894,ref,1.6387596440492254,5.616319520285679,True,-2.388878477539232e-10,0.199999999988959,1.039493419972563,-1
GW230922_020344,C00:IMRPhenomXPHM-SpinTaylor,official,22a5127d30e414a39bc13eea3317735cc364693be1b1686e71d251275cc466c9,1379383580.8894894,C,3.8301419051532575,5.616319520285679,True,-9.157367497233724e-10,0.2499999999889535,0.6945595811400971,12529
GW230922_020344,C00:IMRPhenomXPHM-SpinTaylor,official,22a5127d30e414a39bc13eea3317735cc364693be1b1686e71d251275cc466c9,1379383580.8894894,ref,3.5773135680091164,5.616319520285679,True,2.9860980969240405e-10,-1.1018963519404679e-11,0.8532000723809388,-1
GW230922_020344,C00:IMRPhenomXPHM-SpinTaylor,official,22a5127d30e414a39bc13eea3317735cc364693be1b1686e71d251275cc466c9,1379383220.8894894,C,2.7307788467407867,5.616319520285679,True,-6.768489019694492e-10,-0.25000000001099143,1.0037484558823035,7265
GW230922_020344,C00:IMRPhenomXPHM-SpinTaylor,official,22a5127d30e414a39bc13eea3317735cc364693be1b1686e71d251275cc466c9,1379383220.8894894,ref,2.6959150503715286,5.616319520285679,True,-6.768489019694492e-10,-0.25000000001099143,1.0317219832192792,-1
GW230922_020344,C00:IMRPhenomXPHM-SpinTaylor,official,22a5127d30e414a39bc13eea3317735cc364693be1b1686e71d251275cc466c9,1379383652.8894894,C,1.7691902588655015,5.616319520285679,True,8.361074671387314e-10,0.09999999998897002,0.6272411158488554,14373
GW230922_020344,C00:IMRPhenomXPHM-SpinTaylor,official,22a5127d30e414a39bc13eea3317735cc364693be1b1686e71d251275cc466c9,1379383652.8894894,ref,1.9512070362294454,5.616319520285679,True,8.361074671387314e-10,-1.1018963519404679e-11,0.7804419209328465,-1
GW230922_020344,C00:IMRPhenomXPHM-SpinTaylor,official,22a5127d30e414a39bc13eea3317735cc364693be1b1686e71d251275cc466c9,1379383148.8894894,C,2.3188631639465638,5.616319520285679,True,-1.5925856516928217e-10,0.299999999988948,0.7815910121018614,8101
GW230922_020344,C00:IMRPhenomXPHM-SpinTaylor,official,22a5127d30e414a39bc13eea3317735cc364693be1b1686e71d251275cc466c9,1379383148.8894894,ref,2.406028889343063,5.616319520285679,True,-1.7916588581544244e-10,0.299999999988948,0.896482341183077,-1
GW230922_020344,C00:IMRPhenomXPHM-SpinTaylor,official,22a5127d30e414a39bc13eea3317735cc364693be1b1686e71d251275cc466c9,1379383724.8894894,C,7.381821467699175,5.616319520285679,False,9.555513910156929e-10,-0.6000000000109529,0.7150032806904145,7614
GW230922_020344,C00:IMRPhenomXPHM-SpinTaylor,official,22a5127d30e414a39bc13eea3317735cc364693be1b1686e71d251275cc466c9,1379383724.8894894,ref,7.408513725220565,5.616319520285679,False,9.555513910156929e-10,-0.25000000001099143,0.9609312629279858,-1
GW230922_040658,C00:IMRPhenomXPHM-SpinTaylor,official,22a5127d30e414a39bc13eea3317735cc364693be1b1686e71d251275cc466c9,1379390758.1000433,C,2.7580917975258585,6.557935908500143,True,-9.176494311592324e-10,0.9999999999888709,0.975570868449363,5142
GW230922_040658,C00:IMRPhenomXPHM-SpinTaylor,official,22a5127d30e414a39bc13eea3317735cc364693be1b1686e71d251275cc466c9,1379390758.1000433,ref,2.9136883958649435,6.557935908500143,True,-9.176494311592324e-10,-1.1018963519404679e-11,1.0707560623142558,-1
GW230922_040658,C00:IMRPhenomXPHM-SpinTaylor,official,22a5127d30e414a39bc13eea3317735cc364693be1b1686e71d251275cc466c9,1379390902.1000433,C,0.8587794000603278,6.557935908500143,True,3.3647145809171854e-10,0.399999999988937,0.8945330928158118,5975
GW230922_040658,C00:IMRPhenomXPHM-SpinTaylor,official,22a5127d30e414a39bc13eea3317735cc364693be1b1686e71d251275cc466c9,1379390902.1000433,ref,0.8994288319394005,6.557935908500143,True,3.3647145809171854e-10,0.4499999999889315,1.078016339151688,-1
GW230922_040658,C00:IMRPhenomXPHM-SpinTaylor,official,22a5127d30e414a39bc13eea3317735cc364693be1b1686e71d251275cc466c9,1379390686.1000433,C,6.617180660965033,6.557935908500143,False,-1.2847092036229253e-09,-0.6000000000109529,1.1704712405545006,6061
GW230922_040658,C00:IMRPhenomXPHM-SpinTaylor,official,22a5127d30e414a39bc13eea3317735cc364693be1b1686e71d251275cc466c9,1379390686.1000433,ref,6.814378569046601,6.557935908500143,False,-1.2847092036229253e-09,-0.15000000001100244,1.2883329007482345,-1
GW230922_040658,C00:IMRPhenomXPHM-SpinTaylor,official,22a5127d30e414a39bc13eea3317735cc364693be1b1686e71d251275cc466c9,1379390974.1000433,C,1.1775592808934914,6.557935908500143,True,4.588247155796162e-10,-1.6000000000108427,0.883753980652679,3521
GW230922_040658,C00:IMRPhenomXPHM-SpinTaylor,official,22a5127d30e414a39bc13eea3317735cc364693be1b1686e71d251275cc466c9,1379390974.1000433,ref,1.9618293908023718,6.557935908500143,True,4.588247155796162e-10,-0.05000000001101346,0.9503729151226198,-1
GW230922_040658,C00:IMRPhenomXPHM-SpinTaylor,official,22a5127d30e414a39bc13eea3317735cc364693be1b1686e71d251275cc466c9,1379390614.1000433,C,0.5611056309026219,6.557935908500143,True,-1.5294157185987206e-10,-1.6500000000108372,0.8526923200300262,6468
GW230922_040658,C00:IMRPhenomXPHM-SpinTaylor,official,22a5127d30e414a39bc13eea3317735cc364693be1b1686e71d251275cc466c9,1379390614.1000433,ref,0.7000168524755478,6.557935908500143,True,-1.8352988623184646e-10,-0.4000000000109749,1.0681856021225613,-1
GW230922_040658,C00:IMRPhenomXPHM-SpinTaylor,official,22a5127d30e414a39bc13eea3317735cc364693be1b1686e71d251275cc466c9,1379391046.1000433,C,0.056973049590187945,6.557935908500143,True,-6.117662874394883e-11,-3.1000000000106773,0.743418739921214,4447
GW230922_040658,C00:IMRPhenomXPHM-SpinTaylor,official,22a5127d30e414a39bc13eea3317735cc364693be1b1686e71d251275cc466c9,1379391046.1000433,ref,0.04489744795553874,6.557935908500143,True,-6.117662874394883e-11,0.04999999998897553,0.8981402390309575,-1
GW230922_040658,C00:IMRPhenomXPHM-SpinTaylor,official,22a5127d30e414a39bc13eea3317735cc364693be1b1686e71d251275cc466c9,1379390542.1000433,C,0.6904008154778003,6.557935908500143,True,-3.9764808683566734e-10,-1.7000000000108317,0.8592711838230864,13291
GW230922_040658,C00:IMRPhenomXPHM-SpinTaylor,official,22a5127d30e414a39bc13eea3317735cc364693be1b1686e71d251275cc466c9,1379390542.1000433,ref,1.511396696966958,6.557935908500143,True,-4.588247155796162e-10,0.09999999998897002,0.9139466661226766,-1
GW230922_040658,C00:IMRPhenomXPHM-SpinTaylor,official,22a5127d30e414a39bc13eea3317735cc364693be1b1686e71d251275cc466c9,1379391118.1000433,C,14.872629040657245,6.557935908500143,False,-4.741188727656033e-09,-1.6000000000108427,0.9488052347025724,599
GW230922_040658,C00:IMRPhenomXPHM-SpinTaylor,official,22a5127d30e414a39bc13eea3317735cc364693be1b1686e71d251275cc466c9,1379391118.1000433,ref,14.439256399120172,6.557935908500143,False,-4.741188727656033e-09,-0.8000000000109309,1.1283403233720644,-1
GW230924_124453,C00:IMRPhenomXPHM-SpinTaylor,official,22a5127d30e414a39bc13eea3317735cc364693be1b1686e71d251275cc466c9,1379594633.8516388,C,0.10994605530102808,3.3068981292180015,True,-1.43883078788437e-10,-0.15000000001100244,0.9810339019689421,8802
GW230924_124453,C00:IMRPhenomXPHM-SpinTaylor,official,22a5127d30e414a39bc13eea3317735cc364693be1b1686e71d251275cc466c9,1379594633.8516388,ref,0.09924249949610878,3.3068981292180015,True,-1.43883078788437e-10,-1.1018963519404679e-11,0.9815726031631457,-1
GW230924_124453,C00:IMRPhenomXPHM-SpinTaylor,official,22a5127d30e414a39bc13eea3317735cc364693be1b1686e71d251275cc466c9,1379594777.8516388,C,2.6974442650624058,3.3068981292180015,True,5.275712888909358e-10,0.4499999999889315,0.9012955174104282,10769
GW230924_124453,C00:IMRPhenomXPHM-SpinTaylor,official,22a5127d30e414a39bc13eea3317735cc364693be1b1686e71d251275cc466c9,1379594777.8516388,ref,2.2762365528611133,3.3068981292180015,True,5.275712888909358e-10,0.199999999988959,0.9620090258411991,-1
GW230924_124453,C00:IMRPhenomXPHM-SpinTaylor,official,22a5127d30e414a39bc13eea3317735cc364693be1b1686e71d251275cc466c9,1379594561.8516388,C,1.0196774258689167,3.3068981292180015,True,-2.1582461818265554e-10,0.3499999999889425,1.0018087670714833,14074
GW230924_124453,C00:IMRPhenomXPHM-SpinTaylor,official,22a5127d30e414a39bc13eea3317735cc364693be1b1686e71d251275cc466c9,1379594561.8516388,ref,1.0636704397983978,3.3068981292180015,True,-2.1582461818265554e-10,0.199999999988959,1.0971125726675426,-1
GW230924_124453,C00:IMRPhenomXPHM-SpinTaylor,official,22a5127d30e414a39bc13eea3317735cc364693be1b1686e71d251275cc466c9,1379594849.8516388,C,0.39929027897377706,3.3068981292180015,True,-7.19415393942185e-11,0.04999999998897553,0.7199889172072274,10592
GW230924_124453,C00:IMRPhenomXPHM-SpinTaylor,official,22a5127d30e414a39bc13eea3317735cc364693be1b1686e71d251275cc466c9,1379594849.8516388,ref,0.3978147961924196,3.3068981292180015,True,-7.19415393942185e-11,-0.05000000001101346,0.8822503605628833,-1
GW230924_124453,C00:IMRPhenomXPHM-SpinTaylor,official,22a5127d30e414a39bc13eea3317735cc364693be1b1686e71d251275cc466c9,1379594489.8516388,C,0.4660566753165814,3.3068981292180015,True,-2.398051313140617e-10,0.399999999988937,0.9858862103230126,5737
GW230924_124453,C00:IMRPhenomXPHM-SpinTaylor,official,22a5127d30e414a39bc13eea3317735cc364693be1b1686e71d251275cc466c9,1379594489.8516388,ref,0.5009032275643914,3.3068981292180015,True,-2.398051313140617e-10,0.09999999998897002,1.0527412566769458,-1
GW230924_124453,C00:IMRPhenomXPHM-SpinTaylor,official,22a5127d30e414a39bc13eea3317735cc364693be1b1686e71d251275cc466c9,1379594921.8516388,C,1.207640398501992,3.3068981292180015,True,1.1750451434389023e-09,0.6999999999889039,0.6603026210913792,11216
GW230924_124453,C00:IMRPhenomXPHM-SpinTaylor,official,22a5127d30e414a39bc13eea3317735cc364693be1b1686e71d251275cc466c9,1379594921.8516388,ref,1.608397853381197,3.3068981292180015,True,1.1750451434389023e-09,-0.05000000001101346,0.947544184325921,-1
GW230924_124453,C00:IMRPhenomXPHM-SpinTaylor,official,22a5127d30e414a39bc13eea3317735cc364693be1b1686e71d251275cc466c9,1379594417.8516388,C,2.4137194632930585,3.3068981292180015,True,-5.75532315153748e-10,0.6499999999889094,0.8464109710116129,13843
GW230924_124453,C00:IMRPhenomXPHM-SpinTaylor,official,22a5127d30e414a39bc13eea3317735cc364693be1b1686e71d251275cc466c9,1379594417.8516388,ref,2.484219316189006,3.3068981292180015,True,-5.75532315153748e-10,0.299999999988948,0.8765579305556049,-1
GW230924_124453,C00:IMRPhenomXPHM-SpinTaylor,official,22a5127d30e414a39bc13eea3317735cc364693be1b1686e71d251275cc466c9,1379594993.8516388,C,0.10085037350859871,3.3068981292180015,True,-9.592205252562468e-11,0.399999999988937,0.7942468050936096,9043
GW230924_124453,C00:IMRPhenomXPHM-SpinTaylor,official,22a5127d30e414a39bc13eea3317735cc364693be1b1686e71d251275cc466c9,1379594993.8516388,ref,0.09909442019959688,3.3068981292180015,True,-9.592205252562468e-11,0.04999999998897553,1.046783970648887,-1
GW230927_043729,C00:IMRPhenomXPHM-SpinTaylor,official,22a5127d30e414a39bc13eea3317735cc364693be1b1686e71d251275cc466c9,1379824589.0946517,C,3.179989375770062,5.743242831402616,True,8.21369885010698e-10,-0.4000000000109749,1.197373435853239,3484
GW230927_043729,C00:IMRPhenomXPHM-SpinTaylor,official,22a5127d30e414a39bc13eea3317735cc364693be1b1686e71d251275cc466c9,1379824589.0946517,ref,3.1405611225589194,5.743242831402616,True,8.455278228051302e-10,-0.25000000001099143,1.064459416153113,-1
GW230927_043729,C00:IMRPhenomXPHM-SpinTaylor,official,22a5127d30e414a39bc13eea3317735cc364693be1b1686e71d251275cc466c9,1379824733.0946517,C,5.19598950605789,5.743242831402616,True,1.7152135834046927e-09,-0.3000000000109859,0.9945632506346058,3329
GW230927_043729,C00:IMRPhenomXPHM-SpinTaylor,official,22a5127d30e414a39bc13eea3317735cc364693be1b1686e71d251275cc466c9,1379824733.0946517,ref,5.101296452293928,5.743242831402616,True,1.7152135834046927e-09,0.09999999998897002,1.067561409902719,-1
GW230927_043729,C00:IMRPhenomXPHM-SpinTaylor,official,22a5127d30e414a39bc13eea3317735cc364693be1b1686e71d251275cc466c9,1379824517.0946517,C,4.452756357433298,5.743242831402616,True,1.6185818322269637e-09,-0.3000000000109859,1.190181645253801,6263
GW230927_043729,C00:IMRPhenomXPHM-SpinTaylor,official,22a5127d30e414a39bc13eea3317735cc364693be1b1686e71d251275cc466c9,1379824517.0946517,ref,4.129362712378905,5.743242831402616,True,1.6185818322269637e-09,-1.1018963519404679e-11,1.0326473462148982,-1
GW230927_043729,C00:IMRPhenomXPHM-SpinTaylor,official,22a5127d30e414a39bc13eea3317735cc364693be1b1686e71d251275cc466c9,1379824805.0946517,C,2.2805138850390576,5.743242831402616,True,-3.1405319132761983e-10,-0.7000000000109419,1.2769930254235649,10606
GW230927_043729,C00:IMRPhenomXPHM-SpinTaylor,official,22a5127d30e414a39bc13eea3317735cc364693be1b1686e71d251275cc466c9,1379824805.0946517,ref,2.3122981070297284,5.743242831402616,True,-3.1405319132761983e-10,0.299999999988948,1.1815335717016284,-1
GW230927_043729,C00:IMRPhenomXPHM-SpinTaylor,official,22a5127d30e414a39bc13eea3317735cc364693be1b1686e71d251275cc466c9,1379824445.0946517,C,4.919744373741952,5.743242831402616,True,1.1354230763383178e-09,0.2499999999889535,1.012395989204923,10446
GW230927_043729,C00:IMRPhenomXPHM-SpinTaylor,official,22a5127d30e414a39bc13eea3317735cc364693be1b1686e71d251275cc466c9,1379824445.0946517,ref,4.881706948116032,5.743242831402616,True,1.1354230763383178e-09,0.04999999998897553,0.9199974782434927,-1
GW230927_043729,C00:IMRPhenomXPHM-SpinTaylor,official,22a5127d30e414a39bc13eea3317735cc364693be1b1686e71d251275cc466c9,1379824877.0946517,C,3.020235859100935,5.743242831402616,True,-1.0387913251605885e-09,-0.20000000001099694,0.9156991345808483,6619
GW230927_043729,C00:IMRPhenomXPHM-SpinTaylor,official,22a5127d30e414a39bc13eea3317735cc364693be1b1686e71d251275cc466c9,1379824877.0946517,ref,2.7455072157359828,5.743242831402616,True,-1.0387913251605885e-09,0.04999999998897553,0.7944772977862483,-1
GW230927_043729,C00:IMRPhenomXPHM-SpinTaylor,official,22a5127d30e414a39bc13eea3317735cc364693be1b1686e71d251275cc466c9,1379824373.0946517,C,3.1982925593561315,5.743242831402616,True,1.7393715211991252e-09,-0.4500000000109694,1.1040778272692582,8820
GW230927_043729,C00:IMRPhenomXPHM-SpinTaylor,official,22a5127d30e414a39bc13eea3317735cc364693be1b1686e71d251275cc466c9,1379824373.0946517,ref,3.3628645647126074,5.743242831402616,True,1.7393715211991252e-09,-0.3000000000109859,1.019233588759258,-1
GW230927_043729,C00:IMRPhenomXPHM-SpinTaylor,official,22a5127d30e414a39bc13eea3317735cc364693be1b1686e71d251275cc466c9,1379824949.0946517,C,3.2598196051613826,5.743242831402616,True,1.7635294589935574e-09,-0.4000000000109749,1.1863540070979435,3643
GW230927_043729,C00:IMRPhenomXPHM-SpinTaylor,official,22a5127d30e414a39bc13eea3317735cc364693be1b1686e71d251275cc466c9,1379824949.0946517,ref,3.368421820109603,5.743242831402616,True,1.7635294589935574e-09,-0.25000000001099143,1.0906043036551851,-1
GW230927_153832,C00:IMRPhenomXPHM-SpinTaylor,official,22a5127d30e414a39bc13eea3317735cc364693be1b1686e71d251275cc466c9,1379864252.9033172,C,5.368649741482896,3.6602350996098103,False,-3.6835500366308225e-10,-0.25000000001099143,0.930689819659495,4460
GW230927_153832,C00:IMRPhenomXPHM-SpinTaylor,official,22a5127d30e414a39bc13eea3317735cc364693be1b1686e71d251275cc466c9,1379864252.9033172,ref,6.764670232536448,3.6602350996098103,False,-3.6835500366308225e-10,-0.05000000001101346,1.003749666485616,-1
GW230927_153832,C00:IMRPhenomXPHM-SpinTaylor,official,22a5127d30e414a39bc13eea3317735cc364693be1b1686e71d251275cc466c9,1379864396.9033172,C,0.0,3.6602350996098103,True,-0.0,-0.15000000001100244,0.943832968374561,7948
GW230927_153832,C00:IMRPhenomXPHM-SpinTaylor,official,22a5127d30e414a39bc13eea3317735cc364693be1b1686e71d251275cc466c9,1379864396.9033172,ref,0.0,3.6602350996098103,True,-0.0,-0.05000000001101346,0.9462718702409659,-1
GW230927_153832,C00:IMRPhenomXPHM-SpinTaylor,official,22a5127d30e414a39bc13eea3317735cc364693be1b1686e71d251275cc466c9,1379864180.9033172,C,2.564038822791405,3.6602350996098103,True,3.192410031746713e-10,-1.1018963519404679e-11,1.1381497312156652,15259
GW230927_153832,C00:IMRPhenomXPHM-SpinTaylor,official,22a5127d30e414a39bc13eea3317735cc364693be1b1686e71d251275cc466c9,1379864180.9033172,ref,2.6505275763459295,3.6602350996098103,True,3.192410031746713e-10,0.04999999998897553,1.0142386144378341,-1
GW230927_153832,C00:IMRPhenomXPHM-SpinTaylor,official,22a5127d30e414a39bc13eea3317735cc364693be1b1686e71d251275cc466c9,1379864468.9033172,C,0.533512191654114,3.6602350996098103,True,-9.822800097682194e-11,-0.10000000001100795,1.109177573976053,9272
GW230927_153832,C00:IMRPhenomXPHM-SpinTaylor,official,22a5127d30e414a39bc13eea3317735cc364693be1b1686e71d251275cc466c9,1379864468.9033172,ref,0.6707589205054186,3.6602350996098103,True,-1.1050650109892468e-10,0.09999999998897002,0.9900829558087433,-1
GW230927_153832,C00:IMRPhenomXPHM-SpinTaylor,official,22a5127d30e414a39bc13eea3317735cc364693be1b1686e71d251275cc466c9,1379864108.9033172,C,6.866535967927627,3.6602350996098103,False,-1.7189900170943836e-10,0.04999999998897553,1.006733430650395,5116
GW230927_153832,C00:IMRPhenomXPHM-SpinTaylor,official,22a5127d30e414a39bc13eea3317735cc364693be1b1686e71d251275cc466c9,1379864108.9033172,ref,6.185703766908192,3.6602350996098103,False,-1.7189900170943836e-10,0.04999999998897553,0.9803508437141415,-1
GW230927_153832,C00:IMRPhenomXPHM-SpinTaylor,official,22a5127d30e414a39bc13eea3317735cc364693be1b1686e71d251275cc466c9,1379864540.9033172,C,1.7749923354956536,3.6602350996098103,True,-4.420260043956987e-10,-0.10000000001100795,0.8477167233660027,17
GW230927_153832,C00:IMRPhenomXPHM-SpinTaylor,official,22a5127d30e414a39bc13eea3317735cc364693be1b1686e71d251275cc466c9,1379864540.9033172,ref,1.1045348399596975,3.6602350996098103,True,-4.420260043956987e-10,-0.10000000001100795,0.9315802246551261,-1
GW230927_153832,C00:IMRPhenomXPHM-SpinTaylor,official,22a5127d30e414a39bc13eea3317735cc364693be1b1686e71d251275cc466c9,1379864036.9033172,C,0.0,3.6602350996098103,True,-0.0,-0.05000000001101346,0.9636123736645612,5287
GW230927_153832,C00:IMRPhenomXPHM-SpinTaylor,official,22a5127d30e414a39bc13eea3317735cc364693be1b1686e71d251275cc466c9,1379864036.9033172,ref,0.0,3.6602350996098103,True,-0.0,-1.1018963519404679e-11,0.9188696798979841,-1
GW230927_153832,C00:IMRPhenomXPHM-SpinTaylor,official,22a5127d30e414a39bc13eea3317735cc364693be1b1686e71d251275cc466c9,1379863964.9033172,C,1.145287342654692,3.6602350996098103,True,2.5784850256415757e-10,-0.05000000001101346,1.025032448378825,2068
GW230927_153832,C00:IMRPhenomXPHM-SpinTaylor,official,22a5127d30e414a39bc13eea3317735cc364693be1b1686e71d251275cc466c9,1379863964.9033172,ref,1.1606818095694322,3.6602350996098103,True,2.5784850256415757e-10,-1.1018963519404679e-11,0.9564008990104815,-1
GW231020_142947,C00:IMRPhenomXPHM-SpinTaylor,official,22a5127d30e414a39bc13eea3317735cc364693be1b1686e71d251275cc466c9,1381847279.5998504,C,1.1525517536295937,6.028708522765847,True,-5.935202264925525e-11,0.04999999998897553,0.895662577678596,14150
GW231020_142947,C00:IMRPhenomXPHM-SpinTaylor,official,22a5127d30e414a39bc13eea3317735cc364693be1b1686e71d251275cc466c9,1381847279.5998504,ref,1.3939998748798303,6.028708522765847,True,-5.935202264925525e-11,-0.05000000001101346,0.9204818668027328,-1
GW231020_142947,C00:IMRPhenomXPHM-SpinTaylor,official,22a5127d30e414a39bc13eea3317735cc364693be1b1686e71d251275cc466c9,1381847471.5998504,C,3.784988460821655,6.028708522765847,True,-3.9850643778785663e-10,0.2499999999889535,0.8508026151362724,16662
GW231020_142947,C00:IMRPhenomXPHM-SpinTaylor,official,22a5127d30e414a39bc13eea3317735cc364693be1b1686e71d251275cc466c9,1381847471.5998504,ref,3.9559963447737356,6.028708522765847,True,-3.9850643778785663e-10,0.199999999988959,0.9680406929957002,-1
GW231020_142947,C00:IMRPhenomXPHM-SpinTaylor,official,22a5127d30e414a39bc13eea3317735cc364693be1b1686e71d251275cc466c9,1381847183.5998504,C,1.7818407147411364,6.028708522765847,True,1.3566176605544056e-10,0.09999999998897002,0.9979701974773882,6790
GW231020_142947,C00:IMRPhenomXPHM-SpinTaylor,official,22a5127d30e414a39bc13eea3317735cc364693be1b1686e71d251275cc466c9,1381847183.5998504,ref,1.9597246012724598,6.028708522765847,True,1.3566176605544056e-10,-1.1018963519404679e-11,1.0397364732027534,-1
GW231020_142947,C00:IMRPhenomXPHM-SpinTaylor,official,22a5127d30e414a39bc13eea3317735cc364693be1b1686e71d251275cc466c9,1381847567.5998504,C,5.693958572587032,6.028708522765847,True,4.182904453376084e-10,-0.25000000001099143,1.0766155166944118,16473
GW231020_142947,C00:IMRPhenomXPHM-SpinTaylor,official,22a5127d30e414a39bc13eea3317735cc364693be1b1686e71d251275cc466c9,1381847567.5998504,ref,5.542073068652728,6.028708522765847,True,4.182904453376084e-10,-0.10000000001100795,1.2111425938690155,-1
GW231020_142947,C00:IMRPhenomXPHM-SpinTaylor,official,22a5127d30e414a39bc13eea3317735cc364693be1b1686e71d251275cc466c9,1381847087.5998504,C,4.816794285055418,6.028708522765847,True,1.837086415334091e-10,-0.10000000001100795,0.8304702185098648,10760
GW231020_142947,C00:IMRPhenomXPHM-SpinTaylor,official,22a5127d30e414a39bc13eea3317735cc364693be1b1686e71d251275cc466c9,1381847087.5998504,ref,4.83559371633326,6.028708522765847,True,1.837086415334091e-10,0.04999999998897553,1.0866030961368134,-1
GW231020_142947,C00:IMRPhenomXPHM-SpinTaylor,official,22a5127d30e414a39bc13eea3317735cc364693be1b1686e71d251275cc466c9,1381847663.5998504,C,2.031822046675093,6.028708522765847,True,2.8262867928216785e-10,0.04999999998897553,0.8908054640371885,16046
GW231020_142947,C00:IMRPhenomXPHM-SpinTaylor,official,22a5127d30e414a39bc13eea3317735cc364693be1b1686e71d251275cc466c9,1381847663.5998504,ref,1.7125821898327818,6.028708522765847,True,2.8262867928216785e-10,0.14999999998896452,1.0086085762569106,-1
GW231020_142947,C00:IMRPhenomXPHM-SpinTaylor,official,22a5127d30e414a39bc13eea3317735cc364693be1b1686e71d251275cc466c9,1381847759.5998504,C,1.8049321631717685,6.028708522765847,True,-9.326746416311538e-11,0.09999999998897002,0.6858966998961923,6815
GW231020_142947,C00:IMRPhenomXPHM-SpinTaylor,official,22a5127d30e414a39bc13eea3317735cc364693be1b1686e71d251275cc466c9,1381847759.5998504,ref,1.981205725066551,6.028708522765847,True,-9.326746416311538e-11,0.09999999998897002,0.967159016885423,-1
GW231020_142947,C00:IMRPhenomXPHM-SpinTaylor,official,22a5127d30e414a39bc13eea3317735cc364693be1b1686e71d251275cc466c9,1381847855.5998504,C,0.9319568104812073,6.028708522765847,True,-6.50045962348986e-11,0.3499999999889425,1.1749077731094926,16467
GW231020_142947,C00:IMRPhenomXPHM-SpinTaylor,official,22a5127d30e414a39bc13eea3317735cc364693be1b1686e71d251275cc466c9,1381847855.5998504,ref,1.2183270131804222,6.028708522765847,True,-6.50045962348986e-11,0.299999999988948,1.0254125588442384,-1
GW231028_153006,C00:IMRPhenomXPHM-SpinTaylor,official,22a5127d30e414a39bc13eea3317735cc364693be1b1686e71d251275cc466c9,1382542146.205626,C,2.159856276066628,4.8934979823582445,True,-6.5942415349332785e-09,-0.3000000000109859,1.05577885492576,8419
GW231028_153006,C00:IMRPhenomXPHM-SpinTaylor,official,22a5127d30e414a39bc13eea3317735cc364693be1b1686e71d251275cc466c9,1382542146.205626,ref,2.3797540031000466,4.8934979823582445,True,-6.5942415349332785e-09,-0.25000000001099143,0.9661982433379364,-1
GW231028_153006,C00:IMRPhenomXPHM-SpinTaylor,official,22a5127d30e414a39bc13eea3317735cc364693be1b1686e71d251275cc466c9,1382542290.205626,C,1.6110517794572166,4.8934979823582445,True,4.3961610232888526e-09,0.399999999988937,0.9465779265304866,970
GW231028_153006,C00:IMRPhenomXPHM-SpinTaylor,official,22a5127d30e414a39bc13eea3317735cc364693be1b1686e71d251275cc466c9,1382542290.205626,ref,1.640966268062089,4.8934979823582445,True,4.3961610232888526e-09,-0.15000000001100244,0.978658493859918,-1
GW231028_153006,C00:IMRPhenomXPHM-SpinTaylor,official,22a5127d30e414a39bc13eea3317735cc364693be1b1686e71d251275cc466c9,1382542074.205626,C,5.747918568565186,4.8934979823582445,False,1.0013477886380162e-08,-1.5000000000108538,0.9045896963367074,1978
GW231028_153006,C00:IMRPhenomXPHM-SpinTaylor,official,22a5127d30e414a39bc13eea3317735cc364693be1b1686e71d251275cc466c9,1382542074.205626,ref,5.903528411038234,4.8934979823582445,False,1.0013477886380162e-08,-0.5000000000109639,0.9626906031026362,-1
GW231028_153006,C00:IMRPhenomXPHM-SpinTaylor,official,22a5127d30e414a39bc13eea3317735cc364693be1b1686e71d251275cc466c9,1382542362.205626,C,3.5538364911954137,4.8934979823582445,True,8.303859710656721e-09,-1.8000000000108207,0.9069816620065781,12360
GW231028_153006,C00:IMRPhenomXPHM-SpinTaylor,official,22a5127d30e414a39bc13eea3317735cc364693be1b1686e71d251275cc466c9,1382542362.205626,ref,3.474873844756706,4.8934979823582445,True,8.303859710656721e-09,-1.0000000000109088,0.9533731632046947,-1
GW231028_153006,C00:IMRPhenomXPHM-SpinTaylor,official,22a5127d30e414a39bc13eea3317735cc364693be1b1686e71d251275cc466c9,1382542002.205626,C,0.9353262876318997,4.8934979823582445,True,-3.1750051834863932e-09,-0.20000000001099694,1.0225341293527999,10499
GW231028_153006,C00:IMRPhenomXPHM-SpinTaylor,official,22a5127d30e414a39bc13eea3317735cc364693be1b1686e71d251275cc466c9,1382542002.205626,ref,1.1164810378669936,4.8934979823582445,True,-3.1750051834863932e-09,0.199999999988959,1.0071328175204608,-1
GW231028_153006,C00:IMRPhenomXPHM-SpinTaylor,official,22a5127d30e414a39bc13eea3317735cc364693be1b1686e71d251275cc466c9,1382542434.205626,C,0.48029821637909204,4.8934979823582445,True,1.9538493436839343e-09,0.5499999999889205,1.0162199079372334,2088
GW231028_153006,C00:IMRPhenomXPHM-SpinTaylor,official,22a5127d30e414a39bc13eea3317735cc364693be1b1686e71d251275cc466c9,1382542434.205626,ref,0.3803475131576967,4.8934979823582445,True,1.9538493436839343e-09,0.399999999988937,1.015057564237704,-1
GW231028_153006,C00:IMRPhenomXPHM-SpinTaylor,official,22a5127d30e414a39bc13eea3317735cc364693be1b1686e71d251275cc466c9,1382541930.205626,C,1.566266998817298,4.8934979823582445,True,-6.105779199012294e-09,0.2499999999889535,1.0030813486892431,3926
GW231028_153006,C00:IMRPhenomXPHM-SpinTaylor,official,22a5127d30e414a39bc13eea3317735cc364693be1b1686e71d251275cc466c9,1382541930.205626,ref,1.4951163562629546,4.8934979823582445,True,-6.105779199012294e-09,0.04999999998897553,1.0243127900647493,-1
GW231028_153006,C00:IMRPhenomXPHM-SpinTaylor,official,22a5127d30e414a39bc13eea3317735cc364693be1b1686e71d251275cc466c9,1382542506.205626,C,1.068744340875588,4.8934979823582445,True,2.1980805116444263e-09,0.7499999999888984,0.990569757748958,377
GW231028_153006,C00:IMRPhenomXPHM-SpinTaylor,official,22a5127d30e414a39bc13eea3317735cc364693be1b1686e71d251275cc466c9,1382542506.205626,ref,1.0658890167585109,4.8934979823582445,True,2.1980805116444263e-09,-0.05000000001101346,0.970374772381394,-1
GW231102_071736,C00:IMRPhenomXPHM-SpinTaylor,official,22a5127d30e414a39bc13eea3317735cc364693be1b1686e71d251275cc466c9,1382944604.3394585,C,6.17009652002009,6.457702648323055,True,2.6185837956220786e-09,-0.8500000000109253,0.8763792789498751,12399
GW231102_071736,C00:IMRPhenomXPHM-SpinTaylor,official,22a5127d30e414a39bc13eea3317735cc364693be1b1686e71d251275cc466c9,1382944604.3394585,ref,6.1891731047607745,6.457702648323055,True,2.6185837956220786e-09,-0.7000000000109419,0.9490348829945559,-1
GW231102_071736,C00:IMRPhenomXPHM-SpinTaylor,official,22a5127d30e414a39bc13eea3317735cc364693be1b1686e71d251275cc466c9,1382944740.3394585,C,6.027216102424992,6.457702648323055,True,2.4908480007136845e-09,0.49999999998892597,0.899410089920719,2916
GW231102_071736,C00:IMRPhenomXPHM-SpinTaylor,official,22a5127d30e414a39bc13eea3317735cc364693be1b1686e71d251275cc466c9,1382944740.3394585,ref,5.923095992498753,6.457702648323055,True,2.4908480007136845e-09,0.09999999998897002,1.0225787115454748,-1
GW231102_071736,C00:IMRPhenomXPHM-SpinTaylor,official,22a5127d30e414a39bc13eea3317735cc364693be1b1686e71d251275cc466c9,1382944536.3394585,C,4.458768611372419,6.457702648323055,True,-1.9160369236259113e-09,-0.3000000000109859,0.946342012092275,12830
GW231102_071736,C00:IMRPhenomXPHM-SpinTaylor,official,22a5127d30e414a39bc13eea3317735cc364693be1b1686e71d251275cc466c9,1382944536.3394585,ref,4.273140829975637,6.457702648323055,True,-1.9160369236259113e-09,-1.1018963519404679e-11,0.9946206598958229,-1
GW231102_071736,C00:IMRPhenomXPHM-SpinTaylor,official,22a5127d30e414a39bc13eea3317735cc364693be1b1686e71d251275cc466c9,1382944468.3394585,C,1.4083355920269178,6.457702648323055,True,4.4707528217937935e-09,1.5999999999888048,0.7922284407201549,6181
GW231102_071736,C00:IMRPhenomXPHM-SpinTaylor,official,22a5127d30e414a39bc13eea3317735cc364693be1b1686e71d251275cc466c9,1382944468.3394585,ref,1.6638254588656634,6.457702648323055,True,4.4707528217937935e-09,0.6499999999889094,0.9105279702898806,-1
GW231102_071736,C00:IMRPhenomXPHM-SpinTaylor,official,22a5127d30e414a39bc13eea3317735cc364693be1b1686e71d251275cc466c9,1382944400.3394585,C,6.257394750608785,6.457702648323055,True,-3.7043380523434286e-09,-0.15000000001100244,1.0721106914847103,12696
GW231102_071736,C00:IMRPhenomXPHM-SpinTaylor,official,22a5127d30e414a39bc13eea3317735cc364693be1b1686e71d251275cc466c9,1382944400.3394585,ref,6.143140645560632,6.457702648323055,True,-3.7043380523434286e-09,-0.3000000000109859,1.1079661501968985,-1
GW231102_071736,C00:IMRPhenomXPHM-SpinTaylor,official,22a5127d30e414a39bc13eea3317735cc364693be1b1686e71d251275cc466c9,1382944332.3394585,C,4.666873950885318,6.457702648323055,True,-4.406884924339597e-09,0.399999999988937,0.9134918984517312,4510
GW231102_071736,C00:IMRPhenomXPHM-SpinTaylor,official,22a5127d30e414a39bc13eea3317735cc364693be1b1686e71d251275cc466c9,1382944332.3394585,ref,4.526149987161501,6.457702648323055,True,-4.406884924339597e-09,-0.4000000000109749,1.017074223056487,-1
GW231102_071736,C00:IMRPhenomXPHM-SpinTaylor,official,22a5127d30e414a39bc13eea3317735cc364693be1b1686e71d251275cc466c9,1382944264.3394585,C,2.1733394936152264,6.457702648323055,True,1.2773579490839409e-09,0.8499999999888874,0.9636094221470829,8442
GW231102_071736,C00:IMRPhenomXPHM-SpinTaylor,official,22a5127d30e414a39bc13eea3317735cc364693be1b1686e71d251275cc466c9,1382944264.3394585,ref,2.1340098497901545,6.457702648323055,True,1.2134900516297438e-09,0.5499999999889205,1.0628977569629159,-1
GW231102_071736,C00:IMRPhenomXPHM-SpinTaylor,official,22a5127d30e414a39bc13eea3317735cc364693be1b1686e71d251275cc466c9,1382944196.3394585,C,0.37070836818211794,6.457702648323055,True,2.554715898167882e-10,-1.1000000000108978,0.884877740553774,10159
GW231102_071736,C00:IMRPhenomXPHM-SpinTaylor,official,22a5127d30e414a39bc13eea3317735cc364693be1b1686e71d251275cc466c9,1382944196.3394585,ref,0.3743394250919445,6.457702648323055,True,2.554715898167882e-10,-0.20000000001099694,1.0200740254930265,-1
GW231108_125142,C00:IMRPhenomXPHM-SpinTaylor,official,22a5127d30e414a39bc13eea3317735cc364693be1b1686e71d251275cc466c9,1383483042.4397902,C,2.433219229851677,4.262639975287367,True,-1.3371788643527752e-10,0.14999999998896452,0.9782320984504529,10879
GW231108_125142,C00:IMRPhenomXPHM-SpinTaylor,official,22a5127d30e414a39bc13eea3317735cc364693be1b1686e71d251275cc466c9,1383483042.4397902,ref,2.2894508724594957,4.262639975287367,True,-1.3371788643527752e-10,-1.1018963519404679e-11,1.0414257048466673,-1
GW231108_125142,C00:IMRPhenomXPHM-SpinTaylor,official,22a5127d30e414a39bc13eea3317735cc364693be1b1686e71d251275cc466c9,1383483186.4397902,C,0.46643742668111055,4.262639975287367,True,8.445340195912265e-11,0.04999999998897553,0.7631627472270585,4942
GW231108_125142,C00:IMRPhenomXPHM-SpinTaylor,official,22a5127d30e414a39bc13eea3317735cc364693be1b1686e71d251275cc466c9,1383483186.4397902,ref,0.4032955892170169,4.262639975287367,True,8.445340195912265e-11,0.04999999998897553,1.0315030855087308,-1
GW231108_125142,C00:IMRPhenomXPHM-SpinTaylor,official,22a5127d30e414a39bc13eea3317735cc364693be1b1686e71d251275cc466c9,1383482970.4397902,C,0.3542461174516378,4.262639975287367,True,-1.2668010293868398e-10,-0.10000000001100795,0.9157009858738884,1884
GW231108_125142,C00:IMRPhenomXPHM-SpinTaylor,official,22a5127d30e414a39bc13eea3317735cc364693be1b1686e71d251275cc466c9,1383482970.4397902,ref,0.3716583460304306,4.262639975287367,True,-1.2668010293868398e-10,-0.05000000001101346,1.0511385860675937,-1
GW231108_125142,C00:IMRPhenomXPHM-SpinTaylor,official,22a5127d30e414a39bc13eea3317735cc364693be1b1686e71d251275cc466c9,1383483258.4397902,C,3.8053039051401694,4.262639975287367,True,2.5336020587736796e-10,-0.25000000001099143,0.8119155067137285,6923
GW231108_125142,C00:IMRPhenomXPHM-SpinTaylor,official,22a5127d30e414a39bc13eea3317735cc364693be1b1686e71d251275cc466c9,1383483258.4397902,ref,3.7960921242922776,4.262639975287367,True,2.5336020587736796e-10,-0.15000000001100244,1.032225956301418,-1
GW231108_125142,C00:IMRPhenomXPHM-SpinTaylor,official,22a5127d30e414a39bc13eea3317735cc364693be1b1686e71d251275cc466c9,1383482898.4397902,C,1.2858879661193028,4.262639975287367,True,1.2668010293868398e-10,0.09999999998897002,0.9991273134508694,12673
GW231108_125142,C00:IMRPhenomXPHM-SpinTaylor,official,22a5127d30e414a39bc13eea3317735cc364693be1b1686e71d251275cc466c9,1383482898.4397902,ref,1.350551428716714,4.262639975287367,True,1.2668010293868398e-10,-0.10000000001100795,1.0529089290265277,-1
GW231108_125142,C00:IMRPhenomXPHM-SpinTaylor,official,22a5127d30e414a39bc13eea3317735cc364693be1b1686e71d251275cc466c9,1383483330.4397902,C,0.7945655041053024,4.262639975287367,True,9.852896895230976e-11,0.49999999998892597,0.8828264150533979,9626
GW231108_125142,C00:IMRPhenomXPHM-SpinTaylor,official,22a5127d30e414a39bc13eea3317735cc364693be1b1686e71d251275cc466c9,1383483330.4397902,ref,0.8373790194123523,4.262639975287367,True,9.852896895230976e-11,0.3499999999889425,1.1177408887729905,-1
GW231108_125142,C00:IMRPhenomXPHM-SpinTaylor,official,22a5127d30e414a39bc13eea3317735cc364693be1b1686e71d251275cc466c9,1383482826.4397902,C,0.29101569182723136,4.262639975287367,True,1.1260453594549687e-10,-0.4000000000109749,0.8856314011298017,3204
GW231108_125142,C00:IMRPhenomXPHM-SpinTaylor,official,22a5127d30e414a39bc13eea3317735cc364693be1b1686e71d251275cc466c9,1383482826.4397902,ref,0.2770507481172643,4.262639975287367,True,1.1260453594549687e-10,-0.25000000001099143,1.0644858635412096,-1
GW231108_125142,C00:IMRPhenomXPHM-SpinTaylor,official,22a5127d30e414a39bc13eea3317735cc364693be1b1686e71d251275cc466c9,1383483402.4397902,C,1.7530080151840859,4.262639975287367,True,-7.741561846252911e-11,0.299999999988948,0.9184714905667313,9460
GW231108_125142,C00:IMRPhenomXPHM-SpinTaylor,official,22a5127d30e414a39bc13eea3317735cc364693be1b1686e71d251275cc466c9,1383483402.4397902,ref,1.6681664111886083,4.262639975287367,True,-7.741561846252911e-11,0.2499999999889535,1.0232465927017484,-1
GW231206_233134,C00:IMRPhenomXPHM-SpinTaylor,official,22a5127d30e414a39bc13eea3317735cc364693be1b1686e71d251275cc466c9,1385940634.5035925,C,2.5833921971416527,5.294219372548299,True,1.4602974591298084e-10,0.299999999988948,0.7731684489331638,8659
GW231206_233134,C00:IMRPhenomXPHM-SpinTaylor,official,22a5127d30e414a39bc13eea3317735cc364693be1b1686e71d251275cc466c9,1385940634.5035925,ref,2.6172816114802298,5.294219372548299,True,1.4602974591298084e-10,-0.15000000001100244,0.9929499176045866,-1
GW231206_233134,C00:IMRPhenomXPHM-SpinTaylor,official,22a5127d30e414a39bc13eea3317735cc364693be1b1686e71d251275cc466c9,1385940778.5035925,C,6.541190450889689,5.294219372548299,False,-1.0222082213908658e-09,-0.4000000000109749,0.8878089204160409,12099
GW231206_233134,C00:IMRPhenomXPHM-SpinTaylor,official,22a5127d30e414a39bc13eea3317735cc364693be1b1686e71d251275cc466c9,1385940778.5035925,ref,6.718077493139466,5.294219372548299,False,-9.126859119561302e-10,-0.25000000001099143,0.9754156272151464,-1
GW231206_233134,C00:IMRPhenomXPHM-SpinTaylor,official,22a5127d30e414a39bc13eea3317735cc364693be1b1686e71d251275cc466c9,1385940562.5035925,C,1.8979109031283206,5.294219372548299,True,5.111041106954329e-10,-0.8000000000109309,0.6664913564110779,7969
GW231206_233134,C00:IMRPhenomXPHM-SpinTaylor,official,22a5127d30e414a39bc13eea3317735cc364693be1b1686e71d251275cc466c9,1385940562.5035925,ref,1.8053907739711357,5.294219372548299,True,5.111041106954329e-10,-0.7500000000109364,1.0083636173312378,-1
GW231206_233134,C00:IMRPhenomXPHM-SpinTaylor,official,22a5127d30e414a39bc13eea3317735cc364693be1b1686e71d251275cc466c9,1385940850.5035925,C,1.2445515131393985,5.294219372548299,True,3.650743647824521e-10,1.0499999999888654,0.8607850740326474,1614
GW231206_233134,C00:IMRPhenomXPHM-SpinTaylor,official,22a5127d30e414a39bc13eea3317735cc364693be1b1686e71d251275cc466c9,1385940850.5035925,ref,1.371054633802789,5.294219372548299,True,3.650743647824521e-10,0.4499999999889315,1.11954522999966,-1
GW231206_233134,C00:IMRPhenomXPHM-SpinTaylor,official,22a5127d30e414a39bc13eea3317735cc364693be1b1686e71d251275cc466c9,1385940490.5035925,C,4.213739297768543,5.294219372548299,True,2.920594918259617e-10,0.2499999999889535,1.2173154172788787,3756
GW231206_233134,C00:IMRPhenomXPHM-SpinTaylor,official,22a5127d30e414a39bc13eea3317735cc364693be1b1686e71d251275cc466c9,1385940490.5035925,ref,4.358319445967782,5.294219372548299,True,2.920594918259617e-10,-0.05000000001101346,1.188390544153724,-1
GW231206_233134,C00:IMRPhenomXPHM-SpinTaylor,official,22a5127d30e414a39bc13eea3317735cc364693be1b1686e71d251275cc466c9,1385940922.5035925,C,0.7074112199448076,5.294219372548299,True,4.015818012606973e-10,0.2499999999889535,0.9094915458978313,920
GW231206_233134,C00:IMRPhenomXPHM-SpinTaylor,official,22a5127d30e414a39bc13eea3317735cc364693be1b1686e71d251275cc466c9,1385940922.5035925,ref,0.5453056471396652,5.294219372548299,True,4.015818012606973e-10,-0.25000000001099143,1.0115626880413315,-1
GW231206_233134,C00:IMRPhenomXPHM-SpinTaylor,official,22a5127d30e414a39bc13eea3317735cc364693be1b1686e71d251275cc466c9,1385940418.5035925,C,1.6898502162663251,5.294219372548299,True,-2.0079090063034866e-10,-0.3000000000109859,0.798055083279187,5715
GW231206_233134,C00:IMRPhenomXPHM-SpinTaylor,official,22a5127d30e414a39bc13eea3317735cc364693be1b1686e71d251275cc466c9,1385940418.5035925,ref,1.5823131501530958,5.294219372548299,True,-2.0079090063034866e-10,-0.5500000000109584,1.0412453657062593,-1
GW231206_233134,C00:IMRPhenomXPHM-SpinTaylor,official,22a5127d30e414a39bc13eea3317735cc364693be1b1686e71d251275cc466c9,1385940994.5035925,C,2.017052190811455,5.294219372548299,True,2.1904461886947125e-10,-0.10000000001100795,1.0043211568963377,5056
GW231206_233134,C00:IMRPhenomXPHM-SpinTaylor,official,22a5127d30e414a39bc13eea3317735cc364693be1b1686e71d251275cc466c9,1385940994.5035925,ref,1.8170049330225597,5.294219372548299,True,2.1904461886947125e-10,0.09999999998897002,0.9803548277841055,-1
GW231206_233901,C00:IMRPhenomXPHM-SpinTaylor,official,22a5127d30e414a39bc13eea3317735cc364693be1b1686e71d251275cc466c9,1385941081.5035274,C,15.140693272319083,4.587920049909088,False,-1.4561238490686675e-09,-0.4000000000109749,0.9238645271284405,7884
GW231206_233901,C00:IMRPhenomXPHM-SpinTaylor,official,22a5127d30e414a39bc13eea3317735cc364693be1b1686e71d251275cc466c9,1385941081.5035274,ref,15.332774198882941,4.587920049909088,False,-1.4561238490686675e-09,-0.25000000001099143,0.9236669873124704,-1
GW231206_233901,C00:IMRPhenomXPHM-SpinTaylor,official,22a5127d30e414a39bc13eea3317735cc364693be1b1686e71d251275cc466c9,1385941225.5035274,C,0.08205930528931972,4.587920049909088,True,-3.386334532717832e-11,0.199999999988959,0.9357933807768783,11670
GW231206_233901,C00:IMRPhenomXPHM-SpinTaylor,official,22a5127d30e414a39bc13eea3317735cc364693be1b1686e71d251275cc466c9,1385941225.5035274,ref,0.07744889881671443,4.587920049909088,True,-3.386334532717832e-11,0.299999999988948,0.9937716144427652,-1
GW231206_233901,C00:IMRPhenomXPHM-SpinTaylor,official,22a5127d30e414a39bc13eea3317735cc364693be1b1686e71d251275cc466c9,1385941009.5035274,C,0.6786335916065198,4.587920049909088,True,1.8624839929948074e-09,-0.4500000000109694,0.916523911509149,12098
GW231206_233901,C00:IMRPhenomXPHM-SpinTaylor,official,22a5127d30e414a39bc13eea3317735cc364693be1b1686e71d251275cc466c9,1385941009.5035274,ref,0.0,4.587920049909088,True,-0.0,-0.3000000000109859,0.9910185051982467,-1
GW231206_233901,C00:IMRPhenomXPHM-SpinTaylor,official,22a5127d30e414a39bc13eea3317735cc364693be1b1686e71d251275cc466c9,1385941297.5035274,C,1.897892203396251,4.587920049909088,True,4.0636014392613976e-10,-0.10000000001100795,1.0368824903255704,5745
GW231206_233901,C00:IMRPhenomXPHM-SpinTaylor,official,22a5127d30e414a39bc13eea3317735cc364693be1b1686e71d251275cc466c9,1385941297.5035274,ref,1.800192913114032,4.587920049909088,True,4.0636014392613976e-10,0.09999999998897002,1.033291141085247,-1
GW231206_233901,C00:IMRPhenomXPHM-SpinTaylor,official,22a5127d30e414a39bc13eea3317735cc364693be1b1686e71d251275cc466c9,1385940937.5035274,C,3.775210594248745,4.587920049909088,True,-5.756768705620313e-10,0.04999999998897553,0.9819016480329977,6686
GW231206_233901,C00:IMRPhenomXPHM-SpinTaylor,official,22a5127d30e414a39bc13eea3317735cc364693be1b1686e71d251275cc466c9,1385940937.5035274,ref,3.8154541081905142,4.587920049909088,True,-5.418135252348531e-10,0.09999999998897002,1.0358159579805946,-1
GW231206_233901,C00:IMRPhenomXPHM-SpinTaylor,official,22a5127d30e414a39bc13eea3317735cc364693be1b1686e71d251275cc466c9,1385941369.5035274,C,1.5727942646055806,4.587920049909088,True,-6.095402158892097e-10,0.04999999998897553,0.9711144303114398,5635
GW231206_233901,C00:IMRPhenomXPHM-SpinTaylor,official,22a5127d30e414a39bc13eea3317735cc364693be1b1686e71d251275cc466c9,1385941369.5035274,ref,1.585416751086374,4.587920049909088,True,-6.095402158892097e-10,-0.05000000001101346,0.9935894635149879,-1
GW231206_233901,C00:IMRPhenomXPHM-SpinTaylor,official,22a5127d30e414a39bc13eea3317735cc364693be1b1686e71d251275cc466c9,1385940865.5035274,C,2.6662742650693465,4.587920049909088,True,-1.3545338130871326e-09,0.299999999988948,0.9229051682921332,5247
GW231206_233901,C00:IMRPhenomXPHM-SpinTaylor,official,22a5127d30e414a39bc13eea3317735cc364693be1b1686e71d251275cc466c9,1385940865.5035274,ref,2.47488364772565,4.587920049909088,True,-1.3545338130871326e-09,0.3499999999889425,0.9760362551989614,-1
GW231206_233901,C00:IMRPhenomXPHM-SpinTaylor,official,22a5127d30e414a39bc13eea3317735cc364693be1b1686e71d251275cc466c9,1385941441.5035274,C,3.458284059795312,4.587920049909088,True,-8.804469785066362e-10,0.299999999988948,0.9115988997154074,2226
GW231206_233901,C00:IMRPhenomXPHM-SpinTaylor,official,22a5127d30e414a39bc13eea3317735cc364693be1b1686e71d251275cc466c9,1385941441.5035274,ref,3.1341334818250375,4.587920049909088,True,-8.804469785066362e-10,0.299999999988948,1.0324327125506316,-1
GW231224_024321,C00:IMRPhenomXPHM-SpinTaylor,official,22a5127d30e414a39bc13eea3317735cc364693be1b1686e71d251275cc466c9,1387420893.954191,C,0.02789123475417538,5.158510882906256,True,1.168680759244274e-12,-0.05000000001101346,0.9000662276843757,4264
GW231224_024321,C00:IMRPhenomXPHM-SpinTaylor,official,22a5127d30e414a39bc13eea3317735cc364693be1b1686e71d251275cc466c9,1387420893.954191,ref,0.035720521552476014,5.158510882906256,True,1.168680759244274e-12,-1.1018963519404679e-11,1.010144850774378,-1
GW231224_024321,C00:IMRPhenomXPHM-SpinTaylor,official,22a5127d30e414a39bc13eea3317735cc364693be1b1686e71d251275cc466c9,1387421085.954191,C,4.48985600361586,5.158510882906256,True,6.778348403616788e-11,0.09999999998897002,0.7466531935864681,255
GW231224_024321,C00:IMRPhenomXPHM-SpinTaylor,official,22a5127d30e414a39bc13eea3317735cc364693be1b1686e71d251275cc466c9,1387421085.954191,ref,4.3200200069642465,5.158510882906256,True,6.778348403616788e-11,-1.1018963519404679e-11,0.8959862997626039,-1
GW231224_024321,C00:IMRPhenomXPHM-SpinTaylor,official,22a5127d30e414a39bc13eea3317735cc364693be1b1686e71d251275cc466c9,1387420797.954191,C,0.0,5.158510882906256,True,-0.0,-0.05000000001101346,0.8576493975439018,11074
GW231224_024321,C00:IMRPhenomXPHM-SpinTaylor,official,22a5127d30e414a39bc13eea3317735cc364693be1b1686e71d251275cc466c9,1387420797.954191,ref,0.0,5.158510882906256,True,-0.0,-0.05000000001101346,0.9214855232618597,-1
GW231224_024321,C00:IMRPhenomXPHM-SpinTaylor,official,22a5127d30e414a39bc13eea3317735cc364693be1b1686e71d251275cc466c9,1387421181.954191,C,13.574862202098442,5.158510882906256,False,-1.343982873130915e-10,0.04999999998897553,0.8740441608964268,8342
GW231224_024321,C00:IMRPhenomXPHM-SpinTaylor,official,22a5127d30e414a39bc13eea3317735cc364693be1b1686e71d251275cc466c9,1387421181.954191,ref,13.62332829657454,5.158510882906256,False,-1.343982873130915e-10,0.04999999998897553,0.9510714829406621,-1
GW231224_024321,C00:IMRPhenomXPHM-SpinTaylor,official,22a5127d30e414a39bc13eea3317735cc364693be1b1686e71d251275cc466c9,1387420701.954191,C,0.1229999176013091,5.158510882906256,True,-1.0518126833198465e-11,-1.1018963519404679e-11,1.0496826274147457,12495
GW231224_024321,C00:IMRPhenomXPHM-SpinTaylor,official,22a5127d30e414a39bc13eea3317735cc364693be1b1686e71d251275cc466c9,1387420701.954191,ref,0.19036525950905533,5.158510882906256,True,-1.0518126833198465e-11,0.09999999998897002,1.0381334665665776,-1
GW231224_024321,C00:IMRPhenomXPHM-SpinTaylor,official,22a5127d30e414a39bc13eea3317735cc364693be1b1686e71d251275cc466c9,1387421277.954191,C,1.994253882269128,5.158510882906256,True,2.3373615184885477e-11,0.199999999988959,1.0157128201179395,6335
GW231224_024321,C00:IMRPhenomXPHM-SpinTaylor,official,22a5127d30e414a39bc13eea3317735cc364693be1b1686e71d251275cc466c9,1387421277.954191,ref,2.1273483697354187,5.158510882906256,True,2.3373615184885477e-11,0.14999999998896452,1.0696062888411408,-1
GW231224_024321,C00:IMRPhenomXPHM-SpinTaylor,official,22a5127d30e414a39bc13eea3317735cc364693be1b1686e71d251275cc466c9,1387420605.954191,C,4.01628853977642,5.158510882906256,True,7.245820707314498e-11,0.04999999998897553,1.043182186864257,5106
GW231224_024321,C00:IMRPhenomXPHM-SpinTaylor,official,22a5127d30e414a39bc13eea3317735cc364693be1b1686e71d251275cc466c9,1387420605.954191,ref,3.622670431571091,5.158510882906256,True,7.245820707314498e-11,0.04999999998897553,1.1007012597642143,-1
GW231224_024321,C00:IMRPhenomXPHM-SpinTaylor,official,22a5127d30e414a39bc13eea3317735cc364693be1b1686e71d251275cc466c9,1387421373.954191,C,2.2450528369601646,5.158510882906256,True,-2.921701898110685e-11,0.09999999998897002,0.7687408647176075,13931
GW231224_024321,C00:IMRPhenomXPHM-SpinTaylor,official,22a5127d30e414a39bc13eea3317735cc364693be1b1686e71d251275cc466c9,1387421373.954191,ref,2.2640400953822137,5.158510882906256,True,-2.921701898110685e-11,0.09999999998897002,0.9263202244135827,-1
GW231226_101520,C00:IMRPhenomXPHM-SpinTaylor,official,22a5127d30e414a39bc13eea3317735cc364693be1b1686e71d251275cc466c9,1387620868.3197021,C,1.567393679502592,3.6674055277247373,True,-3.7187690378053444e-10,-0.10000000001100795,0.9481443489472954,4819
GW231226_101520,C00:IMRPhenomXPHM-SpinTaylor,official,22a5127d30e414a39bc13eea3317735cc364693be1b1686e71d251275cc466c9,1387620868.3197021,ref,1.5289981825001995,3.6674055277247373,True,-3.7187690378053444e-10,-0.10000000001100795,0.965487470413807,-1
GW231226_101520,C00:IMRPhenomXPHM-SpinTaylor,official,22a5127d30e414a39bc13eea3317735cc364693be1b1686e71d251275cc466c9,1387621004.3197021,C,3.5268462789453583,3.6674055277247373,True,-1.0298129643153261e-09,0.09999999998897002,0.9985730111194039,12546
GW231226_101520,C00:IMRPhenomXPHM-SpinTaylor,official,22a5127d30e414a39bc13eea3317735cc364693be1b1686e71d251275cc466c9,1387621004.3197021,ref,3.3829604395326127,3.6674055277247373,True,-1.0012070486399004e-09,-1.1018963519404679e-11,1.014104162121475,-1
GW231226_101520,C00:IMRPhenomXPHM-SpinTaylor,official,22a5127d30e414a39bc13eea3317735cc364693be1b1686e71d251275cc466c9,1387620800.3197021,C,0.0008985890033160675,3.6674055277247373,True,2.8605915675425727e-11,0.09999999998897002,0.9366103050655028,13747
GW231226_101520,C00:IMRPhenomXPHM-SpinTaylor,official,22a5127d30e414a39bc13eea3317735cc364693be1b1686e71d251275cc466c9,1387620800.3197021,ref,0.007715479316214469,3.6674055277247373,True,2.8605915675425727e-11,0.04999999998897553,1.0196693562372465,-1
GW231226_101520,C00:IMRPhenomXPHM-SpinTaylor,official,22a5127d30e414a39bc13eea3317735cc364693be1b1686e71d251275cc466c9,1387621072.3197021,C,1.9277054229759207,3.6674055277247373,True,7.437538075610689e-10,0.09999999998897002,0.9476170096526632,2305
GW231226_101520,C00:IMRPhenomXPHM-SpinTaylor,official,22a5127d30e414a39bc13eea3317735cc364693be1b1686e71d251275cc466c9,1387621072.3197021,ref,2.197012780164636,3.6674055277247373,True,7.437538075610689e-10,0.04999999998897553,0.967436059171357,-1
GW231226_101520,C00:IMRPhenomXPHM-SpinTaylor,official,22a5127d30e414a39bc13eea3317735cc364693be1b1686e71d251275cc466c9,1387620732.3197021,C,0.3291998440099445,3.6674055277247373,True,-1.1442366270170291e-10,-0.15000000001100244,1.0047249800714457,12854
GW231226_101520,C00:IMRPhenomXPHM-SpinTaylor,official,22a5127d30e414a39bc13eea3317735cc364693be1b1686e71d251275cc466c9,1387620732.3197021,ref,0.3011110014526532,3.6674055277247373,True,-1.1442366270170291e-10,-1.1018963519404679e-11,1.0199137690227578,-1
GW231226_101520,C00:IMRPhenomXPHM-SpinTaylor,official,22a5127d30e414a39bc13eea3317735cc364693be1b1686e71d251275cc466c9,1387621140.3197021,C,0.13353050668280214,3.6674055277247373,True,2.0024140972798005e-10,-1.1018963519404679e-11,0.9753251882226645,1075
GW231226_101520,C00:IMRPhenomXPHM-SpinTaylor,official,22a5127d30e414a39bc13eea3317735cc364693be1b1686e71d251275cc466c9,1387621140.3197021,ref,0.12507348927605233,3.6674055277247373,True,1.7163549405255434e-10,-0.05000000001101346,1.0184181767173435,-1
GW231226_101520,C00:IMRPhenomXPHM-SpinTaylor,official,22a5127d30e414a39bc13eea3317735cc364693be1b1686e71d251275cc466c9,1387620664.3197021,C,1.2107686088400307,3.6674055277247373,True,-3.7187690378053444e-10,0.199999999988959,0.9305124773030472,7289
GW231226_101520,C00:IMRPhenomXPHM-SpinTaylor,official,22a5127d30e414a39bc13eea3317735cc364693be1b1686e71d251275cc466c9,1387620664.3197021,ref,1.0367167516099536,3.6674055277247373,True,-3.7187690378053444e-10,0.14999999998896452,1.016404689712559,-1
GW231226_101520,C00:IMRPhenomXPHM-SpinTaylor,official,22a5127d30e414a39bc13eea3317735cc364693be1b1686e71d251275cc466c9,1387621208.3197021,C,0.04484560335598359,3.6674055277247373,True,-5.7211831350851454e-11,-0.25000000001099143,0.9378563861756867,6439
GW231226_101520,C00:IMRPhenomXPHM-SpinTaylor,official,22a5127d30e414a39bc13eea3317735cc364693be1b1686e71d251275cc466c9,1387621208.3197021,ref,0.023206282435290448,3.6674055277247373,True,-2.8605915675425727e-11,-0.10000000001100795,0.9816286956307944,-1
