event,label,snr_opt,snr_mf,snr_ratio,dt_ms,abs_a,arg_a,res_z_max,n_off,edge,error
GW150914,C01:IMRPhenomXPHM,23.89985786537186,26.055507803235663,1.002134915509064,0.399999999988937,1.0901950944648542,0.06628391494858593,2.930181505103067,8,False,
GW150914,C01:SEOBNRv4PHM,30.16256217099561,25.75616545487222,0.9906217482643161,-15.70000000000929,0.8539117237075903,2.964009721313499,2.929169641601253,8,False,
GW151226,C01:IMRPhenomXPHM,12.567138641819348,13.192341412711551,1.0387670403709883,-0.10000000001100795,1.0497490151665654,0.005223890376271281,1.4447973340420777,6,False,
GW170104,C01:IMRPhenomXPHM,13.522355195216749,14.142959801220524,1.0248521595087337,-0.10000000001100795,1.0458947126476388,0.1091598229115866,1.6276512612354908,8,False,
GW170104,C01:SEOBNRv4PHM,11.772368855421952,13.295771066858093,0.9634616715114559,14.949999999987334,1.1294048997398272,-2.1579712719504305,1.569333377061973,8,False,
GW170608,C01:IMRPhenomXPHM,15.482869221462305,15.58859385274786,1.0188623433168535,-1.1018963519404679e-11,1.0068284908806824,0.10870457980552437,0.5187071583852749,8,False,
GW170608,C01:SEOBNRv4PHM,14.580928854387299,15.385321956037764,1.0055765984338407,8.149999999988083,1.0551674800476396,-2.594883057535652,0.6248445557170567,8,False,
GW170809,C01:IMRPhenomXPHM,12.215953993814617,13.082209382534517,1.022047608010509,0.14999999998896452,1.0709118083744023,0.09818874912991907,0.9133970477903743,8,False,
GW170809,C01:SEOBNRv4PHM,12.757861630457079,12.778336840612127,0.9983075656728224,3.7499999999885683,1.001604909251106,0.6007976207459874,0.9205243556410686,8,False,
GW170814,C01:IMRPhenomXPHM,16.854299396451207,17.96665552300427,1.015065283785552,-0.10000000001100795,1.065998360441329,-0.02283556009979899,1.0376823172401097,8,False,
GW170814,C01:SEOBNRv4PHM,15.406755666870367,17.21457438335103,0.9725748239181374,-15.100000000009356,1.117339351357929,2.680186309538729,0.9960413132486499,8,False,
GW170818,C01:IMRPhenomXPHM,10.994627112330997,12.294749573182823,1.024562464431902,-0.15000000001100244,1.1182507098757062,-0.010378625178839362,1.36062613997228,8,False,
GW170818,C01:SEOBNRv4PHM,13.982968450866133,10.873756453808609,0.9061463711507174,9.849999999987896,0.7776429226753399,0.8844223268099093,1.325526433258021,8,False,
GW170823,C01:IMRPhenomXPHM,13.814261140177432,12.396005497567753,1.0160660243907995,-0.25000000001099143,0.8973339487202235,0.024300052096927732,1.8234061178186354,8,False,
GW170823,C01:SEOBNRv4PHM,12.941528666547358,12.14785056105598,0.9957254558242608,-26.5000000000081,0.9386719972623513,2.1815875757065752,1.7320335802395532,8,False,
GW190408_181802,C01:IMRPhenomXPHM,16.95431508291445,14.896397762518069,1.0203012166108267,0.04999999998897553,0.8786198492636111,0.03477814815716837,2.1362716497805714,8,False,
GW190408_181802,C01:SEOBNRv4PHM,14.75062538387932,14.550108054055716,0.9965827434284737,1.2499999999888434,0.9864061811207853,1.0726649269819182,2.10859854586094,8,False,
GW190412,C01:IMRPhenomXPHM,17.871452927159673,19.87145971965663,1.003609076750335,0.14999999998896452,1.111910699183137,-0.00027605182753713157,5.446736768970847,8,False,
GW190412,C01:SEOBNRv4PHM,20.60130976737897,16.72202729646724,0.8445468331549111,8.699999999988023,0.8116972894095131,0.9730877730434017,5.472074466894762,8,False,
GW190503_185404,C01:IMRPhenomXPHM,12.435451872398891,12.35334801335156,1.0125695092911116,-1.1018963519404679e-11,0.9933975974584753,0.08292921114841152,3.666053633718435,8,False,
GW190503_185404,C01:SEOBNRv4PHM,12.821511193619212,12.211594847339635,1.000950397322921,8.249999999988072,0.9524302293958057,-1.5529170427671048,3.6702704385964617,8,False,
GW190512_180714,C01:IMRPhenomXPHM,12.888512232241139,13.094808720426915,1.031087300821017,-0.20000000001099694,1.0160062297702384,0.033041749332513165,1.610133507266413,8,False,
GW190512_180714,C01:SEOBNRv4PHM,13.768889253425113,12.927503613169774,1.0179136703283287,-23.70000000000841,0.9388922646722547,-0.3054720028657502,1.5335085627563902,8,False,
GW190513_205428,C01:IMRPhenomXPHM,12.425918654810047,12.958209036742277,1.0366567229393822,-0.20000000001099694,1.0428371049834761,-0.09602330465402382,2.2527112940898415,8,False,
GW190513_205428,C01:SEOBNRv4PHM,12.752892908588752,12.718653937681013,1.017492315014481,23.199999999986424,0.9973151996842473,0.8026638804925331,2.230018071653612,8,False,
GW190519_153544,C01:IMRPhenomXPHM,14.704779429591678,16.02599923232618,1.0079244800205143,0.399999999988937,1.0898496852034174,-0.11877595632843413,2.8320058270016815,8,False,
GW190519_153544,C01:SEOBNRv4PHM,17.506567885879026,14.672374965544718,0.9227908783361457,-2.450000000010749,0.8381068785835287,3.1223754909410504,2.7172150389669776,8,False,
GW190521,C01:IMRPhenomXPHM,13.264429657542747,15.05637561026626,1.0528933993193188,0.4499999999889315,1.1350940823682176,0.36121716932627945,1.911921504408696,8,False,
GW190521_074359,C01:IMRPhenomXPHM,25.31858753124363,25.90241559241637,1.0000932661164623,-0.05000000001101346,1.0230592666534926,-0.04408982086788728,0.4759085413981101,8,False,
GW190521_074359,C01:SEOBNRv4PHM,25.248622937280448,25.453964458896177,0.982778550536532,10.649999999987807,1.0081327810283283,-1.1417993831005842,0.6867783656672963,8,False,
GW190602_175927,C01:IMRPhenomXPHM,12.917334316285618,13.345895249265785,1.011052670398923,-0.05000000001101346,1.0331771960442222,0.017727903889141475,2.797408878437551,8,False,
GW190620_030421,C01:IMRPhenomXPHM,15.249434318964859,12.340568683963035,1.0198817094184327,-1.1018963519404679e-11,0.8092476367215645,0.03927120615614973,2.8498272528845296,8,False,
GW190620_030421,C01:SEOBNRv4PHM,11.106622323768852,10.55952334401619,0.8726878796707596,-7.950000000010143,0.9507411917138986,0.9735802509543628,2.8142914918506725,8,False,
GW190630_185205,C01:IMRPhenomXPHM,14.092239531380017,16.663839850753266,1.0160877957776382,0.09999999998897002,1.1824834380402711,-0.052286822337599154,4.249547686393219,8,False,
GW190630_185205,C01:SEOBNRv4PHM,16.325972369095513,16.064654455546727,0.9795521009479712,-14.750000000009395,0.9839937305024812,-2.2532736936466446,4.080917351453148,8,False,
GW190706_222641,C01:IMRPhenomXPHM,14.633212575199225,13.615098195302998,1.0160521041270894,-0.10000000001100795,0.9304244112723574,-0.09115208351249186,0.36877614033594086,8,False,
GW190706_222641,C01:SEOBNRv4PHM,14.48906589859594,12.816419035032435,0.9564491817188384,-39.00000000000672,0.8845579918491785,-1.2412581907757354,0.3211033912777188,8,False,
GW190707_093326,C01:IMRPhenomXPHM,13.703489575476592,13.588648546055374,1.0373014157294178,0.199999999988959,0.9916195777149542,-0.014777737440356955,1.1467199416240044,8,False,
GW190707_093326,C01:SEOBNRv4PHM,12.884838449948948,13.114655574041606,1.0011187461100464,-30.100000000007704,1.017836244124083,-2.014987505783499,1.158016591678818,8,False,
GW190708_232457,C01:IMRPhenomXPHM,12.565685307250794,13.657632440175009,1.0192263015055976,0.14999999998896452,1.0868991309446632,0.02789159316045627,4.295305477252303,8,False,
GW190708_232457,C01:SEOBNRv4PHM,15.133580321634396,13.415309614001513,1.0011425085075756,13.049999999987543,0.8864597358249384,2.1460455156568896,4.03300000448674,8,False,
GW190728_064510,C01:IMRPhenomXPHM,13.397266037354562,13.647549826265388,1.0417976966614801,-1.1018963519404679e-11,1.0186817062685014,0.005259807246990561,2.7677709075286696,8,False,
GW190728_064510,C01:SEOBNRv4PHM,14.260193606776946,12.373802564410644,0.944565081252721,-1.1000000000108978,0.8677163091621825,2.100450022237356,2.8469854228401186,8,False,
GW190828_063405,C01:IMRPhenomXPHM,15.684691162828289,16.72583716923599,1.0136871011658177,0.09999999998897002,1.066379758173062,-0.028912050752163288,0.7475067746983184,8,False,
GW190910_112807,C01:IMRPhenomXPHM,13.109906200581428,14.60959774453648,1.0075584651404468,-0.25000000001099143,1.114393766134539,0.061766738131552625,2.51798820931523,8,False,
GW190910_112807,C01:SEOBNRv4PHM,17.170540568409464,13.78096175567156,0.9504111555635559,9.649999999987918,0.8025933546335702,-1.2574105565152935,2.487952359546856,8,False,
GW190915_235702,C01:IMRPhenomXPHM,13.84252697590745,13.424057522646311,1.024737215469184,0.04999999998897553,0.9697692875015179,0.016457217880497452,1.0282037908120134,8,False,
GW190915_235702,C01:SEOBNRv4PHM,11.641964734815952,11.354511353564277,0.8667565918751357,-5.5500000000104075,0.975308859990614,2.324584857007449,1.028034089145945,8,False,
GW190924_021846,C01:IMRPhenomXPHM,11.931067002215597,12.77674326293619,1.0647286052446825,-0.10000000001100795,1.0708801870414064,-0.162765200859544,1.9885164857956377,8,False,
GW190924_021846,C01:SEOBNRv4PHM,12.681504973484222,12.49600469167321,1.041333724306101,8.44999999998805,0.9853723763702436,3.119672153167186,1.9757457166660526,8,False,
GW191109_010717,C01:IMRPhenomXPHM,17.61809892401804,18.129326053535674,1.047937922169692,-0.10000000001100795,1.0290171562620016,-0.1981963773566783,0.6250209039160096,8,False,
GW191109_010717,C01:SEOBNRv4PHM,19.726586235431654,16.936425470352734,0.9789841312342621,-33.65000000000731,0.8585583571440552,-2.967600324610505,0.7211084210304464,8,False,
GW191129_134029,C01:IMRPhenomXPHM,13.662837553425874,13.398196478983154,1.0227630899987141,-0.15000000001100244,0.9806305920415219,-0.05144487215128996,1.6878864189189315,8,False,
GW191129_134029,C01:SEOBNRv4PHM,12.473890473408725,12.88399046800657,0.9835107227485931,-19.50000000000887,1.0328766711133208,3.1404282377048256,1.749561563464232,8,False,
GW191216_213338,C01:IMRPhenomXPHM,18.91074193310902,18.761435351651233,1.008679319981249,-0.10000000001100795,0.9921046682363965,-0.012027148175352937,2.119342968808562,8,False,
GW191216_213338,C01:SEOBNRv4PHM,19.948908743088428,18.197133843043964,0.978340529195912,1.7999999999887828,0.9121869309943386,3.0740975950274443,2.1315416533418925,8,False,
GW191222_033537,C01:IMRPhenomXPHM,12.350203612679877,12.536034385072144,1.0028827508057716,-1.1018963519404679e-11,1.0150467780305643,-0.01333125348875138,5.0453653997416295,8,False,
GW191222_033537,C01:SEOBNRv4PHM,11.803447546213697,12.494125900020393,0.9995300720016315,-23.550000000008424,1.058514967860238,1.3199883611653742,5.2686918472154245,8,False,
GW200112_155838,C01:IMRPhenomXPHM,19.317009130975553,19.89144850192621,1.0046186112083944,0.2499999999889535,1.0297374902634133,0.014452009716509099,2.7977622468575776,8,False,
GW200112_155838,C01:SEOBNRv4PHM,21.19101137785796,19.672650329385657,0.993568198453821,2.09999999998875,0.9283488163260197,-2.9388186180598788,2.794881606696559,8,False,
GW200129_065458,C01:IMRPhenomXPHM,26.657014460180037,26.476377185941192,0.9879245218634773,0.04999999998897553,0.9932236494634956,-0.014901599035050901,2.3291592537219636,8,False,
GW200129_065458,C01:SEOBNRv4PHM,32.80820522214937,25.469636903821115,0.9503595859634745,-22.95000000000849,0.7763191168600146,1.5363863054997056,2.2567612073327585,8,False,
GW200224_222234,C01:IMRPhenomXPHM,19.69599960248109,20.198874535893005,1.0099437267946503,-0.3000000000109859,1.025531831009408,0.10688117915146222,1.1081370028958697,8,False,
GW200224_222234,C01:SEOBNRv4PHM,23.098670578601418,19.78209767510789,0.9891048837553946,-25.850000000008173,0.8564171521383575,0.5171777521953005,1.0886229873758728,8,False,
GW200225_060421,C01:IMRPhenomXPHM,11.708783661845665,13.047134076709943,1.0437707261367954,-1.1018963519404679e-11,1.1143031123912075,0.08292128177390143,0.7777528232071059,8,False,
GW200225_060421,C01:SEOBNRv4PHM,8.7451213647511,8.253230460413958,0.6602584368331166,16.549999999987158,0.9437525354056489,1.2096039513812284,0.5479299609045521,8,False,
GW200311_115853,C01:IMRPhenomXPHM,17.091711205870176,18.063556521927918,1.0148065461757256,-1.1018963519404679e-11,1.0568606211719722,0.0768781638946759,0.9798233926579687,8,False,
GW200311_115853,C01:SEOBNRv4PHM,17.560118641781365,17.299324009867444,0.9718721353858114,7.149999999988194,0.9851484698233527,-2.09320254762308,0.979910140655055,8,False,
GW230601_224134,C00:IMRPhenomXPHM-SpinTaylor,13.816062322844944,13.448662958178959,1.0036315640432059,-0.5000000000109639,0.9734078092526777,-0.24693032425037093,3.2122312491063516,8,False,
GW230601_224134,C00:SEOBNRv5PHM,14.76474870747042,12.92573753574675,0.9646072787870709,0.2499999999889535,0.8754458197589777,0.7365350429976991,2.9564052980432542,8,False,
GW230627_015337,C00:IMRPhenomXPHM-SpinTaylor,29.168287597280468,28.45270736318851,0.991383531818415,0.14999999998896452,0.9754671839508784,0.002313754867136757,1.0401598753196348,8,False,
GW230627_015337,C00:SEOBNRv5PHM,27.51154994273894,28.433441442591906,0.9907122453864776,0.09999999998897002,1.0335092534507047,0.04651298237050214,1.0382439072831589,8,False,
GW230628_231200,C00:IMRPhenomXPHM-SpinTaylor,15.718773801481504,16.183209996693108,0.986781097359336,-0.05000000001101346,1.0295465919337699,0.02299186469645985,2.8794743770155433,8,False,
GW230628_231200,C00:SEOBNRv5PHM,16.3936468972684,16.24636934998188,0.9906322774379196,0.14999999998896452,0.9910161815604885,0.06543201251998507,2.743618046932824,8,False,
GW230731_215307,C00:IMRPhenomXPHM-SpinTaylor,10.003425142397626,12.340686043309896,1.0115316428942538,-1.1018963519404679e-11,1.2336460629875894,0.027969782624963736,1.4740022984232264,8,False,
GW230731_215307,C00:SEOBNRv5PHM,12.550491243975419,12.35222741104493,1.0124776566430271,0.09999999998897002,0.9842027033781917,0.03737246325595853,1.4740494409308191,8,False,
GW230811_032116,C00:IMRPhenomXPHM-SpinTaylor,13.054396456914679,13.56875176216492,0.997702335453303,0.399999999988937,1.039400925730105,0.024918550189743507,0.9977425715810971,8,False,
GW230811_032116,C00:SEOBNRv5PHM,14.129657144837514,13.717831041611776,1.0086640471773365,0.09999999998897002,0.9708537794651155,0.0863130265045132,0.9981370129560491,8,False,
GW230814_230901,C00:IMRPhenomXPHM-SpinTaylor,44.804693308199006,43.21490635867495,1.0049978222947664,-0.4500000000109694,0.9645174013671213,0.01787524844995507,0.05015687326455665,8,False,
GW230814_230901,C00:SEOBNRv5PHM,43.1542599964587,43.22434709084799,1.0052173742057673,-0.10000000001100795,1.0016241060417916,0.004528389896161676,0.11700210319309544,8,False,
GW230914_111401,C00:IMRPhenomXPHM-SpinTaylor,15.92650058549085,16.807861642751977,0.9772012582995336,0.14999999998896452,1.0553392788660718,0.09998486061814689,1.3593757411352863,8,False,
GW230914_111401,C00:SEOBNRv5PHM,16.907658766245817,16.50209941679309,0.9594243846972728,0.14999999998896452,0.9760132756959596,-0.07520328581534647,1.3476111658854888,8,False,
GW230919_215712,C00:IMRPhenomXPHM-SpinTaylor,16.156853014254153,16.453595775952902,0.9793807009495774,-0.05000000001101346,1.0183663713123434,0.04059571394891454,1.0253035802706896,8,False,
GW230919_215712,C00:SEOBNRv5PHM,16.95200374720371,16.564425878415015,0.9859777308580366,-1.1018963519404679e-11,0.9771367518218826,-0.04165024255931128,1.0103977768901986,8,False,
GW230922_020344,C00:IMRPhenomXPHM-SpinTaylor,13.228618992419973,12.979975005775902,0.9686548511773061,-0.20000000001099694,0.9812040858696933,-0.09282212708482256,0.7542406376910136,8,False,
GW230922_020344,C00:SEOBNRv5PHM,12.147350903276521,12.540564613818871,0.9358630308820053,0.14999999998896452,1.032370326145455,-0.09417150519115301,1.208049336573828,8,False,
GW230922_040658,C00:IMRPhenomXPHM-SpinTaylor,11.48320036052198,12.057981541041388,0.964638523283311,0.7999999999888929,1.050054093151195,0.14792542422620716,0.3917519009839394,8,False,
GW230922_040658,C00:SEOBNRv5PHM,12.215497140481109,11.87038570745641,0.9496308565965128,2.299999999988728,0.9717480648510793,0.06337296197102008,0.1266795886654865,8,False,
GW230924_124453,C00:IMRPhenomXPHM-SpinTaylor,14.193725163157376,13.477247808588364,0.998314652488027,0.14999999998896452,0.9495215423482506,0.010206910151638793,1.7912537615705937,8,False,
GW230924_124453,C00:SEOBNRv5PHM,12.778699858466453,13.514616084539735,1.0010826729288693,0.09999999998897002,1.0575892879732758,-0.07011174982527828,1.7688015485582929,8,False,
GW230927_043729,C00:IMRPhenomXPHM-SpinTaylor,9.573196174076394,11.303525355404437,0.9341756492069783,-0.20000000001099694,1.1807472812490425,-0.1291888267247015,1.0466997637402937,8,False,
GW230927_043729,C00:SEOBNRv5PHM,11.942558388249711,11.196566827431395,0.9253361014406112,0.299999999988948,0.9375350292151556,0.14116034828987636,1.145317596919671,8,False,
GW230927_153832,C00:IMRPhenomXPHM-SpinTaylor,19.771139557760893,20.38933508648905,1.0044007431768005,-0.05000000001101346,1.031267571953661,-0.05664607020096223,2.59028882011198,8,False,
GW230927_153832,C00:SEOBNRv5PHM,20.42966175621993,20.332699509605902,1.0016108132810788,0.04999999998897553,0.9952538496343677,0.007106134302510586,2.8678450047971826,8,False,
GW231020_142947,C00:IMRPhenomXPHM-SpinTaylor,11.278703163981016,11.597787719213212,0.9664823099344343,-0.10000000001100795,1.028290890414707,-0.27054741644535385,2.1995296933778303,8,False,
GW231020_142947,C00:SEOBNRv5PHM,11.18797243897562,11.632646334768628,0.9693871945640523,0.199999999988959,1.039745708904671,-0.012131314699072422,2.2113001834105144,8,False,
GW231028_153006,C00:IMRPhenomXPHM-SpinTaylor,21.193482132625928,21.597490330097266,0.9641736754507708,-0.5500000000109584,1.0190628512550752,-0.04538288201690896,1.1767517081956351,8,False,
GW231028_153006,C00:SEOBNRv5PHM,26.368798146920813,21.75032509967681,0.970996656235572,0.7499999999888984,0.8248508323545521,-0.09819561730082355,1.0303882774098387,8,False,
GW231102_071736,C00:IMRPhenomXPHM-SpinTaylor,15.45745217863832,14.459273428902355,0.9268765018527151,-0.5000000000109639,0.9354241088246475,-0.03707514185689241,1.3334175349687578,8,False,
GW231102_071736,C00:SEOBNRv5PHM,14.23614995599595,14.212740145447555,0.9110730862466382,0.09999999998897002,0.9983556080386371,2.2517332519694935,1.3267958750798783,8,False,
GW231108_125142,C00:IMRPhenomXPHM-SpinTaylor,14.7152647613853,13.074215209892415,1.0376361277692394,-0.10000000001100795,0.8884797808192207,0.03577094917697045,1.4863940286926582,8,False,
GW231108_125142,C00:SEOBNRv5PHM,11.950894012534093,13.128955373663109,1.041980585211358,0.09999999998897002,1.0985751659995868,0.07527651856971769,1.4842769558004503,8,False,
GW231123_135430,C00:IMRPhenomXPHM-SpinTaylor,21.743252449325578,21.274945332183684,0.9759149234946644,-0.3000000000109859,0.9784619564973862,-0.1746148249567992,1.8163624401931624,8,False,
GW231123_135430,C00:SEOBNRv5PHM,23.182425854007004,15.568487138760533,0.7141507861816758,2.699999999988684,0.6715641942221321,2.559950063670871,1.7241060166100188,8,False,
GW231206_233134,C00:IMRPhenomXPHM-SpinTaylor,13.628881079156898,11.817958178696003,0.9232779827106252,-0.20000000001099694,0.8671260766057751,0.07121916520762761,0.956308301372251,8,False,
GW231206_233134,C00:SEOBNRv5PHM,14.23458464915232,12.090647211609197,0.9445818134069685,0.09999999998897002,0.8493853181960741,-0.10411230556070299,0.8403772531776827,8,False,
GW231206_233901,C00:IMRPhenomXPHM-SpinTaylor,22.20261502766471,21.793965961695807,0.9951582630911329,-0.4500000000109694,0.9815945524678186,0.017901933678595088,2.745087881501242,8,False,
GW231206_233901,C00:SEOBNRv5PHM,22.425338014307712,21.730719200470883,0.9922702831265244,-0.4500000000109694,0.9690252689438326,0.014855091198735975,2.7418257047708443,8,False,
GW231224_024321,C00:IMRPhenomXPHM-SpinTaylor,13.59917280744508,13.764096558133966,0.9831497541524261,0.09999999998897002,1.0121274840039238,-0.00669717418602874,1.5123024800964668,8,False,
GW231224_024321,C00:SEOBNRv5PHM,12.007259784994242,13.623742520241048,0.9731244657315035,-0.05000000001101346,1.1346254486195897,0.037978398062241125,1.5127913794124908,8,False,
GW231226_101520,C00:IMRPhenomXPHM-SpinTaylor,36.92781875997849,35.905888024998866,1.0347518162823879,0.3499999999889425,0.9723262632536755,-0.039557493680469895,1.2861531225980736,8,False,
GW231226_101520,C00:SEOBNRv5PHM,34.307749793648966,35.545606079965864,1.024369051295846,-0.3000000000109859,1.0360809523726342,-0.18183861027407996,1.2433284659198984,8,False,
GW231231_154016,C00:IMRPhenomXPHM-SpinTaylor,15.160084672369633,13.663184291450438,1.019640618764958,-0.15000000001100244,0.9012604208176087,0.026728835294397093,0.06943204880802595,8,False,
GW231231_154016,C00:SEOBNRv5PHM,15.226525955091565,13.769380005022963,1.027565672016639,-0.15000000001100244,0.9043021399387987,0.03195097604493308,0.11443641217033211,8,False,
GW240104_164932,C00:IMRPhenomXPHM-SpinTaylor,14.78643803060271,14.845063056193183,1.003044801094134,0.4499999999889315,1.0039647835042584,0.1729372745071253,1.3795046554327213,8,False,
GW240104_164932,C00:SEOBNRv5PHM,17.467452953926756,14.80622984305916,1.0004209353418352,0.199999999988959,0.8476467566343528,0.00925325711292678,1.2283355492717682,8,False,
