event,version,ifo,url,file,bytes,sha256
GW150914,4,H1,https://gwosc.org/archive/data/O1/1126170624/H-H1_LOSC_4_V1-1126256640-4096.hdf5,H-H1_LOSC_4_V1-1126256640-4096.hdf5,130159479,30ad150a40c911e24652f2ffc2f8e7a92bb60d579531dde3160f475bb306c41a
GW150914,4,L1,https://gwosc.org/archive/data/O1/1126170624/L-L1_LOSC_4_V1-1126256640-4096.hdf5,L-L1_LOSC_4_V1-1126256640-4096.hdf5,120033701,b6896cb749931cfc0c35fb01e750f1c4e6847830122f9afa5640ebc78e97f384
GW151226,3,H1,https://gwosc.org/archive/data/O1/1134559232/H-H1_LOSC_4_V1-1135132672-4096.hdf5,H-H1_LOSC_4_V1-1135132672-4096.hdf5,17925241,9b10b25410aa915d36761c81f97da6b11db46ef012c06af85d62e8696bdbd9e0
GW151226,3,L1,https://gwosc.org/archive/data/O1/1134559232/L-L1_LOSC_4_V1-1135132672-4096.hdf5,L-L1_LOSC_4_V1-1135132672-4096.hdf5,128031295,9bc0a2e09557eeb003d60e8bfc5e32ec96936e9006702791261736e55ebc3431
GW170104,3,H1,https://gwosc.org/archive/data/O2_4KHZ_R1/1167065088/H-H1_GWOSC_O2_4KHZ_R1-1167556608-4096.hdf5,H-H1_GWOSC_O2_4KHZ_R1-1167556608-4096.hdf5,129383884,ee4128624db981696d7030858e26d9c3a14c182980359aa87b9f60818c961f6e
GW170104,3,L1,https://gwosc.org/archive/data/O2_4KHZ_R1/1167065088/L-L1_GWOSC_O2_4KHZ_R1-1167556608-4096.hdf5,L-L1_GWOSC_O2_4KHZ_R1-1167556608-4096.hdf5,125581807,bb0671ad5938d72d4b1950ba2af4842aa283268cca583fb7113353d14f961d3b
GW170608,4,L1,https://gwosc.org/archive/data/O2_4KHZ_R1/1180696576/L-L1_GWOSC_O2_4KHZ_R1-1180921856-4096.hdf5,L-L1_GWOSC_O2_4KHZ_R1-1180921856-4096.hdf5,129665619,c7db8d310449b106d5dd889373ada0a6b1be0a771860f88b0492bbca6732f28b
GW170809,2,H1,https://gwosc.org/archive/data/O2_4KHZ_R1/1185939456/H-H1_GWOSC_O2_4KHZ_R1-1186299904-4096.hdf5,H-H1_GWOSC_O2_4KHZ_R1-1186299904-4096.hdf5,129339008,445fc6022aba76ebfde166c419d96698e1e83b138bc5a479ec9fdfc9088bfbab
GW170809,2,L1,https://gwosc.org/archive/data/O2_4KHZ_R1/1185939456/L-L1_GWOSC_O2_4KHZ_R1-1186299904-4096.hdf5,L-L1_GWOSC_O2_4KHZ_R1-1186299904-4096.hdf5,129807097,98b0d4c41fe21a99784a61b0093582dd339377565a31036010e638b2a15873e8
GW170814,4,H1,https://gwosc.org/archive/data/O2_4KHZ_R1/1185939456/H-H1_GWOSC_O2_4KHZ_R1-1186738176-4096.hdf5,H-H1_GWOSC_O2_4KHZ_R1-1186738176-4096.hdf5,129364159,3645898b5c3a1da850899807e305c9a9264c3dce9d859ccb5c025e705d031fd1
GW170814,4,L1,https://gwosc.org/archive/data/O2_4KHZ_R1/1185939456/L-L1_GWOSC_O2_4KHZ_R1-1186738176-4096.hdf5,L-L1_GWOSC_O2_4KHZ_R1-1186738176-4096.hdf5,129775887,36608bcb5e04146292b5a62a24b4fd3b80899bcb655a40e9deff28f042825daf
GW170814,4,V1,https://gwosc.org/archive/data/O2_4KHZ_R1/1185939456/V-V1_GWOSC_O2_4KHZ_R1-1186738176-4096.hdf5,V-V1_GWOSC_O2_4KHZ_R1-1186738176-4096.hdf5,129479037,fb8cadcf78b43889709edb20bda500ed24ea119d429884e69ac9f67c0913fda4
GW170818,2,H1,https://gwosc.org/archive/data/O2_4KHZ_R1/1186988032/H-H1_GWOSC_O2_4KHZ_R1-1187057664-4096.hdf5,H-H1_GWOSC_O2_4KHZ_R1-1187057664-4096.hdf5,129319205,ee267c2d74e752783f4ece52180c099bba20b76d7941f6a3cc1fe3d1f20bd27b
GW170818,2,L1,https://gwosc.org/archive/data/O2_4KHZ_R1/1186988032/L-L1_GWOSC_O2_4KHZ_R1-1187057664-4096.hdf5,L-L1_GWOSC_O2_4KHZ_R1-1187057664-4096.hdf5,129258671,83fc7b35b2827ce50ac30a6825fc4e4a886c1551962f84dbaf9335eb3bab12d9
GW170818,2,V1,https://gwosc.org/archive/data/O2_4KHZ_R1/1186988032/V-V1_GWOSC_O2_4KHZ_R1-1187057664-4096.hdf5,V-V1_GWOSC_O2_4KHZ_R1-1187057664-4096.hdf5,108747900,4f68b8ea7c0bd20bcbeccc8085ce2f022cb84843e9ab90560f29e17f6b8bd9a8
GW170823,2,H1,https://gwosc.org/archive/data/O2_4KHZ_R1/1186988032/H-H1_GWOSC_O2_4KHZ_R1-1187528704-4096.hdf5,H-H1_GWOSC_O2_4KHZ_R1-1187528704-4096.hdf5,129370561,ddf857249312c41deab6ca2bff63cf32109cbc4dab290a30bb82af35fe9576b0
GW170823,2,L1,https://gwosc.org/archive/data/O2_4KHZ_R1/1186988032/L-L1_GWOSC_O2_4KHZ_R1-1187528704-4096.hdf5,L-L1_GWOSC_O2_4KHZ_R1-1187528704-4096.hdf5,129828184,9668a3d4e69b04c3ebd5afba8f3032b191b69c47bf71d459a58338bf3a804f60
GW190408_181802,2,H1,https://gwosc.org/eventapi/json/GWTC-2.1-confident/GW190408_181802/v2/H-H1_GWOSC_4KHZ_R1-1238780653-4096.hdf5,H-H1_GWOSC_4KHZ_R1-1238780653-4096.hdf5,129471800,0c3a92c5f2a4d8ff3d989c9adfca47e6636593332ec730d7f46aa29de6e676b3
GW190408_181802,2,L1,https://gwosc.org/eventapi/json/GWTC-2.1-confident/GW190408_181802/v2/L-L1_GWOSC_4KHZ_R1-1238780653-4096.hdf5,L-L1_GWOSC_4KHZ_R1-1238780653-4096.hdf5,129726476,15ba111b25f2c79728af26e9075ff8d480fb92720b63cb4ed30fbe4e137dfbb6
GW190408_181802,2,V1,https://gwosc.org/eventapi/json/GWTC-2.1-confident/GW190408_181802/v2/V-V1_GWOSC_4KHZ_R1-1238780653-4096.hdf5,V-V1_GWOSC_4KHZ_R1-1238780653-4096.hdf5,130277621,6d459838bf91f8acf24094725d2dc4e7403aff6444cc5e7e26208fafa58808d9
GW190412,4,H1,https://gwosc.org/eventapi/json/GWTC-2.1-confident/GW190412/v4/H-H1_GWOSC_4KHZ_R1-1239080215-4096.hdf5,H-H1_GWOSC_4KHZ_R1-1239080215-4096.hdf5,88535241,7e8f4ac6ee8f0379c7c3805fb38f75d2a0e87190a905e47297bb467ee184af8b
GW190412,4,L1,https://gwosc.org/eventapi/json/GWTC-2.1-confident/GW190412/v4/L-L1_GWOSC_4KHZ_R1-1239080215-4096.hdf5,L-L1_GWOSC_4KHZ_R1-1239080215-4096.hdf5,129869608,333f6478bba2b09766b764a1af4d04a7019ae006aa80e339c5ce274e8442728a
GW190412,4,V1,https://gwosc.org/eventapi/json/GWTC-2.1-confident/GW190412/v4/V-V1_GWOSC_4KHZ_R1-1239080215-4096.hdf5,V-V1_GWOSC_4KHZ_R1-1239080215-4096.hdf5,130154661,42b27579d0392501c962312dac7887036bccf5b802da4aa51817068d26a7da1c
GW190503_185404,2,H1,https://gwosc.org/eventapi/json/GWTC-2.1-confident/GW190503_185404/v2/H-H1_GWOSC_4KHZ_R1-1240942815-4096.hdf5,H-H1_GWOSC_4KHZ_R1-1240942815-4096.hdf5,129611395,77e8848ee3dfb58e3ef7200f5fa5fc8987c79d218941b6205ddc719ef9333e61
GW190503_185404,2,L1,https://gwosc.org/eventapi/json/GWTC-2.1-confident/GW190503_185404/v2/L-L1_GWOSC_4KHZ_R1-1240942815-4096.hdf5,L-L1_GWOSC_4KHZ_R1-1240942815-4096.hdf5,130110949,b3d163f1e58b4f5a3dd05f6c446a3d4c23a6569f61183e7e7c30cf870526fe7e
GW190503_185404,2,V1,https://gwosc.org/eventapi/json/GWTC-2.1-confident/GW190503_185404/v2/V-V1_GWOSC_4KHZ_R1-1240942815-4096.hdf5,V-V1_GWOSC_4KHZ_R1-1240942815-4096.hdf5,129971144,a26a1bbf32d019efb35c5b3aa700b6b861ca80ab082cc4b2c06d101432ec4937
GW190512_180714,2,H1,https://gwosc.org/eventapi/json/GWTC-2.1-confident/GW190512_180714/v2/H-H1_GWOSC_4KHZ_R1-1241717605-4096.hdf5,H-H1_GWOSC_4KHZ_R1-1241717605-4096.hdf5,129470436,76cb62354d7e8032793d5cba816c725aba6d747a4253166be51c6b2e88f678ee
GW190512_180714,2,L1,https://gwosc.org/eventapi/json/GWTC-2.1-confident/GW190512_180714/v2/L-L1_GWOSC_4KHZ_R1-1241717605-4096.hdf5,L-L1_GWOSC_4KHZ_R1-1241717605-4096.hdf5,129948155,b36526ea5214da12984d6a057f6cd3e6ee1953864af8467b0da79027d9f363ab
GW190512_180714,2,V1,https://gwosc.org/eventapi/json/GWTC-2.1-confident/GW190512_180714/v2/V-V1_GWOSC_4KHZ_R1-1241717605-4096.hdf5,V-V1_GWOSC_4KHZ_R1-1241717605-4096.hdf5,129669865,6dbc954ab4a4985d2cbe59dcfe17dfcaaf1ad209dab8a3ed306db05b83905cb0
GW190513_205428,2,H1,https://gwosc.org/eventapi/json/GWTC-2.1-confident/GW190513_205428/v2/H-H1_GWOSC_4KHZ_R1-1241814039-4096.hdf5,H-H1_GWOSC_4KHZ_R1-1241814039-4096.hdf5,128815651,d67d1bbf8aa0e936fdc1c7e80978f3c934af0b41aade3b0eb058ba751050aa3a
GW190513_205428,2,L1,https://gwosc.org/eventapi/json/GWTC-2.1-confident/GW190513_205428/v2/L-L1_GWOSC_4KHZ_R1-1241814039-4096.hdf5,L-L1_GWOSC_4KHZ_R1-1241814039-4096.hdf5,128738141,4ebe0ba2f77b7a22d7f90f7a3559245ef18c1dbb654070522707d1995246b707
GW190513_205428,2,V1,https://gwosc.org/eventapi/json/GWTC-2.1-confident/GW190513_205428/v2/V-V1_GWOSC_4KHZ_R1-1241814039-4096.hdf5,V-V1_GWOSC_4KHZ_R1-1241814039-4096.hdf5,129214687,4a4a0b93472b7de2f0ce271927561ee0f0575837975541309ad46cb01a1e6f44
GW190519_153544,2,H1,https://gwosc.org/eventapi/json/GWTC-2.1-confident/GW190519_153544/v2/H-H1_GWOSC_4KHZ_R1-1242313315-4096.hdf5,H-H1_GWOSC_4KHZ_R1-1242313315-4096.hdf5,129675836,defc334b916242e89c05ec4adad5c8a054a72fa962cb370e91d70071430d8641
GW190519_153544,2,L1,https://gwosc.org/eventapi/json/GWTC-2.1-confident/GW190519_153544/v2/L-L1_GWOSC_4KHZ_R1-1242313315-4096.hdf5,L-L1_GWOSC_4KHZ_R1-1242313315-4096.hdf5,94800304,537e5311d9ebdaae88db56dd68ceee3dafa8cdfeaab17203bd24f8fa310e0d0c
GW190519_153544,2,V1,https://gwosc.org/eventapi/json/GWTC-2.1-confident/GW190519_153544/v2/V-V1_GWOSC_4KHZ_R1-1242313315-4096.hdf5,V-V1_GWOSC_4KHZ_R1-1242313315-4096.hdf5,129581484,ac539bcae20ed41e07b092eedcc992b711cd8a5e8407f090a2c800d707146ac0
GW190521,4,H1,https://gwosc.org/eventapi/json/GWTC-2.1-confident/GW190521/v4/H-H1_GWOSC_4KHZ_R1-1242440920-4096.hdf5,H-H1_GWOSC_4KHZ_R1-1242440920-4096.hdf5,129562641,2b266bdc3c3b1b8ccfd5ab31d3480f31a1835c7ac40c83c1db0069f41a84317d
GW190521,4,L1,https://gwosc.org/eventapi/json/GWTC-2.1-confident/GW190521/v4/L-L1_GWOSC_4KHZ_R1-1242440920-4096.hdf5,L-L1_GWOSC_4KHZ_R1-1242440920-4096.hdf5,129808619,d1c25902074621e4a177ba830a9c0dfc7e13a7200b9e389d7f4ff01f974fadc2
GW190521,4,V1,https://gwosc.org/eventapi/json/GWTC-2.1-confident/GW190521/v4/V-V1_GWOSC_4KHZ_R1-1242440920-4096.hdf5,V-V1_GWOSC_4KHZ_R1-1242440920-4096.hdf5,129580776,e31657a5fc474918095054a9231aefa543a3de75197694d76ac64113f3c1eb9a
GW190521_074359,2,H1,https://gwosc.org/eventapi/json/GWTC-2.1-confident/GW190521_074359/v2/H-H1_GWOSC_4KHZ_R1-1242457810-4096.hdf5,H-H1_GWOSC_4KHZ_R1-1242457810-4096.hdf5,129563969,8bef7147abdbd9a2ed6d6a5a4f1aa1cfd085a3e36bfdf9f60d1c1d3e1f34aded
GW190521_074359,2,L1,https://gwosc.org/eventapi/json/GWTC-2.1-confident/GW190521_074359/v2/L-L1_GWOSC_4KHZ_R1-1242457810-4096.hdf5,L-L1_GWOSC_4KHZ_R1-1242457810-4096.hdf5,129852187,f771ab1329ae208ac63df8c0db4ed527eda7df71784c3c7d9bb37ad8aa0d41ca
GW190602_175927,2,H1,https://gwosc.org/eventapi/json/GWTC-2.1-confident/GW190602_175927/v2/H-H1_GWOSC_4KHZ_R1-1243531537-4096.hdf5,H-H1_GWOSC_4KHZ_R1-1243531537-4096.hdf5,129604183,43ba1755ca43cff19c21d37ca83863846f435cb4a602a8707c8a621475c0275a
GW190602_175927,2,L1,https://gwosc.org/eventapi/json/GWTC-2.1-confident/GW190602_175927/v2/L-L1_GWOSC_4KHZ_R1-1243531537-4096.hdf5,L-L1_GWOSC_4KHZ_R1-1243531537-4096.hdf5,130157452,2ff37d15ae6d2579af4d332b368959c5afe96bdd364c20f9e582e407ec3c0b2d
GW190602_175927,2,V1,https://gwosc.org/eventapi/json/GWTC-2.1-confident/GW190602_175927/v2/V-V1_GWOSC_4KHZ_R1-1243531537-4096.hdf5,V-V1_GWOSC_4KHZ_R1-1243531537-4096.hdf5,129989068,f68ecaba8954cb2a36b6baa2e4c500d46840d31ce4c34f5709374e2e9adeec63
GW190620_030421,2,L1,https://gwosc.org/eventapi/json/GWTC-2.1-confident/GW190620_030421/v2/L-L1_GWOSC_4KHZ_R1-1245033032-4096.hdf5,L-L1_GWOSC_4KHZ_R1-1245033032-4096.hdf5,129838019,162bb7b63840dea20e00ee7ba3d2244c6fb1851a59f922ac2b803bc2659056c5
GW190620_030421,2,V1,https://gwosc.org/eventapi/json/GWTC-2.1-confident/GW190620_030421/v2/V-V1_GWOSC_4KHZ_R1-1245033032-4096.hdf5,V-V1_GWOSC_4KHZ_R1-1245033032-4096.hdf5,130208470,89c39398394829b05274f7c53109c3da16bce6c0139d03ed2fa33b165f30d838
GW190630_185205,2,L1,https://gwosc.org/eventapi/json/GWTC-2.1-confident/GW190630_185205/v2/L-L1_GWOSC_4KHZ_R1-1245953896-4096.hdf5,L-L1_GWOSC_4KHZ_R1-1245953896-4096.hdf5,129894132,7982840576e6b127181f2aaca1641f75385df7c2290c8045adbd2828a76754b3
GW190630_185205,2,V1,https://gwosc.org/eventapi/json/GWTC-2.1-confident/GW190630_185205/v2/V-V1_GWOSC_4KHZ_R1-1245953896-4096.hdf5,V-V1_GWOSC_4KHZ_R1-1245953896-4096.hdf5,88590131,529714f0c370ff4df34a8f4d3bcca309df52646b000ec30e68b2a8d5021a4d71
GW190706_222641,2,H1,https://gwosc.org/eventapi/json/GWTC-2.1-confident/GW190706_222641/v2/H-H1_GWOSC_4KHZ_R1-1246485172-4096.hdf5,H-H1_GWOSC_4KHZ_R1-1246485172-4096.hdf5,129355920,d6f9b26e16d0fe6c84f4671d3160a9d6a01f476ea0880c1d07852d3ca25daf35
GW190706_222641,2,L1,https://gwosc.org/eventapi/json/GWTC-2.1-confident/GW190706_222641/v2/L-L1_GWOSC_4KHZ_R1-1246485172-4096.hdf5,L-L1_GWOSC_4KHZ_R1-1246485172-4096.hdf5,130167932,563652e108b4a2f08145be250735402d5a35fd60463f54f5d0d308bd8df6a878
GW190707_093326,2,H1,https://gwosc.org/eventapi/json/GWTC-2.1-confident/GW190707_093326/v2/H-H1_GWOSC_4KHZ_R1-1246525177-4096.hdf5,H-H1_GWOSC_4KHZ_R1-1246525177-4096.hdf5,129328724,7e71942f371713029004bd218696a0bee76e0cc9665a8b95f62658b3e4155d6a
GW190707_093326,2,L1,https://gwosc.org/eventapi/json/GWTC-2.1-confident/GW190707_093326/v2/L-L1_GWOSC_4KHZ_R1-1246525177-4096.hdf5,L-L1_GWOSC_4KHZ_R1-1246525177-4096.hdf5,130149040,3be890ccb7980acb8b9d5b928b436512bbf76f5240108ab7a7227eb51fbfe4b4
GW190708_232457,2,L1,https://gwosc.org/eventapi/json/GWTC-2.1-confident/GW190708_232457/v2/L-L1_GWOSC_4KHZ_R1-1246661468-4096.hdf5,L-L1_GWOSC_4KHZ_R1-1246661468-4096.hdf5,129923272,fa7bf19b915096913a1ad72fb9669e761451e65d33e0eca9064b6f356c36a16d
GW190708_232457,2,V1,https://gwosc.org/eventapi/json/GWTC-2.1-confident/GW190708_232457/v2/V-V1_GWOSC_4KHZ_R1-1246661468-4096.hdf5,V-V1_GWOSC_4KHZ_R1-1246661468-4096.hdf5,130394008,d0fdda7a16c25307eed1ecb9f3a70733e2d59458eff372caa9e13a7b88e52a5f
GW190728_064510,2,H1,https://gwosc.org/eventapi/json/GWTC-2.1-confident/GW190728_064510/v2/H-H1_GWOSC_4KHZ_R1-1248329481-4096.hdf5,H-H1_GWOSC_4KHZ_R1-1248329481-4096.hdf5,129550086,23529b4cbd63a486b6ea77e90fda10c614cbbace0ba101e1fcff6948b5638361
GW190728_064510,2,L1,https://gwosc.org/eventapi/json/GWTC-2.1-confident/GW190728_064510/v2/L-L1_GWOSC_4KHZ_R1-1248329481-4096.hdf5,L-L1_GWOSC_4KHZ_R1-1248329481-4096.hdf5,129981026,8367937aeaa00095ad391a99e4e65c491ca2b5b6315c4d990ad85c47f51d11e3
GW190728_064510,2,V1,https://gwosc.org/eventapi/json/GWTC-2.1-confident/GW190728_064510/v2/V-V1_GWOSC_4KHZ_R1-1248329481-4096.hdf5,V-V1_GWOSC_4KHZ_R1-1248329481-4096.hdf5,113038477,2ac5f311387a415c59fd27a66864fd326f49fe70f6819599a4189286c7c28bc9
GW190828_063405,2,H1,https://gwosc.org/eventapi/json/GWTC-2.1-confident/GW190828_063405/v2/H-H1_GWOSC_4KHZ_R1-1251007216-4096.hdf5,H-H1_GWOSC_4KHZ_R1-1251007216-4096.hdf5,129410363,cf50e2e16d2b2c11b8044e8667a2824c1f1ffd0d01b5d4cd40d49e941ff5a538
GW190828_063405,2,L1,https://gwosc.org/eventapi/json/GWTC-2.1-confident/GW190828_063405/v2/L-L1_GWOSC_4KHZ_R1-1251007216-4096.hdf5,L-L1_GWOSC_4KHZ_R1-1251007216-4096.hdf5,129864751,6d3e86d3bdd1d8f67fe334aeb27fd2d750ef627780b74916144c6327e250f356
GW190828_063405,2,V1,https://gwosc.org/eventapi/json/GWTC-2.1-confident/GW190828_063405/v2/V-V1_GWOSC_4KHZ_R1-1251007216-4096.hdf5,V-V1_GWOSC_4KHZ_R1-1251007216-4096.hdf5,130213354,9fe80700a3de1a9a429050485a255b5f9e37f2bdda841d7342d96c01665a34d4
GW190910_112807,2,L1,https://gwosc.org/eventapi/json/GWTC-2.1-confident/GW190910_112807/v2/L-L1_GWOSC_4KHZ_R1-1252148058-4096.hdf5,L-L1_GWOSC_4KHZ_R1-1252148058-4096.hdf5,129869854,2836582dc13d15aef0414cd19ab575ca61c04c1230f62abaf50ce0b5c0eb65b0
GW190910_112807,2,V1,https://gwosc.org/eventapi/json/GWTC-2.1-confident/GW190910_112807/v2/V-V1_GWOSC_4KHZ_R1-1252148058-4096.hdf5,V-V1_GWOSC_4KHZ_R1-1252148058-4096.hdf5,88394734,e274fa86708fe907eebae9ce611f072f94d9df7ff52702bb996a8bdd37e1eeff
GW190915_235702,2,H1,https://gwosc.org/eventapi/json/GWTC-2.1-confident/GW190915_235702/v2/H-H1_GWOSC_4KHZ_R1-1252624993-4096.hdf5,H-H1_GWOSC_4KHZ_R1-1252624993-4096.hdf5,129576258,ac5f6dfc63ba3174e33e6d5f5c989b9b94b07ccdc0888ae961208a767082567a
GW190915_235702,2,L1,https://gwosc.org/eventapi/json/GWTC-2.1-confident/GW190915_235702/v2/L-L1_GWOSC_4KHZ_R1-1252624993-4096.hdf5,L-L1_GWOSC_4KHZ_R1-1252624993-4096.hdf5,129780583,21b1d66e3ba513bd97e1364029c9c0a0c1f51a702867956937e8d9b2a1d009d2
GW190915_235702,2,V1,https://gwosc.org/eventapi/json/GWTC-2.1-confident/GW190915_235702/v2/V-V1_GWOSC_4KHZ_R1-1252624993-4096.hdf5,V-V1_GWOSC_4KHZ_R1-1252624993-4096.hdf5,76358856,1969e0d92e2432395b98687c7f3a6ce09e4bec0650b9dfca3f39cfedb82eea17
GW190924_021846,2,H1,https://gwosc.org/eventapi/json/GWTC-2.1-confident/GW190924_021846/v2/H-H1_GWOSC_4KHZ_R1-1253324697-4096.hdf5,H-H1_GWOSC_4KHZ_R1-1253324697-4096.hdf5,129536667,18932a5a7ab2ea69ca0a68f9404fccc65be6e3995890d21db0468ac7d9c0feb6
GW190924_021846,2,L1,https://gwosc.org/eventapi/json/GWTC-2.1-confident/GW190924_021846/v2/L-L1_GWOSC_4KHZ_R1-1253324697-4096.hdf5,L-L1_GWOSC_4KHZ_R1-1253324697-4096.hdf5,129870106,ef24789facc2f9b30013881fbd64c7110143cedad7014867dee003de98bb8995
GW190924_021846,2,V1,https://gwosc.org/eventapi/json/GWTC-2.1-confident/GW190924_021846/v2/V-V1_GWOSC_4KHZ_R1-1253324697-4096.hdf5,V-V1_GWOSC_4KHZ_R1-1253324697-4096.hdf5,130070920,c0380d065d7ddedc1ff105e87711e670942f676f2b116779b5bf5dfd56d7c006
GW191109_010717,1,H1,https://gwosc.org/eventapi/json/GWTC-3-confident/GW191109_010717/v1/H-H1_GWOSC_4KHZ_R1-1257294808-4096.hdf5,H-H1_GWOSC_4KHZ_R1-1257294808-4096.hdf5,127773645,1b3c5c703cfd4b55e249854c788339da3bb04fb93b8783e94cbce03de3f1a19e
GW191109_010717,1,L1,https://gwosc.org/eventapi/json/GWTC-3-confident/GW191109_010717/v1/L-L1_GWOSC_4KHZ_R1-1257294808-4096.hdf5,L-L1_GWOSC_4KHZ_R1-1257294808-4096.hdf5,130070469,c742318ff53c11a1ff63c1f0932b7eb4c3c5d282be245cbde3392e926b93c578
GW191129_134029,1,H1,https://gwosc.org/eventapi/json/GWTC-3-confident/GW191129_134029/v1/H-H1_GWOSC_4KHZ_R1-1259068000-4096.hdf5,H-H1_GWOSC_4KHZ_R1-1259068000-4096.hdf5,124778867,84c851a571b207994b7405efcb67747c412c740b69580c561415981321b03426
GW191129_134029,1,L1,https://gwosc.org/eventapi/json/GWTC-3-confident/GW191129_134029/v1/L-L1_GWOSC_4KHZ_R1-1259068000-4096.hdf5,L-L1_GWOSC_4KHZ_R1-1259068000-4096.hdf5,129957527,a14e472d6ea8b138f7413fc81f0f894750041be84361a52d2d6a398035e13ca7
GW191216_213338,1,H1,https://gwosc.org/eventapi/json/GWTC-3-confident/GW191216_213338/v1/H-H1_GWOSC_4KHZ_R1-1260565189-4096.hdf5,H-H1_GWOSC_4KHZ_R1-1260565189-4096.hdf5,129732268,efd61282f722f77080b53c8b869576bab0a6e4ac720c8aec0a84483eaf175c70
GW191216_213338,1,V1,https://gwosc.org/eventapi/json/GWTC-3-confident/GW191216_213338/v1/V-V1_GWOSC_4KHZ_R1-1260565189-4096.hdf5,V-V1_GWOSC_4KHZ_R1-1260565189-4096.hdf5,129694860,28d7748803aa56d10381d4e2c3ead19fdf7878f7b7dfa8f8c0ca2793f12ac931
GW191222_033537,1,H1,https://gwosc.org/eventapi/json/GWTC-3-confident/GW191222_033537/v1/H-H1_GWOSC_4KHZ_R1-1261018908-4096.hdf5,H-H1_GWOSC_4KHZ_R1-1261018908-4096.hdf5,129647398,89625200de4150ce681ac48f0d97dcc3d3ad105ee3ee5b416741055d84b8cd58
GW191222_033537,1,L1,https://gwosc.org/eventapi/json/GWTC-3-confident/GW191222_033537/v1/L-L1_GWOSC_4KHZ_R1-1261018908-4096.hdf5,L-L1_GWOSC_4KHZ_R1-1261018908-4096.hdf5,130021909,ffb0d4f875dc3a3f7d56bb0b99822619cb718a39505133f7b84634d5c04defc9
GW200112_155838,1,L1,https://gwosc.org/eventapi/json/GWTC-3-confident/GW200112_155838/v1/L-L1_GWOSC_4KHZ_R1-1262877888-4096.hdf5,L-L1_GWOSC_4KHZ_R1-1262877888-4096.hdf5,129812164,69061926b969cafe3bbc8d4e6adefad3a6a0681006022a71b2fa40ae434e95f5
GW200112_155838,1,V1,https://gwosc.org/eventapi/json/GWTC-3-confident/GW200112_155838/v1/V-V1_GWOSC_4KHZ_R1-1262877888-4096.hdf5,V-V1_GWOSC_4KHZ_R1-1262877888-4096.hdf5,129624864,96ce4a04334480937dbaecb6dbd721cede7380154d6cf9658fc0dcc08571cd13
GW200129_065458,1,H1,https://gwosc.org/eventapi/json/GWTC-3-confident/GW200129_065458/v1/H-H1_GWOSC_4KHZ_R1-1264314069-4096.hdf5,H-H1_GWOSC_4KHZ_R1-1264314069-4096.hdf5,129047452,e991fc097f863afbaf3a2071b01dd562d89fe68ca1458e543fae664fd153105c
GW200129_065458,1,L1,https://gwosc.org/eventapi/json/GWTC-3-confident/GW200129_065458/v1/L-L1_GWOSC_4KHZ_R1-1264314069-4096.hdf5,L-L1_GWOSC_4KHZ_R1-1264314069-4096.hdf5,129225369,1bd4d71a0641ea1264abc4b2929ae6c044c0eaa2a2b6de046f9a9fc62b711709
GW200129_065458,1,V1,https://gwosc.org/eventapi/json/GWTC-3-confident/GW200129_065458/v1/V-V1_GWOSC_4KHZ_R1-1264314069-4096.hdf5,V-V1_GWOSC_4KHZ_R1-1264314069-4096.hdf5,130178065,adceb8b7b275235508853154cb4131d5753995806c17128d76ba7d804516ee1b
GW200224_222234,1,H1,https://gwosc.org/eventapi/json/GWTC-3-confident/GW200224_222234/v1/H-H1_GWOSC_4KHZ_R1-1266616125-4096.hdf5,H-H1_GWOSC_4KHZ_R1-1266616125-4096.hdf5,129296821,88f7c835fad96c0245bbc09352e20b6447131cc002a45b1f39ab280ee925e68b
GW200224_222234,1,L1,https://gwosc.org/eventapi/json/GWTC-3-confident/GW200224_222234/v1/L-L1_GWOSC_4KHZ_R1-1266616125-4096.hdf5,L-L1_GWOSC_4KHZ_R1-1266616125-4096.hdf5,129204805,e75321ac4c94e1d560377851d4075d6709fffea7f6974514a758edf6e45d751b
GW200224_222234,1,V1,https://gwosc.org/eventapi/json/GWTC-3-confident/GW200224_222234/v1/V-V1_GWOSC_4KHZ_R1-1266616125-4096.hdf5,V-V1_GWOSC_4KHZ_R1-1266616125-4096.hdf5,129725964,702b31f3aa8421558392a8bb44b9be8b42cf8fe2937dc564b3c20de5e5d06f2f
GW200225_060421,1,H1,https://gwosc.org/eventapi/json/GWTC-3-confident/GW200225_060421/v1/H-H1_GWOSC_4KHZ_R1-1266643832-4096.hdf5,H-H1_GWOSC_4KHZ_R1-1266643832-4096.hdf5,128971315,0c12fc09396bd527249c0871c9ce3aa74eb15b3ca0ee62df12a12bda2228cec8
GW200225_060421,1,L1,https://gwosc.org/eventapi/json/GWTC-3-confident/GW200225_060421/v1/L-L1_GWOSC_4KHZ_R1-1266643832-4096.hdf5,L-L1_GWOSC_4KHZ_R1-1266643832-4096.hdf5,129203333,4b5f325f8f91ef0b03a639280e06988a0dc4765244d450a19d157dee450d41f3
GW200311_115853,1,H1,https://gwosc.org/eventapi/json/GWTC-3-confident/GW200311_115853/v1/H-H1_GWOSC_4KHZ_R1-1267961104-4096.hdf5,H-H1_GWOSC_4KHZ_R1-1267961104-4096.hdf5,129028581,738475b9f283c51dacd4f928aaf2bedcb77b66273c3e67e13735284ec066dbe8
GW200311_115853,1,L1,https://gwosc.org/eventapi/json/GWTC-3-confident/GW200311_115853/v1/L-L1_GWOSC_4KHZ_R1-1267961104-4096.hdf5,L-L1_GWOSC_4KHZ_R1-1267961104-4096.hdf5,104066719,c490f322612ba8ea51897144fdaed092ae32e66a062ac6aa6c69881a1737796e
GW200311_115853,1,V1,https://gwosc.org/eventapi/json/GWTC-3-confident/GW200311_115853/v1/V-V1_GWOSC_4KHZ_R1-1267961104-4096.hdf5,V-V1_GWOSC_4KHZ_R1-1267961104-4096.hdf5,129855907,ba4a6a4fff1fddaa0fafcfa1644582f79804dcf6310bcb24c0e815d5493b9760
GW230601_224134,1,H1,https://gwosc.org/archive/data/O4a_4KHZ_R1/1369440256/H-H1_GWOSC_O4a_4KHZ_R1-1369694208-4096.hdf5,H-H1_GWOSC_O4a_4KHZ_R1-1369694208-4096.hdf5,129091382,2a2cbb9d6537d81daab7c5ee7ee4eabfe23d5908082fed31c619f84ab011853c
GW230601_224134,1,L1,https://gwosc.org/archive/data/O4a_4KHZ_R1/1369440256/L-L1_GWOSC_O4a_4KHZ_R1-1369694208-4096.hdf5,L-L1_GWOSC_O4a_4KHZ_R1-1369694208-4096.hdf5,128687377,3febe8c1832622d9783ca15d27920e55563bd32e9daa66c44c8d826eafe1d346
GW230627_015337,1,H1,https://gwosc.org/archive/data/O4a_4KHZ_R1/1371537408/H-H1_GWOSC_O4a_4KHZ_R1-1371865088-4096.hdf5,H-H1_GWOSC_O4a_4KHZ_R1-1371865088-4096.hdf5,129179946,ad5478eb24dc8e63640a9e6acf03e12ad919b7e5c15bae80db35f0d4b0ca25d2
GW230627_015337,1,L1,https://gwosc.org/archive/data/O4a_4KHZ_R1/1371537408/L-L1_GWOSC_O4a_4KHZ_R1-1371865088-4096.hdf5,L-L1_GWOSC_O4a_4KHZ_R1-1371865088-4096.hdf5,128685658,9fa7a86ad38421f73d55b8970ffb7749ba9e3cc91b042ab75deeb6a6bb304c25
GW230628_231200,1,H1,https://gwosc.org/archive/data/O4a_4KHZ_R1/1371537408/H-H1_GWOSC_O4a_4KHZ_R1-1372028928-4096.hdf5,H-H1_GWOSC_O4a_4KHZ_R1-1372028928-4096.hdf5,128994632,035219c6565c15d7ad3cbd32a7d4c95ab9d7ba6b6bdd3eeb10f95a124ea67c2d
GW230628_231200,1,L1,https://gwosc.org/archive/data/O4a_4KHZ_R1/1371537408/L-L1_GWOSC_O4a_4KHZ_R1-1372028928-4096.hdf5,L-L1_GWOSC_O4a_4KHZ_R1-1372028928-4096.hdf5,128697943,7890f1753626b95df221477c58d67ca68fedcb0adc0d1628958d65dc99fb830a
GW230731_215307,1,H1,https://gwosc.org/archive/data/O4a_4KHZ_R1/1374683136/H-H1_GWOSC_O4a_4KHZ_R1-1374871552-4096.hdf5,H-H1_GWOSC_O4a_4KHZ_R1-1374871552-4096.hdf5,122906444,6189829f5d86f33b710624b2605b035506fe2a3b84e5338334da0c1f4110b134
GW230731_215307,1,L1,https://gwosc.org/archive/data/O4a_4KHZ_R1/1374683136/L-L1_GWOSC_O4a_4KHZ_R1-1374871552-4096.hdf5,L-L1_GWOSC_O4a_4KHZ_R1-1374871552-4096.hdf5,28826288,c1d4e45cccac968b283891553c8ebd81b16035fb38089eac6c30661778442ab3
GW230811_032116,1,H1,https://gwosc.org/archive/data/O4a_4KHZ_R1/1375731712/H-H1_GWOSC_O4a_4KHZ_R1-1375756288-4096.hdf5,H-H1_GWOSC_O4a_4KHZ_R1-1375756288-4096.hdf5,129162717,84123b5c6b2e55cd3a6c80b2acd6eeada0fb9aeed46f33ba29c8a9bde738e6a9
GW230811_032116,1,L1,https://gwosc.org/archive/data/O4a_4KHZ_R1/1375731712/L-L1_GWOSC_O4a_4KHZ_R1-1375756288-4096.hdf5,L-L1_GWOSC_O4a_4KHZ_R1-1375756288-4096.hdf5,128720860,01c921cd8adf924c8d632f2ced117073e0b04f641e06a8fed5427e745ac19a41
GW230814_230901,1,L1,https://gwosc.org/archive/data/O4a_4KHZ_R1/1375731712/L-L1_GWOSC_O4a_4KHZ_R1-1376088064-4096.hdf5,L-L1_GWOSC_O4a_4KHZ_R1-1376088064-4096.hdf5,128698736,52c15925172d282aaa03f903a59b21a3f44e016b085d1ed4c28578a07256cfc6
GW230914_111401,1,H1,https://gwosc.org/archive/data/O4a_4KHZ_R1/1377828864/H-H1_GWOSC_O4a_4KHZ_R1-1378721792-4096.hdf5,H-H1_GWOSC_O4a_4KHZ_R1-1378721792-4096.hdf5,128997551,9bef4ef5224681158c090519d8eccf1ba4692cebe465ccc405a66bc0e530928d
GW230914_111401,1,L1,https://gwosc.org/archive/data/O4a_4KHZ_R1/1377828864/L-L1_GWOSC_O4a_4KHZ_R1-1378721792-4096.hdf5,L-L1_GWOSC_O4a_4KHZ_R1-1378721792-4096.hdf5,128731305,afa0cdce06155ee6a37bc06eac1c3f97a467df3ca75f8e6c34832183868a8155
GW230919_215712,1,H1,https://gwosc.org/archive/data/O4a_4KHZ_R1/1378877440/H-H1_GWOSC_O4a_4KHZ_R1-1379192832-4096.hdf5,H-H1_GWOSC_O4a_4KHZ_R1-1379192832-4096.hdf5,90326907,3b705f5c7725fa862ee136aa575f1b271f60a30377d7792342659c33786edf60
GW230919_215712,1,L1,https://gwosc.org/archive/data/O4a_4KHZ_R1/1378877440/L-L1_GWOSC_O4a_4KHZ_R1-1379192832-4096.hdf5,L-L1_GWOSC_O4a_4KHZ_R1-1379192832-4096.hdf5,128720937,a21f860838440ec5b3d71c17f21e562c89eda99b14f4ad4c2c5b92121dd02f06
GW230922_020344,1,H1,https://gwosc.org/archive/data/O4a_4KHZ_R1/1378877440/H-H1_GWOSC_O4a_4KHZ_R1-1379381248-4096.hdf5,H-H1_GWOSC_O4a_4KHZ_R1-1379381248-4096.hdf5,129032320,50833065e1ed0512f8cefd63ccb7635020348079a0c8437a04b34cd56a2f1165
GW230922_020344,1,L1,https://gwosc.org/archive/data/O4a_4KHZ_R1/1378877440/L-L1_GWOSC_O4a_4KHZ_R1-1379381248-4096.hdf5,L-L1_GWOSC_O4a_4KHZ_R1-1379381248-4096.hdf5,128731636,0f8cd5c0e78a17a39daee7e331977adf605fa5cc77de45e1ac8be4b6d0b4ed96
GW230922_040658,1,H1,https://gwosc.org/archive/data/O4a_4KHZ_R1/1378877440/H-H1_GWOSC_O4a_4KHZ_R1-1379389440-4096.hdf5,H-H1_GWOSC_O4a_4KHZ_R1-1379389440-4096.hdf5,128992193,bd09a105d470ed75255059595af6f4457adcfcb57d2ac0b5edee08fae22badd1
GW230922_040658,1,L1,https://gwosc.org/archive/data/O4a_4KHZ_R1/1378877440/L-L1_GWOSC_O4a_4KHZ_R1-1379389440-4096.hdf5,L-L1_GWOSC_O4a_4KHZ_R1-1379389440-4096.hdf5,128724449,f60a21772f13035f821b82ad63e37f9945fb4d208bdffb70efdf53e7ba2b9b77
GW230924_124453,1,H1,https://gwosc.org/archive/data/O4a_4KHZ_R1/1378877440/H-H1_GWOSC_O4a_4KHZ_R1-1379594240-4096.hdf5,H-H1_GWOSC_O4a_4KHZ_R1-1379594240-4096.hdf5,129138869,c195b8f0d5ee7d14b4353f64a5b3f284b3471e7ebb8591acff898d4bb4a4c385
GW230924_124453,1,L1,https://gwosc.org/archive/data/O4a_4KHZ_R1/1378877440/L-L1_GWOSC_O4a_4KHZ_R1-1379594240-4096.hdf5,L-L1_GWOSC_O4a_4KHZ_R1-1379594240-4096.hdf5,128724653,a7705c12e1388fbb326d401fbecbec7ae8ae612ffcca9ec272094221f19157c3
GW230927_043729,1,H1,https://gwosc.org/archive/data/O4a_4KHZ_R1/1378877440/H-H1_GWOSC_O4a_4KHZ_R1-1379823616-4096.hdf5,H-H1_GWOSC_O4a_4KHZ_R1-1379823616-4096.hdf5,129021300,0b72e1b32efb30d3f148f8b147c28205caa40d18634929782f82483eb08ac0b1
GW230927_043729,1,L1,https://gwosc.org/archive/data/O4a_4KHZ_R1/1378877440/L-L1_GWOSC_O4a_4KHZ_R1-1379823616-4096.hdf5,L-L1_GWOSC_O4a_4KHZ_R1-1379823616-4096.hdf5,128727855,903c73ea407ee1d9c1892d6324477efef21b360798a17d0f49618bb7cbaac4b1
GW230927_153832,1,H1,https://gwosc.org/archive/data/O4a_4KHZ_R1/1378877440/H-H1_GWOSC_O4a_4KHZ_R1-1379860480-4096.hdf5,H-H1_GWOSC_O4a_4KHZ_R1-1379860480-4096.hdf5,129049358,19357f923ec3f67cf7f9ae2036520ce38e8512d54b59f12aad9ca3877e50fa7e
GW230927_153832,1,L1,https://gwosc.org/archive/data/O4a_4KHZ_R1/1378877440/L-L1_GWOSC_O4a_4KHZ_R1-1379860480-4096.hdf5,L-L1_GWOSC_O4a_4KHZ_R1-1379860480-4096.hdf5,128723805,97a5ef277b9276ca59101bed820173263d1a1f109d1c5a70ff109e49f8dc3518
GW231020_142947,1,H1,https://gwosc.org/archive/data/O4a_4KHZ_R1/1380974592/H-H1_GWOSC_O4a_4KHZ_R1-1381847040-4096.hdf5,H-H1_GWOSC_O4a_4KHZ_R1-1381847040-4096.hdf5,129001328,7e4f1d73e0a286948db31bc51a1cc4f04971508069957101a43c00f861f4397f
GW231020_142947,1,L1,https://gwosc.org/archive/data/O4a_4KHZ_R1/1380974592/L-L1_GWOSC_O4a_4KHZ_R1-1381847040-4096.hdf5,L-L1_GWOSC_O4a_4KHZ_R1-1381847040-4096.hdf5,128737470,9001d26d732dfa3dca65dd0cd2886c061f8fac548652dc4dfa6813327845c82f
GW231028_153006,1,H1,https://gwosc.org/archive/data/O4a_4KHZ_R1/1382023168/H-H1_GWOSC_O4a_4KHZ_R1-1382539264-4096.hdf5,H-H1_GWOSC_O4a_4KHZ_R1-1382539264-4096.hdf5,129042219,03705a65cbc63b77dcf1a64bb9d73f4abc8f8aa181505d66de20a6998450ea2c
GW231028_153006,1,L1,https://gwosc.org/archive/data/O4a_4KHZ_R1/1382023168/L-L1_GWOSC_O4a_4KHZ_R1-1382539264-4096.hdf5,L-L1_GWOSC_O4a_4KHZ_R1-1382539264-4096.hdf5,128721174,e69a8a5d58e1f08d9d314fba10046ba4cdb0f9407fd35140f64591e5e8ac49aa
GW231102_071736,1,H1,https://gwosc.org/archive/data/O4a_4KHZ_R1/1382023168/H-H1_GWOSC_O4a_4KHZ_R1-1382940672-4096.hdf5,H-H1_GWOSC_O4a_4KHZ_R1-1382940672-4096.hdf5,129203778,147514a08bd1def02a3c23260e90d476861fafe4dc5ba737e49f5de468f7e7f5
GW231102_071736,1,L1,https://gwosc.org/archive/data/O4a_4KHZ_R1/1382023168/L-L1_GWOSC_O4a_4KHZ_R1-1382940672-4096.hdf5,L-L1_GWOSC_O4a_4KHZ_R1-1382940672-4096.hdf5,128741025,4ce20cb0b388816fbdb60cd82fcdf3ee450135ec55068fd94c911574db70a22c
GW231108_125142,1,H1,https://gwosc.org/archive/data/O4a_4KHZ_R1/1383071744/H-H1_GWOSC_O4a_4KHZ_R1-1383481344-4096.hdf5,H-H1_GWOSC_O4a_4KHZ_R1-1383481344-4096.hdf5,128985335,4cf9f29d9ceb2b5b09c08550436bb44514bae43a672fd895f003e0ace5a8cd90
GW231108_125142,1,L1,https://gwosc.org/archive/data/O4a_4KHZ_R1/1383071744/L-L1_GWOSC_O4a_4KHZ_R1-1383481344-4096.hdf5,L-L1_GWOSC_O4a_4KHZ_R1-1383481344-4096.hdf5,119457637,106fc14d6b22d80ab5279bf38818342b77cc91c52b4bd367a02705c97d7df322
GW231123_135430,2,H1,https://gwosc.org/archive/data/O4a_4KHZ_R1/1384120320/H-H1_GWOSC_O4a_4KHZ_R1-1384779776-4096.hdf5,H-H1_GWOSC_O4a_4KHZ_R1-1384779776-4096.hdf5,129057388,2150091da920c99d21717fc40cce11fbd62103d879d13209184929e3cbf12e92
GW231123_135430,2,L1,https://gwosc.org/archive/data/O4a_4KHZ_R1/1384120320/L-L1_GWOSC_O4a_4KHZ_R1-1384779776-4096.hdf5,L-L1_GWOSC_O4a_4KHZ_R1-1384779776-4096.hdf5,128742890,9bb67f4014ebe724e9aa31d5a20065b90303c6322f498c3fc87ced188c28f238
GW231206_233134,1,H1,https://gwosc.org/archive/data/O4a_4KHZ_R1/1385168896/H-H1_GWOSC_O4a_4KHZ_R1-1385938944-4096.hdf5,H-H1_GWOSC_O4a_4KHZ_R1-1385938944-4096.hdf5,124312849,00cace6f6b08808fcf3d71f5c0acaa18aafc5f78a37b513200ebfe193b73386d
GW231206_233134,1,L1,https://gwosc.org/archive/data/O4a_4KHZ_R1/1385168896/L-L1_GWOSC_O4a_4KHZ_R1-1385938944-4096.hdf5,L-L1_GWOSC_O4a_4KHZ_R1-1385938944-4096.hdf5,97269892,852fd4c6bb696442c346de14ff82a91fa89251fffaf1b2b177b14284440b04a7
GW231206_233901,1,H1,https://gwosc.org/archive/data/O4a_4KHZ_R1/1385168896/H-H1_GWOSC_O4a_4KHZ_R1-1385938944-4096.hdf5,H-H1_GWOSC_O4a_4KHZ_R1-1385938944-4096.hdf5,124312849,00cace6f6b08808fcf3d71f5c0acaa18aafc5f78a37b513200ebfe193b73386d
GW231206_233901,1,L1,https://gwosc.org/archive/data/O4a_4KHZ_R1/1385168896/L-L1_GWOSC_O4a_4KHZ_R1-1385938944-4096.hdf5,L-L1_GWOSC_O4a_4KHZ_R1-1385938944-4096.hdf5,97269892,852fd4c6bb696442c346de14ff82a91fa89251fffaf1b2b177b14284440b04a7
GW231224_024321,1,H1,https://gwosc.org/archive/data/O4a_4KHZ_R1/1387266048/H-H1_GWOSC_O4a_4KHZ_R1-1387417600-4096.hdf5,H-H1_GWOSC_O4a_4KHZ_R1-1387417600-4096.hdf5,128939196,ce95b13d962e9d2d9a9c36e76eb2d8ef6519334d6af4f8ddf3dd5f21043d878e
GW231224_024321,1,L1,https://gwosc.org/archive/data/O4a_4KHZ_R1/1387266048/L-L1_GWOSC_O4a_4KHZ_R1-1387417600-4096.hdf5,L-L1_GWOSC_O4a_4KHZ_R1-1387417600-4096.hdf5,121920209,f4ad1ec599938e581325f7a1c5460ed7a9870d262d11a86feee6ca922984398c
GW231226_101520,1,H1,https://gwosc.org/archive/data/O4a_4KHZ_R1/1387266048/H-H1_GWOSC_O4a_4KHZ_R1-1387618304-4096.hdf5,H-H1_GWOSC_O4a_4KHZ_R1-1387618304-4096.hdf5,129041649,b7790979c830f817902acab2d2e3710dda8c18190bc284be70bfb4edba183392
GW231226_101520,1,L1,https://gwosc.org/archive/data/O4a_4KHZ_R1/1387266048/L-L1_GWOSC_O4a_4KHZ_R1-1387618304-4096.hdf5,L-L1_GWOSC_O4a_4KHZ_R1-1387618304-4096.hdf5,122520873,b9fbf04f07fa7abaff2b68113b56f948d9db4eb48bc945c3e326aaf64b8d3be6
GW231231_154016,1,H1,https://gwosc.org/archive/data/O4a_4KHZ_R1/1387266048/H-H1_GWOSC_O4a_4KHZ_R1-1388068864-4096.hdf5,H-H1_GWOSC_O4a_4KHZ_R1-1388068864-4096.hdf5,129039941,91b7278823b78e3ca613029865e42785cb7a80c0249cb5f3f07f5eafde8be0af
GW240104_164932,1,H1,https://gwosc.org/archive/data/O4a_4KHZ_R1/1388314624/H-H1_GWOSC_O4a_4KHZ_R1-1388421120-4096.hdf5,H-H1_GWOSC_O4a_4KHZ_R1-1388421120-4096.hdf5,128947052,18539f6d360a6b9a74651ff3c39152501a661a6521c96f58b5455bc0816f79b3
GW170608,GWTC-1-confident v3,H1,https://gwosc.org/eventapi/json/GWTC-1-confident/GW170608/v3/H-H1_GWOSC_4KHZ_R1-1180920447-4096.hdf5,H-H1_GWOSC_4KHZ_R1-1180920447-4096.hdf5,129260795,1327eb185d577f4a8d2465192a50dbbdd19369d26ab5d06764c0c8dc726255e3
