cohort,commonName,record_id,file,status,xphm_label,xphm_ok,xphm_reason,eob_label,eob_ok,eob_reason,calib_source,ifos,available_labels,settings_xphm,settings_eob
discovery,GW150914,6513631,IGWN-GWTC2p1-v2-GW150914_095045_PEDataRelease_mixed_cosmo.h5 (local),BOTH_OK,C01:IMRPhenomXPHM,True,,C01:SEOBNRv4PHM,True,,own (XPHM); EOB borrows XPHM envelope,"H1,L1",C01:IMRPhenomXPHM | C01:Mixed | C01:SEOBNRv4PHM,"{""f_low"": ""{ 'H1': 20, 'L1': 20,  }"", ""f_ref"": ""20"", ""f_high"": ""{ 'H1': 896, 'L1': 896,  }"", ""srate"": ""2048"", ""duration"": ""4""}","{""f_low"": ""{ 'H1': 20, 'L1': 20,  }"", ""f_ref"": ""20"", ""f_high"": ""{ 'H1': 896, 'L1': 896,  }"", ""srate"": ""2048"", ""duration"": ""4"", ""fmin_template"": ""13.333333333333334""}"
discovery,GW151226,6513631,IGWN-GWTC2p1-v2-GW151226_033853_PEDataRelease_mixed_cosmo.h5 (local),SINGLE_MODEL,C01:IMRPhenomXPHM,True,,,False,preferred label not present,own,"H1,L1",C01:IMRPhenomXPHM | C01:Mixed,"{""f_low"": ""{ 'H1': 20, 'L1': 20,  }"", ""f_ref"": ""20"", ""f_high"": ""{ 'H1': 1792, 'L1': 1792,  }"", ""srate"": ""4096"", ""duration"": ""16""}",{}
discovery,GW170104,6513631,IGWN-GWTC2p1-v2-GW170104_101158_PEDataRelease_mixed_cosmo.h5 (local),BOTH_OK,C01:IMRPhenomXPHM,True,,C01:SEOBNRv4PHM,True,,own (XPHM); EOB borrows XPHM envelope,"H1,L1",C01:IMRPhenomXPHM | C01:Mixed | C01:SEOBNRv4PHM,"{""f_low"": ""{ 'H1': 20, 'L1': 20,  }"", ""f_ref"": ""20"", ""f_high"": ""{ 'H1': 896, 'L1': 896,  }"", ""srate"": ""2048"", ""duration"": ""8""}","{""f_low"": ""{ 'H1': 20, 'L1': 20,  }"", ""f_ref"": ""20"", ""f_high"": ""{ 'H1': 896, 'L1': 896,  }"", ""srate"": ""2048"", ""duration"": ""8"", ""fmin_template"": ""13.333333333333334""}"
discovery,GW170608,6513631,IGWN-GWTC2p1-v2-GW170608_020116_PEDataRelease_mixed_cosmo.h5 (local),BOTH_OK,C01:IMRPhenomXPHM,True,,C01:SEOBNRv4PHM,True,,own (XPHM); EOB borrows XPHM envelope,"H1,L1",C01:IMRPhenomXPHM | C01:Mixed | C01:SEOBNRv4PHM,"{""f_low"": ""{'H1': 30.0, 'L1': 20.0 }"", ""f_ref"": ""20.0"", ""f_high"": ""{'H1': 1792.0, 'L1': 1792.0 }"", ""srate"": ""4096.0"", ""duration"": ""16.0""}","{""f_low"": ""{ 'H1': 30, 'L1': 20,  }"", ""f_ref"": ""20"", ""f_high"": ""{ 'H1': 1792, 'L1': 1792,  }"", ""srate"": ""8192"", ""duration"": ""16"", ""fmin_template"": ""13.333333333333334""}"
discovery,GW170809,6513631,IGWN-GWTC2p1-v2-GW170809_082821_PEDataRelease_mixed_cosmo.h5 (local),BOTH_OK,C01:IMRPhenomXPHM,True,,C01:SEOBNRv4PHM,True,,own (XPHM); EOB borrows XPHM envelope,"H1,L1",C01:IMRPhenomXPHM | C01:Mixed | C01:SEOBNRv4PHM,"{""f_low"": ""{ 'H1': 20, 'L1': 20,  'V1': 20  }"", ""f_ref"": ""20"", ""f_high"": ""{ 'H1': 896, 'L1': 896,  'V1': 896  }"", ""srate"": ""2048"", ""duration"": ""4""}","{""f_low"": ""{ 'H1': 20, 'L1': 20,  'V1': 20  }"", ""f_ref"": ""20"", ""f_high"": ""{ 'H1': 896, 'L1': 896,  'V1': 896  }"", ""srate"": ""2048"", ""duration"": ""4"", ""fmin_template"": ""13.333333333333334""}"
discovery,GW170814,6513631,IGWN-GWTC2p1-v2-GW170814_103043_PEDataRelease_mixed_cosmo.h5 (local),BOTH_OK,C01:IMRPhenomXPHM,True,,C01:SEOBNRv4PHM,True,,own (XPHM); EOB borrows XPHM envelope,"H1,L1,V1",C01:IMRPhenomXPHM | C01:Mixed | C01:SEOBNRv4PHM,"{""f_low"": ""{ 'H1': 20, 'L1': 20,  'V1': 20  }"", ""f_ref"": ""20"", ""f_high"": ""{ 'H1': 896, 'L1': 896,  'V1': 896  }"", ""srate"": ""2048"", ""duration"": ""4""}","{""f_low"": ""{ 'H1': 20, 'L1': 20,  'V1': 20  }"", ""f_ref"": ""20"", ""f_high"": ""{ 'H1': 896, 'L1': 896,  'V1': 896  }"", ""srate"": ""2048"", ""duration"": ""4"", ""fmin_template"": ""13.333333333333334""}"
discovery,GW170818,6513631,IGWN-GWTC2p1-v2-GW170818_022509_PEDataRelease_mixed_cosmo.h5 (local),BOTH_OK,C01:IMRPhenomXPHM,True,,C01:SEOBNRv4PHM,True,,own (XPHM); EOB borrows XPHM envelope,"H1,L1,V1",C01:IMRPhenomXPHM | C01:Mixed | C01:SEOBNRv4PHM,"{""f_low"": ""{ 'H1': 20, 'L1': 20,  'V1': 20  }"", ""f_ref"": ""20"", ""f_high"": ""{ 'H1': 896, 'L1': 896,  'V1': 896  }"", ""srate"": ""2048"", ""duration"": ""4""}","{""f_low"": ""{ 'H1': 20, 'L1': 20,  'V1': 20  }"", ""f_ref"": ""20"", ""f_high"": ""{ 'H1': 896, 'L1': 896,  'V1': 896  }"", ""srate"": ""2048"", ""duration"": ""4"", ""fmin_template"": ""13.333333333333334""}"
discovery,GW170823,6513631,IGWN-GWTC2p1-v2-GW170823_131358_PEDataRelease_mixed_cosmo.h5 (local),BOTH_OK,C01:IMRPhenomXPHM,True,,C01:SEOBNRv4PHM,True,,own (XPHM); EOB borrows XPHM envelope,"H1,L1",C01:IMRPhenomXPHM | C01:Mixed | C01:SEOBNRv4PHM,"{""f_low"": ""{ 'H1': 20, 'L1': 20,  }"", ""f_ref"": ""20"", ""f_high"": ""{ 'H1': 896, 'L1': 896,  }"", ""srate"": ""2048"", ""duration"": ""4""}","{""f_low"": ""{ 'H1': 20, 'L1': 20,  }"", ""f_ref"": ""20"", ""f_high"": ""{ 'H1': 896, 'L1': 896,  }"", ""srate"": ""2048"", ""duration"": ""4"", ""fmin_template"": ""10.538001338234395""}"
discovery,GW190408_181802,6513631,IGWN-GWTC2p1-v2-GW190408_181802_PEDataRelease_mixed_cosmo.h5 (local),BOTH_OK,C01:IMRPhenomXPHM,True,,C01:SEOBNRv4PHM,True,,own (XPHM); EOB borrows XPHM envelope,"H1,L1,V1",C01:IMRPhenomXPHM | C01:Mixed | C01:SEOBNRv4PHM,"{""f_low"": ""{ 'H1': 20, 'L1': 20,  'V1': 20  }"", ""f_ref"": ""20.0"", ""f_high"": ""{ 'H1': 896, 'L1': 896,  'V1': 896  }"", ""srate"": ""2048"", ""duration"": ""8""}","{""f_low"": ""{ 'H1': 20, 'L1': 20,  'V1': 20  }"", ""f_ref"": ""20.0"", ""f_high"": ""{ 'H1': 896, 'L1': 896,  'V1': 896  }"", ""srate"": ""2048"", ""duration"": ""8"", ""fmin_template"": ""13.333333333333334""}"
discovery,GW190412,6513631,IGWN-GWTC2p1-v2-GW190412_053044_PEDataRelease_mixed_cosmo.h5 (local),BOTH_OK,C01:IMRPhenomXPHM,True,,C01:SEOBNRv4PHM,True,,own (XPHM); EOB borrows XPHM envelope,"H1,L1,V1",C01:IMRPhenomXPHM | C01:Mixed | C01:SEOBNRv4PHM,"{""f_low"": ""{ 'H1': 20, 'L1': 20,  'V1': 20  }"", ""f_ref"": ""20.0"", ""f_high"": ""{ 'H1': 1792, 'L1': 1792,  'V1': 1792  }"", ""srate"": ""4096"", ""duration"": ""8.0""}","{""f_low"": ""{ 'H1': 20, 'L1': 20,  'V1': 20  }"", ""f_ref"": ""20.0"", ""f_high"": ""{ 'H1': 1792, 'L1': 1792,  'V1': 1792  }"", ""srate"": ""4096"", ""duration"": ""8.0"", ""fmin_template"": ""13.333333333333334""}"
discovery,GW190503_185404,6513631,IGWN-GWTC2p1-v2-GW190503_185404_PEDataRelease_mixed_cosmo.h5 (local),BOTH_OK,C01:IMRPhenomXPHM,True,,C01:SEOBNRv4PHM,True,,own (XPHM); EOB borrows XPHM envelope,"H1,L1,V1",C01:IMRPhenomXPHM | C01:Mixed | C01:SEOBNRv4PHM,"{""f_low"": ""{ 'H1': 20, 'L1': 20,  'V1': 20  }"", ""f_ref"": ""20"", ""f_high"": ""{ 'H1': 896, 'L1': 896,  'V1': 896  }"", ""srate"": ""2048"", ""duration"": ""4""}","{""f_low"": ""{ 'H1': 20, 'L1': 20,  'V1': 20  }"", ""f_ref"": ""20"", ""f_high"": ""{ 'H1': 896, 'L1': 896,  'V1': 896  }"", ""srate"": ""2048"", ""duration"": ""4"", ""fmin_template"": ""13.108428618179664""}"
discovery,GW190512_180714,6513631,IGWN-GWTC2p1-v2-GW190512_180714_PEDataRelease_mixed_cosmo.h5 (local),BOTH_OK,C01:IMRPhenomXPHM,True,,C01:SEOBNRv4PHM,True,,own (XPHM); EOB borrows XPHM envelope,"H1,L1,V1",C01:IMRPhenomXPHM | C01:Mixed | C01:SEOBNRv4PHM,"{""f_low"": ""{ 'H1': 20, 'L1': 20,  'V1': 20  }"", ""f_ref"": ""20"", ""f_high"": ""{ 'H1': 896, 'L1': 896,  'V1': 896  }"", ""srate"": ""2048"", ""duration"": ""8""}","{""f_low"": ""{ 'H1': 20, 'L1': 20,  'V1': 20  }"", ""f_ref"": ""20"", ""f_high"": ""{ 'H1': 896, 'L1': 896,  'V1': 896  }"", ""srate"": ""2048"", ""duration"": ""8"", ""fmin_template"": ""13.333333333333334""}"
discovery,GW190513_205428,6513631,IGWN-GWTC2p1-v2-GW190513_205428_PEDataRelease_mixed_cosmo.h5 (local),BOTH_OK,C01:IMRPhenomXPHM,True,,C01:SEOBNRv4PHM,True,,own (XPHM); EOB borrows XPHM envelope,"H1,L1,V1",C01:IMRPhenomXPHM | C01:Mixed | C01:SEOBNRv4PHM,"{""f_low"": ""{ 'H1': 20, 'L1': 20,  'V1': 20  }"", ""f_ref"": ""20"", ""f_high"": ""{ 'H1': 896, 'L1': 896,  'V1': 896  }"", ""srate"": ""2048"", ""duration"": ""4""}","{""f_low"": ""{ 'H1': 20, 'L1': 20,  'V1': 20  }"", ""f_ref"": ""20"", ""f_high"": ""{ 'H1': 896, 'L1': 896,  'V1': 896  }"", ""srate"": ""2048"", ""duration"": ""4"", ""fmin_template"": ""13.333333333333334""}"
discovery,GW190519_153544,6513631,IGWN-GWTC2p1-v2-GW190519_153544_PEDataRelease_mixed_cosmo.h5 (local),BOTH_OK,C01:IMRPhenomXPHM,True,,C01:SEOBNRv4PHM,True,,own (XPHM); EOB borrows XPHM envelope,"H1,L1,V1",C01:IMRPhenomXPHM | C01:Mixed | C01:SEOBNRv4PHM,"{""f_low"": ""{ 'H1': 20, 'L1': 20,  'V1': 20  }"", ""f_ref"": ""10"", ""f_high"": ""{ 'H1': 448, 'L1': 448,  'V1': 448  }"", ""srate"": ""1024"", ""duration"": ""4""}","{""f_low"": ""{ 'H1': 20, 'L1': 20,  'V1': 20  }"", ""f_ref"": ""10"", ""f_high"": ""{ 'H1': 448, 'L1': 448,  'V1': 448  }"", ""srate"": ""1024"", ""duration"": ""4"", ""fmin_template"": ""7.550470194022246""}"
discovery,GW190521,6513631,IGWN-GWTC2p1-v2-GW190521_030229_PEDataRelease_mixed_cosmo.h5 (local),SINGLE_MODEL,C01:IMRPhenomXPHM,True,,,False,preferred label not present,own,"H1,L1,V1",C01:IMRPhenomXPHM | C01:Mixed,"{""f_low"": ""{ 'H1': 20, 'L1': 20,  'V1': 20  }"", ""f_ref"": ""10"", ""f_high"": ""{ 'H1': 224, 'L1': 224,  'V1': 224  }"", ""srate"": ""512"", ""duration"": ""4""}",{}
discovery,GW190521_074359,6513631,IGWN-GWTC2p1-v2-GW190521_074359_PEDataRelease_mixed_cosmo.h5 (local),BOTH_OK,C01:IMRPhenomXPHM,True,,C01:SEOBNRv4PHM,True,,own (XPHM); EOB borrows XPHM envelope,"H1,L1",C01:IMRPhenomXPHM | C01:Mixed | C01:SEOBNRv4PHM,"{""f_low"": ""{ 'H1': 20, 'L1': 20,  }"", ""f_ref"": ""20"", ""f_high"": ""{ 'H1': 224, 'L1': 224,  }"", ""srate"": ""1024"", ""duration"": ""4""}","{""f_low"": ""{ 'H1': 20, 'L1': 20,  }"", ""f_ref"": ""20"", ""f_high"": ""{ 'H1': 224, 'L1': 224,  }"", ""srate"": ""1024"", ""duration"": ""4"", ""fmin_template"": ""13.333333333333334""}"
discovery,GW190602_175927,6513631,IGWN-GWTC2p1-v2-GW190602_175927_PEDataRelease_mixed_cosmo.h5 (local),SINGLE_MODEL,C01:IMRPhenomXPHM,True,,,False,preferred label not present,own,"H1,L1,V1",C01:IMRPhenomXPHM | C01:Mixed,"{""f_low"": ""{ 'H1': 20, 'L1': 20,  'V1': 20  }"", ""f_ref"": ""10"", ""f_high"": ""{ 'H1': 448, 'L1': 448,  'V1': 448  }"", ""srate"": ""1024"", ""duration"": ""4""}",{}
discovery,GW190620_030421,6513631,IGWN-GWTC2p1-v2-GW190620_030421_PEDataRelease_mixed_cosmo.h5 (local),BOTH_OK,C01:IMRPhenomXPHM,True,,C01:SEOBNRv4PHM,True,,own (XPHM); EOB borrows XPHM envelope,"L1,V1",C01:IMRPhenomXPHM | C01:Mixed | C01:SEOBNRv4PHM,"{""f_low"": ""{  'L1': 20,  'V1': 20  }"", ""f_ref"": ""10"", ""f_high"": ""{  'L1': 448,  'V1': 448  }"", ""srate"": ""1024"", ""duration"": ""4""}","{""f_low"": ""{  'L1': 20,  'V1': 20  }"", ""f_ref"": ""10"", ""f_high"": ""{  'L1': 448,  'V1': 448  }"", ""srate"": ""1024"", ""duration"": ""4"", ""fmin_template"": ""6.801103055473265""}"
discovery,GW190630_185205,6513631,IGWN-GWTC2p1-v2-GW190630_185205_PEDataRelease_mixed_cosmo.h5 (local),BOTH_OK,C01:IMRPhenomXPHM,True,,C01:SEOBNRv4PHM,True,,own (XPHM); EOB borrows XPHM envelope,"L1,V1",C01:IMRPhenomXPHM | C01:Mixed | C01:SEOBNRv4PHM,"{""f_low"": ""{  'L1': 20,  'V1': 20  }"", ""f_ref"": ""20.0"", ""f_high"": ""{  'L1': 896,  'V1': 896  }"", ""srate"": ""2048"", ""duration"": ""4""}","{""f_low"": ""{  'L1': 20,  'V1': 20  }"", ""f_ref"": ""20.0"", ""f_high"": ""{  'L1': 896,  'V1': 896  }"", ""srate"": ""2048"", ""duration"": ""4"", ""fmin_template"": ""13.333333333333334""}"
discovery,GW190706_222641,6513631,IGWN-GWTC2p1-v2-GW190706_222641_PEDataRelease_mixed_cosmo.h5 (local),BOTH_OK,C01:IMRPhenomXPHM,True,,C01:SEOBNRv4PHM,True,,own (XPHM); EOB borrows XPHM envelope,"H1,L1",C01:IMRPhenomXPHM | C01:Mixed | C01:SEOBNRv4PHM,"{""f_low"": ""{ 'H1': 20, 'L1': 20,  }"", ""f_ref"": ""10"", ""f_high"": ""{ 'H1': 896, 'L1': 896,  }"", ""srate"": ""2048"", ""duration"": ""4""}","{""f_low"": ""{ 'H1': 20, 'L1': 20,  }"", ""f_ref"": ""10"", ""f_high"": ""{ 'H1': 896, 'L1': 896,  }"", ""srate"": ""2048"", ""duration"": ""4"", ""fmin_template"": ""6.452707447801873""}"
discovery,GW190707_093326,6513631,IGWN-GWTC2p1-v2-GW190707_093326_PEDataRelease_mixed_cosmo.h5 (local),BOTH_OK,C01:IMRPhenomXPHM,True,,C01:SEOBNRv4PHM,True,,own (XPHM); EOB borrows XPHM envelope,"H1,L1",C01:IMRPhenomXPHM | C01:Mixed | C01:SEOBNRv4PHM,"{""f_low"": ""{'H1': 20.0, 'L1': 20.0, 'V1': 20.0}"", ""f_ref"": ""20.0"", ""f_high"": ""{'H1': 1792.0, 'L1': 1792.0, 'V1': 1792.0}"", ""srate"": ""4096.0"", ""duration"": ""16.0""}","{""f_low"": ""{ 'H1': 20, 'L1': 20,  }"", ""f_ref"": ""20"", ""f_high"": ""{ 'H1': 1792, 'L1': 1792,  }"", ""srate"": ""4096"", ""duration"": ""16.0"", ""fmin_template"": ""13.333333333333334""}"
discovery,GW190708_232457,6513631,IGWN-GWTC2p1-v2-GW190708_232457_PEDataRelease_mixed_cosmo.h5 (local),BOTH_OK,C01:IMRPhenomXPHM,True,,C01:SEOBNRv4PHM,True,,own (XPHM); EOB borrows XPHM envelope,"L1,V1",C01:IMRPhenomXPHM | C01:Mixed | C01:SEOBNRv4PHM,"{""f_low"": ""{  'L1': 20,  'V1': 20  }"", ""f_ref"": ""20"", ""f_high"": ""{  'L1': 1792,  'V1': 1792  }"", ""srate"": ""4096"", ""duration"": ""8""}","{""f_low"": ""{  'L1': 20,  'V1': 20  }"", ""f_ref"": ""20"", ""f_high"": ""{  'L1': 1792,  'V1': 1792  }"", ""srate"": ""4096"", ""duration"": ""8"", ""fmin_template"": ""13.333333333333334""}"
discovery,GW190728_064510,6513631,IGWN-GWTC2p1-v2-GW190728_064510_PEDataRelease_mixed_cosmo.h5 (local),BOTH_OK,C01:IMRPhenomXPHM,True,,C01:SEOBNRv4PHM,True,,own (XPHM); EOB borrows XPHM envelope,"H1,L1,V1",C01:IMRPhenomXPHM | C01:Mixed | C01:SEOBNRv4PHM,"{""f_low"": ""{'H1': 20.0, 'L1': 20.0, 'V1': 20.0}"", ""f_ref"": ""20.0"", ""f_high"": ""{'H1': 1792.0, 'L1': 1792.0, 'V1': 1792.0}"", ""srate"": ""4096.0"", ""duration"": ""16.0""}","{""f_low"": ""{ 'H1': 20, 'L1': 20,  'V1': 20  }"", ""f_ref"": ""20"", ""f_high"": ""{ 'H1': 1792, 'L1': 1792,  'V1': 1792  }"", ""srate"": ""8192"", ""duration"": ""16"", ""fmin_template"": ""13.333333333333334""}"
discovery,GW190828_063405,6513631,IGWN-GWTC2p1-v2-GW190828_063405_PEDataRelease_mixed_cosmo.h5 (local),SINGLE_MODEL,C01:IMRPhenomXPHM,True,,,False,preferred label not present,own,"H1,L1,V1",C01:IMRPhenomXPHM | C01:Mixed,"{""f_low"": ""{ 'H1': 20, 'L1': 20,  'V1': 20  }"", ""f_ref"": ""20"", ""f_high"": ""{ 'H1': 896, 'L1': 896,  'V1': 896  }"", ""srate"": ""2048"", ""duration"": ""4""}",{}
discovery,GW190910_112807,6513631,IGWN-GWTC2p1-v2-GW190910_112807_PEDataRelease_mixed_cosmo.h5 (local),BOTH_OK,C01:IMRPhenomXPHM,True,,C01:SEOBNRv4PHM,True,,own (XPHM); EOB borrows XPHM envelope,"L1,V1",C01:IMRPhenomXPHM | C01:Mixed | C01:SEOBNRv4PHM,"{""f_low"": ""{  'L1': 20,  'V1': 20  }"", ""f_ref"": ""20"", ""f_high"": ""{  'L1': 448,  'V1': 448  }"", ""srate"": ""1024"", ""duration"": ""4""}","{""f_low"": ""{  'L1': 20,  'V1': 20  }"", ""f_ref"": ""20"", ""f_high"": ""{  'L1': 448,  'V1': 448  }"", ""srate"": ""1024"", ""duration"": ""4"", ""fmin_template"": ""11.950566865149337""}"
discovery,GW190915_235702,6513631,IGWN-GWTC2p1-v2-GW190915_235702_PEDataRelease_mixed_cosmo.h5 (local),BOTH_OK,C01:IMRPhenomXPHM,True,,C01:SEOBNRv4PHM,True,,own (XPHM); EOB borrows XPHM envelope,"H1,L1,V1",C01:IMRPhenomXPHM | C01:Mixed | C01:SEOBNRv4PHM,"{""f_low"": ""{ 'H1': 20, 'L1': 20,  'V1': 20  }"", ""f_ref"": ""20"", ""f_high"": ""{ 'H1': 896, 'L1': 896,  'V1': 896  }"", ""srate"": ""2048"", ""duration"": ""8""}","{""f_low"": ""{ 'H1': 20, 'L1': 20,  'V1': 20  }"", ""f_ref"": ""20"", ""f_high"": ""{ 'H1': 896, 'L1': 896,  'V1': 896  }"", ""srate"": ""2048"", ""duration"": ""8"", ""fmin_template"": ""13.333333333333334""}"
discovery,GW190924_021846,6513631,IGWN-GWTC2p1-v2-GW190924_021846_PEDataRelease_mixed_cosmo.h5 (local),BOTH_OK,C01:IMRPhenomXPHM,True,,C01:SEOBNRv4PHM,True,,own (XPHM); EOB borrows XPHM envelope,"H1,L1,V1",C01:IMRPhenomXPHM | C01:Mixed | C01:SEOBNRv4PHM,"{""f_low"": ""{'H1': 20.0, 'L1': 20.0, 'V1': 20.0}"", ""f_ref"": ""20.0"", ""f_high"": ""{'H1': 3584.0, 'L1': 3584.0, 'V1': 3584.0}"", ""srate"": ""8192.0"", ""duration"": ""32.0""}","{""f_low"": ""{ 'H1': 20, 'L1': 20,  'V1': 20  }"", ""f_ref"": ""20"", ""f_high"": ""{ 'H1': 3584, 'L1': 3584,  'V1': 3584  }"", ""srate"": ""8192"", ""duration"": ""32"", ""fmin_template"": """"}"
discovery,GW191109_010717,22685054,IGWN-GWTC3p0-v3-GW191109_010717_PEDataRelease_mixed_cosmo.h5 (local),BOTH_OK,C01:IMRPhenomXPHM,True,,C01:SEOBNRv4PHM,True,,own (XPHM); EOB borrows XPHM envelope,"H1,L1",C01:IMRPhenomXPHM | C01:Mixed | C01:SEOBNRv4PHM,"{""f_low"": ""{ 'H1': 20, 'L1': 20,  }"", ""f_ref"": ""20"", ""f_high"": ""{ 'H1': 448, 'L1': 448,  }"", ""srate"": ""1024"", ""duration"": ""4""}","{""f_low"": ""{ 'H1': 20, 'L1': 20,  }"", ""f_ref"": ""20"", ""f_high"": ""{ 'H1': 448, 'L1': 448,  }"", ""srate"": ""1024"", ""duration"": ""4"", ""fmin_template"": ""6.864878621747214""}"
discovery,GW191129_134029,22685054,IGWN-GWTC3p0-v3-GW191129_134029_PEDataRelease_mixed_cosmo.h5 (local),BOTH_OK,C01:IMRPhenomXPHM,True,,C01:SEOBNRv4PHM,True,,own (XPHM); EOB borrows XPHM envelope,"H1,L1",C01:IMRPhenomXPHM | C01:Mixed | C01:SEOBNRv4PHM,"{""f_low"": ""{ H1: 20, L1: 20,  }"", ""f_ref"": ""20"", ""f_high"": ""1792"", ""srate"": ""4096"", ""duration"": ""16""}","{""f_low"": ""{ 'H1': 20, 'L1': 20,  }"", ""f_ref"": ""20"", ""f_high"": ""{ 'H1': 3584, 'L1': 3584,  }"", ""srate"": ""8192"", ""duration"": ""16"", ""fmin_template"": ""13.333333333333334""}"
discovery,GW191204_171526,22685054,IGWN-GWTC3p0-v3-GW191204_171526_PEDataRelease_mixed_cosmo.h5 (local),FAIL,C01:IMRPhenomXPHM,False,no calibration envelope,C01:SEOBNRv4PHM,False,no calibration envelope (none to borrow),,"H1,L1",C01:IMRPhenomXPHM | C01:Mixed | C01:SEOBNRv4PHM,"{""f_low"": ""{ 'H1': 20, 'L1': 20,  }"", ""f_ref"": ""20"", ""f_high"": ""{ 'H1': 1792, 'L1': 1792,  }"", ""srate"": ""4096"", ""duration"": ""8""}","{""f_low"": ""{ 'H1': 20, 'L1': 20,  }"", ""f_ref"": ""20"", ""f_high"": ""{ 'H1': 3584, 'L1': 3584,  }"", ""srate"": ""8192"", ""duration"": ""8"", ""fmin_template"": ""13.333333333333334""}"
discovery,GW191216_213338,22685054,IGWN-GWTC3p0-v3-GW191216_213338_PEDataRelease_mixed_cosmo.h5 (local),BOTH_OK,C01:IMRPhenomXPHM,True,,C01:SEOBNRv4PHM,True,,own (XPHM); EOB borrows XPHM envelope,"H1,V1",C01:IMRPhenomXPHM | C01:Mixed | C01:SEOBNRv4PHM,"{""f_low"": ""{ H1: 20,   V1: 20  }"", ""f_ref"": ""20.0"", ""f_high"": ""1792"", ""srate"": ""4096.0"", ""duration"": ""16.0"", ""waveform_arguments"": ""None"", ""mode_array"": ""None""}","{""f_low"": ""{ 'H1': 20,   'V1': 20  }"", ""f_ref"": ""20"", ""f_high"": ""{ 'H1': 3584,   'V1': 3584  }"", ""srate"": ""8192"", ""duration"": ""16"", ""fmin_template"": ""20""}"
discovery,GW191222_033537,22685054,IGWN-GWTC3p0-v3-GW191222_033537_PEDataRelease_mixed_cosmo.h5 (local),BOTH_OK,C01:IMRPhenomXPHM,True,,C01:SEOBNRv4PHM,True,,own (XPHM); EOB borrows XPHM envelope,"H1,L1",C01:IMRPhenomXPHM | C01:Mixed | C01:SEOBNRv4PHM,"{""f_low"": ""{ 'H1': 20, 'L1': 20,  }"", ""f_ref"": ""20"", ""f_high"": ""{ 'H1': 448, 'L1': 448,  }"", ""srate"": ""1024"", ""duration"": ""8.0""}","{""f_low"": ""{ 'H1': 20, 'L1': 20,  }"", ""f_ref"": ""20"", ""f_high"": ""{ 'H1': 448, 'L1': 448,  }"", ""srate"": ""1024"", ""duration"": ""8.0"", ""fmin_template"": ""7.566943871606659""}"
discovery,GW200112_155838,22685054,IGWN-GWTC3p0-v3-GW200112_155838_PEDataRelease_mixed_cosmo.h5 (local),BOTH_OK,C01:IMRPhenomXPHM,True,,C01:SEOBNRv4PHM,True,,own (XPHM); EOB borrows XPHM envelope,"L1,V1",C01:IMRPhenomXPHM | C01:Mixed | C01:SEOBNRv4PHM,"{""f_low"": ""{  'L1': 20,  'V1': 20  }"", ""f_ref"": ""20.0"", ""f_high"": ""{  'L1': 896,  'V1': 896  }"", ""srate"": ""2048"", ""duration"": ""4""}","{""f_low"": ""{  'L1': 20,  'V1': 20  }"", ""f_ref"": ""20.0"", ""f_high"": ""{  'L1': 896,  'V1': 896  }"", ""srate"": ""2048"", ""duration"": ""4"", ""fmin_template"": ""13.333333333333334""}"
discovery,GW200129_065458,22685054,IGWN-GWTC3p0-v3-GW200129_065458_PEDataRelease_mixed_cosmo.h5 (local),BOTH_OK,C01:IMRPhenomXPHM,True,,C01:SEOBNRv4PHM,True,,own (XPHM); EOB borrows XPHM envelope,"H1,L1,V1",C01:IMRPhenomXPHM | C01:Mixed | C01:SEOBNRv4PHM,"{""f_low"": ""{ 'H1': 20, 'L1': 20,  'V1': 20  }"", ""f_ref"": ""20"", ""f_high"": ""{ 'H1': 896, 'L1': 896,  'V1': 896  }"", ""srate"": ""2048"", ""duration"": ""8""}","{""f_low"": ""{ 'H1': 20, 'L1': 20,  'V1': 20  }"", ""f_ref"": ""20"", ""f_high"": ""{ 'H1': 896, 'L1': 896,  'V1': 896  }"", ""srate"": ""2048"", ""duration"": ""8"", ""fmin_template"": ""13.333333333333334""}"
discovery,GW200224_222234,22685054,IGWN-GWTC3p0-v3-GW200224_222234_PEDataRelease_mixed_cosmo.h5 (local),BOTH_OK,C01:IMRPhenomXPHM,True,,C01:SEOBNRv4PHM,True,,own (XPHM); EOB borrows XPHM envelope,"H1,L1,V1",C01:IMRPhenomXPHM | C01:Mixed | C01:SEOBNRv4PHM,"{""f_low"": ""{ 'H1': 20, 'L1': 20,  'V1': 20  }"", ""f_ref"": ""20"", ""f_high"": ""{ 'H1': 448, 'L1': 448,  'V1': 448  }"", ""srate"": ""1024"", ""duration"": ""4""}","{""f_low"": ""{ 'H1': 20, 'L1': 20,  'V1': 20  }"", ""f_ref"": ""20"", ""f_high"": ""{ 'H1': 448, 'L1': 448,  'V1': 448  }"", ""srate"": ""1024"", ""duration"": ""4"", ""fmin_template"": ""13.333333333333334""}"
discovery,GW200225_060421,22685054,IGWN-GWTC3p0-v3-GW200225_060421_PEDataRelease_mixed_cosmo.h5 (local),BOTH_OK,C01:IMRPhenomXPHM,True,,C01:SEOBNRv4PHM,True,,own (XPHM); EOB borrows XPHM envelope,"H1,L1",C01:IMRPhenomXPHM | C01:Mixed | C01:SEOBNRv4PHM,"{""f_low"": ""{ 'H1': 20, 'L1': 20,  }"", ""f_ref"": ""20"", ""f_high"": ""{ 'H1': 896, 'L1': 896,  }"", ""srate"": ""2048"", ""duration"": ""8""}","{""f_low"": ""{ 'H1': 20, 'L1': 20,  }"", ""f_ref"": ""20"", ""f_high"": ""{ 'H1': 896, 'L1': 896,  }"", ""srate"": ""2048"", ""duration"": ""8"", ""fmin_template"": ""13.333333333333334""}"
discovery,GW200311_115853,22685054,IGWN-GWTC3p0-v3-GW200311_115853_PEDataRelease_mixed_cosmo.h5 (local),BOTH_OK,C01:IMRPhenomXPHM,True,,C01:SEOBNRv4PHM,True,,own (XPHM); EOB borrows XPHM envelope,"H1,L1,V1",C01:IMRPhenomXPHM | C01:Mixed | C01:SEOBNRv4PHM,"{""f_low"": ""{ 'H1': 20, 'L1': 20,  'V1': 20  }"", ""f_ref"": ""20"", ""f_high"": ""{ 'H1': 896, 'L1': 896,  'V1': 896  }"", ""srate"": ""2048"", ""duration"": ""4""}","{""f_low"": ""{ 'H1': 20, 'L1': 20,  'V1': 20  }"", ""f_ref"": ""20"", ""f_high"": ""{ 'H1': 896, 'L1': 896,  'V1': 896  }"", ""srate"": ""2048"", ""duration"": ""4"", ""fmin_template"": ""13.333333333333334""}"
confirmation,GW230601_224134,17602505,IGWN-GWTC4p0-38214bd95_724-GW230601_224134-combined_PEDataRelease.hdf5 (local),BOTH_OK,C00:IMRPhenomXPHM-SpinTaylor,True,,C00:SEOBNRv5PHM,True,,own (both),"H1,L1",C00:IMRPhenomXO4a | C00:IMRPhenomXPHM-SpinTaylor | C00:Mixed | C00:Mixed+XO4a | C00:NRSur7dq4 | C00:SEOBNRv5PHM,"{""f_low"": ""{ H1:20.93,L1:20.93, waveform: 20.93  }"", ""f_ref"": ""20.93"", ""f_high"": ""{ H1:448,L1:448, }"", ""srate"": ""1024"", ""duration"": ""4"", ""waveform_arguments"": ""{'PhenomXHMReleaseVersion': 122022, 'PhenomXPFinalSpinMod': 2, 'PhenomXPrecVersion': 320}"", ""mode_array"": ""None""}","{""f_low"": ""{ H1:20.93,L1:20.93, waveform: 20.93  }"", ""f_ref"": ""20.93"", ""f_high"": ""{ H1:448,L1:448, }"", ""srate"": ""1024"", ""duration"": ""4"", ""waveform_arguments"": ""{'lmax_nyquist': 1}"", ""mode_array"": ""None""}"
confirmation,GW230627_015337,17602505,IGWN-GWTC4p0-38214bd95_724-GW230627_015337-combined_PEDataRelease.hdf5 (local),BOTH_OK,C00:IMRPhenomXPHM-SpinTaylor,True,,C00:SEOBNRv5PHM,True,,own (both),"H1,L1",C00:IMRPhenomXPHM-SpinTaylor | C00:Mixed | C00:SEOBNRv5PHM,"{""f_low"": ""{ H1:20,L1:20, waveform: 13.33  }"", ""f_ref"": ""20.0"", ""f_high"": ""{ H1:1792,L1:1792, }"", ""srate"": ""4096"", ""duration"": ""64"", ""waveform_arguments"": ""{'PhenomXHMReleaseVersion': 122022, 'PhenomXPFinalSpinMod': 2, 'PhenomXPrecVersion': 320}"", ""mode_array"": ""None""}","{""f_low"": ""{ H1:20,L1:20, waveform: 13.33  }"", ""f_ref"": ""20.0"", ""f_high"": ""{ H1:1792,L1:1792, }"", ""srate"": ""4096"", ""duration"": ""64"", ""waveform_arguments"": ""{'lmax_nyquist': 1}"", ""mode_array"": ""None""}"
confirmation,GW230628_231200,17602505,IGWN-GWTC4p0-38214bd95_724-GW230628_231200-combined_PEDataRelease.hdf5 (local),BOTH_OK,C00:IMRPhenomXPHM-SpinTaylor,True,,C00:SEOBNRv5PHM,True,,own (both),"H1,L1",C00:IMRPhenomXPHM-SpinTaylor | C00:Mixed | C00:NRSur7dq4 | C00:SEOBNRv5PHM,"{""f_low"": ""{ H1:20,L1:20, waveform: 13.33  }"", ""f_ref"": ""20.0"", ""f_high"": ""{ H1:448,L1:448, }"", ""srate"": ""1024"", ""duration"": ""8"", ""waveform_arguments"": ""{'PhenomXHMReleaseVersion': 122022, 'PhenomXPFinalSpinMod': 2, 'PhenomXPrecVersion': 320}"", ""mode_array"": ""None""}","{""f_low"": ""{ H1:20,L1:20, waveform: 13.33  }"", ""f_ref"": ""20.0"", ""f_high"": ""{ H1:448,L1:448, }"", ""srate"": ""1024"", ""duration"": ""8"", ""waveform_arguments"": ""{'lmax_nyquist': 1}"", ""mode_array"": ""None""}"
confirmation,GW230731_215307,17602505,IGWN-GWTC4p0-38214bd95_724-GW230731_215307-combined_PEDataRelease.hdf5 (local),BOTH_OK,C00:IMRPhenomXPHM-SpinTaylor,True,,C00:SEOBNRv5PHM,True,,own (both),"H1,L1",C00:IMRPhenomXPHM-SpinTaylor | C00:Mixed | C00:SEOBNRv5PHM,"{""f_low"": ""{ H1:40,L1:20, waveform: 13.33  }"", ""f_ref"": ""20.0"", ""f_high"": ""{ H1:1792,L1:1792, }"", ""srate"": ""4096"", ""duration"": ""32"", ""waveform_arguments"": ""{'PhenomXHMReleaseVersion': 122022, 'PhenomXPFinalSpinMod': 2, 'PhenomXPrecVersion': 320}"", ""mode_array"": ""None""}","{""f_low"": ""{ H1:40,L1:20, waveform: 13.33  }"", ""f_ref"": ""20.0"", ""f_high"": ""{ H1:1792,L1:1792, }"", ""srate"": ""4096"", ""duration"": ""32"", ""waveform_arguments"": ""{'lmax_nyquist': 1}"", ""mode_array"": ""None""}"
confirmation,GW230811_032116,17602505,IGWN-GWTC4p0-38214bd95_724-GW230811_032116-combined_PEDataRelease.hdf5 (local),BOTH_OK,C00:IMRPhenomXPHM-SpinTaylor,True,,C00:SEOBNRv5PHM,True,,own (both),"H1,L1",C00:IMRPhenomXPHM-SpinTaylor | C00:Mixed | C00:NRSur7dq4 | C00:SEOBNRv5PHM,"{""f_low"": ""{ H1:20,L1:20, waveform: 13.33  }"", ""f_ref"": ""20.0"", ""f_high"": ""{ H1:448,L1:448, }"", ""srate"": ""1024"", ""duration"": ""8"", ""waveform_arguments"": ""{'PhenomXHMReleaseVersion': 122022, 'PhenomXPFinalSpinMod': 2, 'PhenomXPrecVersion': 320}"", ""mode_array"": ""None""}","{""f_low"": ""{ H1:20,L1:20, waveform: 13.33  }"", ""f_ref"": ""20.0"", ""f_high"": ""{ H1:448,L1:448, }"", ""srate"": ""1024"", ""duration"": ""8"", ""waveform_arguments"": ""{'lmax_nyquist': 1}"", ""mode_array"": ""None""}"
confirmation,GW230814_230901,17602505,IGWN-GWTC4p0-38214bd95_724-GW230814_230901-combined_PEDataRelease.hdf5 (local),BOTH_OK,C00:IMRPhenomXPHM-SpinTaylor,True,,C00:SEOBNRv5PHM,True,,own (both),L1,C00:IMRPhenomXO4a | C00:IMRPhenomXPHM-SpinTaylor | C00:Mixed | C00:Mixed+XO4a | C00:NRSur7dq4 | C00:SEOBNRv5PHM,"{""f_low"": ""{ L1:24, waveform: 13.33  }"", ""f_ref"": ""20.0"", ""f_high"": ""{ L1:448, }"", ""srate"": ""1024"", ""duration"": ""8"", ""waveform_arguments"": ""{'PhenomXHMReleaseVersion': 122022, 'PhenomXPFinalSpinMod': 2, 'PhenomXPrecVersion': 320}"", ""mode_array"": ""None""}","{""f_low"": ""{ L1:24, waveform: 13.33  }"", ""f_ref"": ""20.0"", ""f_high"": ""{ L1:448, }"", ""srate"": ""1024"", ""duration"": ""8"", ""waveform_arguments"": ""{'lmax_nyquist': 1}"", ""mode_array"": ""None""}"
confirmation,GW230914_111401,17602505,IGWN-GWTC4p0-38214bd95_724-GW230914_111401-combined_PEDataRelease.hdf5 (local),BOTH_OK,C00:IMRPhenomXPHM-SpinTaylor,True,,C00:SEOBNRv5PHM,True,,own (both),"H1,L1",C00:IMRPhenomXO4a | C00:IMRPhenomXPHM-SpinTaylor | C00:Mixed | C00:Mixed+XO4a | C00:NRSur7dq4 | C00:SEOBNRv5PHM,"{""f_low"": ""{ H1:20,L1:20, waveform: 13.33  }"", ""f_ref"": ""20.0"", ""f_high"": ""{ H1:448,L1:448, }"", ""srate"": ""1024"", ""duration"": ""8"", ""waveform_arguments"": ""{'PhenomXHMReleaseVersion': 122022, 'PhenomXPFinalSpinMod': 2, 'PhenomXPrecVersion': 320}"", ""mode_array"": ""None""}","{""f_low"": ""{ H1:20,L1:20, waveform: 13.33  }"", ""f_ref"": ""20.0"", ""f_high"": ""{ H1:448,L1:448, }"", ""srate"": ""1024"", ""duration"": ""8"", ""waveform_arguments"": ""{'lmax_nyquist': 1}"", ""mode_array"": ""None""}"
confirmation,GW230919_215712,17602505,IGWN-GWTC4p0-38214bd95_724-GW230919_215712-combined_PEDataRelease.hdf5 (local),BOTH_OK,C00:IMRPhenomXPHM-SpinTaylor,True,,C00:SEOBNRv5PHM,True,,own (both),"H1,L1",C00:IMRPhenomXPHM-SpinTaylor | C00:Mixed | C00:SEOBNRv5PHM,"{""f_low"": ""{ H1:20,L1:20, waveform: 13.33  }"", ""f_ref"": ""20.0"", ""f_high"": ""{ H1:896,L1:896, }"", ""srate"": ""2048"", ""duration"": ""8"", ""waveform_arguments"": ""{'PhenomXHMReleaseVersion': 122022, 'PhenomXPFinalSpinMod': 2, 'PhenomXPrecVersion': 320}"", ""mode_array"": ""None""}","{""f_low"": ""{ H1:20,L1:20, waveform: 13.33  }"", ""f_ref"": ""20.0"", ""f_high"": ""{ H1:896,L1:896, }"", ""srate"": ""2048"", ""duration"": ""8"", ""waveform_arguments"": ""{'lmax_nyquist': 1}"", ""mode_array"": ""None""}"
confirmation,GW230922_020344,17602505,IGWN-GWTC4p0-38214bd95_724-GW230922_020344-combined_PEDataRelease.hdf5 (local),BOTH_OK,C00:IMRPhenomXPHM-SpinTaylor,True,,C00:SEOBNRv5PHM,True,,own (both),"H1,L1",C00:IMRPhenomXPHM-SpinTaylor | C00:Mixed | C00:NRSur7dq4 | C00:SEOBNRv5PHM,"{""f_low"": ""{ H1:20,L1:20, waveform: 13.33  }"", ""f_ref"": ""20.0"", ""f_high"": ""{ H1:448,L1:448, }"", ""srate"": ""1024"", ""duration"": ""8"", ""waveform_arguments"": ""{'PhenomXHMReleaseVersion': 122022, 'PhenomXPFinalSpinMod': 2, 'PhenomXPrecVersion': 320}"", ""mode_array"": ""None""}","{""f_low"": ""{ H1:20,L1:20, waveform: 13.33  }"", ""f_ref"": ""20.0"", ""f_high"": ""{ H1:448,L1:448, }"", ""srate"": ""1024"", ""duration"": ""8"", ""waveform_arguments"": ""{'lmax_nyquist': 1}"", ""mode_array"": ""None""}"
confirmation,GW230922_040658,17602505,IGWN-GWTC4p0-38214bd95_724-GW230922_040658-combined_PEDataRelease.hdf5 (local),BOTH_OK,C00:IMRPhenomXPHM-SpinTaylor,True,,C00:SEOBNRv5PHM,True,,own (both),"H1,L1",C00:IMRPhenomXPHM-SpinTaylor | C00:Mixed | C00:NRSur7dq4 | C00:SEOBNRv5PHM,"{""f_low"": ""{ H1:20,L1:20, waveform: 10.0  }"", ""f_ref"": ""14.0"", ""f_high"": ""{ H1:448,L1:448, }"", ""srate"": ""1024"", ""duration"": ""8"", ""waveform_arguments"": ""{'PhenomXHMReleaseVersion': 122022, 'PhenomXPFinalSpinMod': 2, 'PhenomXPrecVersion': 320}"", ""mode_array"": ""None""}","{""f_low"": ""{ H1:20,L1:20, waveform: 10.0  }"", ""f_ref"": ""14.0"", ""f_high"": ""{ H1:448,L1:448, }"", ""srate"": ""1024"", ""duration"": ""8"", ""waveform_arguments"": ""{'lmax_nyquist': 1}"", ""mode_array"": ""None""}"
confirmation,GW230924_124453,17602505,IGWN-GWTC4p0-38214bd95_724-GW230924_124453-combined_PEDataRelease.hdf5 (local),BOTH_OK,C00:IMRPhenomXPHM-SpinTaylor,True,,C00:SEOBNRv5PHM,True,,own (both),"H1,L1",C00:IMRPhenomXPHM-SpinTaylor | C00:Mixed | C00:NRSur7dq4 | C00:SEOBNRv5PHM,"{""f_low"": ""{ H1:20,L1:20, waveform: 13.33  }"", ""f_ref"": ""20.0"", ""f_high"": ""{ H1:448,L1:448, }"", ""srate"": ""1024"", ""duration"": ""8"", ""waveform_arguments"": ""{'PhenomXHMReleaseVersion': 122022, 'PhenomXPFinalSpinMod': 2, 'PhenomXPrecVersion': 320}"", ""mode_array"": ""None""}","{""f_low"": ""{ H1:20,L1:20, waveform: 13.33  }"", ""f_ref"": ""20.0"", ""f_high"": ""{ H1:448,L1:448, }"", ""srate"": ""1024"", ""duration"": ""8"", ""waveform_arguments"": ""{'lmax_nyquist': 1}"", ""mode_array"": ""None""}"
confirmation,GW230927_043729,17602505,IGWN-GWTC4p0-38214bd95_724-GW230927_043729-combined_PEDataRelease.hdf5 (local),BOTH_OK,C00:IMRPhenomXPHM-SpinTaylor,True,,C00:SEOBNRv5PHM,True,,own (both),"H1,L1",C00:IMRPhenomXPHM-SpinTaylor | C00:Mixed | C00:NRSur7dq4 | C00:SEOBNRv5PHM,"{""f_low"": ""{ H1:20,L1:20, waveform: 13.33  }"", ""f_ref"": ""20.0"", ""f_high"": ""{ H1:448,L1:448, }"", ""srate"": ""1024"", ""duration"": ""8"", ""waveform_arguments"": ""{'PhenomXHMReleaseVersion': 122022, 'PhenomXPFinalSpinMod': 2, 'PhenomXPrecVersion': 320}"", ""mode_array"": ""None""}","{""f_low"": ""{ H1:20,L1:20, waveform: 13.33  }"", ""f_ref"": ""20.0"", ""f_high"": ""{ H1:448,L1:448, }"", ""srate"": ""1024"", ""duration"": ""8"", ""waveform_arguments"": ""{'lmax_nyquist': 1}"", ""mode_array"": ""None""}"
confirmation,GW230927_153832,17602505,IGWN-GWTC4p0-38214bd95_724-GW230927_153832-combined_PEDataRelease.hdf5 (local),BOTH_OK,C00:IMRPhenomXPHM-SpinTaylor,True,,C00:SEOBNRv5PHM,True,,own (both),"H1,L1",C00:IMRPhenomXO4a | C00:IMRPhenomXPHM-SpinTaylor | C00:Mixed | C00:Mixed+XO4a | C00:SEOBNRv5PHM,"{""f_low"": ""{ H1:20,L1:20, waveform: 13.33  }"", ""f_ref"": ""20.0"", ""f_high"": ""{ H1:896,L1:896, }"", ""srate"": ""2048"", ""duration"": ""8"", ""waveform_arguments"": ""{'PhenomXHMReleaseVersion': 122022, 'PhenomXPFinalSpinMod': 2, 'PhenomXPrecVersion': 320}"", ""mode_array"": ""None""}","{""f_low"": ""{ H1:20,L1:20, waveform: 13.33  }"", ""f_ref"": ""20.0"", ""f_high"": ""{ H1:896,L1:896, }"", ""srate"": ""2048"", ""duration"": ""8"", ""waveform_arguments"": ""{'lmax_nyquist': 1}"", ""mode_array"": ""None""}"
confirmation,GW231020_142947,17602505,IGWN-GWTC4p0-38214bd95_724-GW231020_142947-combined_PEDataRelease.hdf5 (local),BOTH_OK,C00:IMRPhenomXPHM-SpinTaylor,True,,C00:SEOBNRv5PHM,True,,own (both),"H1,L1",C00:IMRPhenomXPHM-SpinTaylor | C00:Mixed | C00:SEOBNRv5PHM,"{""f_low"": ""{ H1:45,L1:20, waveform: 13.33  }"", ""f_ref"": ""20.0"", ""f_high"": ""{ H1:1792,L1:1792, }"", ""srate"": ""4096"", ""duration"": ""32"", ""waveform_arguments"": ""{'PhenomXHMReleaseVersion': 122022, 'PhenomXPFinalSpinMod': 2, 'PhenomXPrecVersion': 320}"", ""mode_array"": ""None""}","{""f_low"": ""{ H1:45,L1:20, waveform: 13.33  }"", ""f_ref"": ""20.0"", ""f_high"": ""{ H1:1792,L1:1792, }"", ""srate"": ""4096"", ""duration"": ""32"", ""waveform_arguments"": ""{'lmax_nyquist': 1}"", ""mode_array"": ""None""}"
confirmation,GW231028_153006,17602505,IGWN-GWTC4p0-38214bd95_724-GW231028_153006-combined_PEDataRelease.hdf5 (local),BOTH_OK,C00:IMRPhenomXPHM-SpinTaylor,True,,C00:SEOBNRv5PHM,True,,own (both),"H1,L1",C00:IMRPhenomXO4a | C00:IMRPhenomXPHM-SpinTaylor | C00:Mixed | C00:Mixed+XO4a | C00:NRSur7dq4 | C00:SEOBNRv5PHM,"{""f_low"": ""{ H1:20,L1:20, waveform: 10.0  }"", ""f_ref"": ""17.0"", ""f_high"": ""{ H1:448,L1:448, }"", ""srate"": ""1024"", ""duration"": ""8"", ""waveform_arguments"": ""{'PhenomXHMReleaseVersion': 122022, 'PhenomXPFinalSpinMod': 2, 'PhenomXPrecVersion': 320}"", ""mode_array"": ""None""}","{""f_low"": ""{ H1:20,L1:20, waveform: 10.0  }"", ""f_ref"": ""17.0"", ""f_high"": ""{ H1:448,L1:448, }"", ""srate"": ""1024"", ""duration"": ""8"", ""waveform_arguments"": ""{'lmax_nyquist': 1}"", ""mode_array"": ""None""}"
confirmation,GW231102_071736,17602505,IGWN-GWTC4p0-38214bd95_724-GW231102_071736-combined_PEDataRelease.hdf5 (local),BOTH_OK,C00:IMRPhenomXPHM-SpinTaylor,True,,C00:SEOBNRv5PHM,True,,own (both),"H1,L1",C00:IMRPhenomXO4a | C00:IMRPhenomXPHM-SpinTaylor | C00:Mixed | C00:Mixed+XO4a | C00:NRSur7dq4 | C00:SEOBNRv5PHM,"{""f_low"": ""{ H1:20.13,L1:20.13, waveform: 20.13  }"", ""f_ref"": ""20.13"", ""f_high"": ""{ H1:448,L1:448, }"", ""srate"": ""1024"", ""duration"": ""4"", ""waveform_arguments"": ""{'PhenomXHMReleaseVersion': 122022, 'PhenomXPFinalSpinMod': 2, 'PhenomXPrecVersion': 320}"", ""mode_array"": ""None""}","{""f_low"": ""{ H1:20.13,L1:20.13, waveform: 20.13  }"", ""f_ref"": ""20.13"", ""f_high"": ""{ H1:448,L1:448, }"", ""srate"": ""1024"", ""duration"": ""4"", ""waveform_arguments"": ""{'lmax_nyquist': 1}"", ""mode_array"": ""None""}"
confirmation,GW231108_125142,17602505,IGWN-GWTC4p0-38214bd95_724-GW231108_125142-combined_PEDataRelease.hdf5 (local),BOTH_OK,C00:IMRPhenomXPHM-SpinTaylor,True,,C00:SEOBNRv5PHM,True,,own (both),"H1,L1",C00:IMRPhenomXPHM-SpinTaylor | C00:Mixed | C00:SEOBNRv5PHM,"{""f_low"": ""{ H1:20,L1:20, waveform: 13.33  }"", ""f_ref"": ""20.0"", ""f_high"": ""{ H1:896,L1:896, }"", ""srate"": ""2048"", ""duration"": ""8"", ""waveform_arguments"": ""{'PhenomXHMReleaseVersion': 122022, 'PhenomXPFinalSpinMod': 2, 'PhenomXPrecVersion': 320}"", ""mode_array"": ""None""}","{""f_low"": ""{ H1:20,L1:20, waveform: 13.33  }"", ""f_ref"": ""20.0"", ""f_high"": ""{ H1:896,L1:896, }"", ""srate"": ""2048"", ""duration"": ""8"", ""waveform_arguments"": ""{'lmax_nyquist': 1}"", ""mode_array"": ""None""}"
confirmation,GW231123_135430,17602505,IGWN-GWTC4p0-38214bd95_724-GW231123_135430-combined_PEDataRelease.hdf5 (local),BOTH_OK,C00:IMRPhenomXPHM-SpinTaylor,True,,C00:SEOBNRv5PHM,True,,own (both),"H1,L1",C00:IMRPhenomTPHM | C00:IMRPhenomXO4a | C00:IMRPhenomXPHM-SpinTaylor | C00:Mixed | C00:Mixed+XO4a | C00:NRSur7dq4 | C00:SEOBNRv5PHM,"{""f_low"": ""{ H1:20,L1:20, waveform: 10.0  }"", ""f_ref"": ""10.0"", ""f_high"": ""{ H1:448,L1:448, }"", ""srate"": ""1024.0"", ""duration"": ""8.0"", ""waveform_arguments"": ""{'PhenomXHMReleaseVersion': 122022, 'PhenomXPFinalSpinMod': 2, 'PhenomXPrecVersion': 320}"", ""mode_array"": ""['__none__']""}","{""f_low"": ""{ H1:20,L1:20, waveform: 10.0  }"", ""f_ref"": ""10.0"", ""f_high"": ""{ H1:448,L1:448, }"", ""srate"": ""1024.0"", ""duration"": ""8.0"", ""waveform_arguments"": ""{'lmax_nyquist': 1}"", ""mode_array"": ""['__none__']""}"
confirmation,GW231206_233134,17602505,IGWN-GWTC4p0-38214bd95_724-GW231206_233134-combined_PEDataRelease.hdf5 (local),BOTH_OK,C00:IMRPhenomXPHM-SpinTaylor,True,,C00:SEOBNRv5PHM,True,,own (both),"H1,L1",C00:IMRPhenomXPHM-SpinTaylor | C00:Mixed | C00:NRSur7dq4 | C00:SEOBNRv5PHM,"{""f_low"": ""{ H1:40,L1:30, waveform: 13.33  }"", ""f_ref"": ""20.0"", ""f_high"": ""{ H1:448,L1:448, }"", ""srate"": ""1024"", ""duration"": ""8"", ""waveform_arguments"": ""{'PhenomXHMReleaseVersion': 122022, 'PhenomXPFinalSpinMod': 2, 'PhenomXPrecVersion': 320}"", ""mode_array"": ""None""}","{""f_low"": ""{ H1:40,L1:30, waveform: 13.33  }"", ""f_ref"": ""20.0"", ""f_high"": ""{ H1:448,L1:448, }"", ""srate"": ""1024"", ""duration"": ""8"", ""waveform_arguments"": ""{'lmax_nyquist': 1}"", ""mode_array"": ""None""}"
confirmation,GW231206_233901,17602505,IGWN-GWTC4p0-38214bd95_724-GW231206_233901-combined_PEDataRelease.hdf5 (local),BOTH_OK,C00:IMRPhenomXPHM-SpinTaylor,True,,C00:SEOBNRv5PHM,True,,own (both),"H1,L1",C00:IMRPhenomXPHM-SpinTaylor | C00:Mixed | C00:NRSur7dq4 | C00:SEOBNRv5PHM,"{""f_low"": ""{ H1:20,L1:20, waveform: 13.33  }"", ""f_ref"": ""20.0"", ""f_high"": ""{ H1:448,L1:448, }"", ""srate"": ""1024"", ""duration"": ""8"", ""waveform_arguments"": ""{'PhenomXHMReleaseVersion': 122022, 'PhenomXPFinalSpinMod': 2, 'PhenomXPrecVersion': 320}"", ""mode_array"": ""None""}","{""f_low"": ""{ H1:20,L1:20, waveform: 13.33  }"", ""f_ref"": ""20.0"", ""f_high"": ""{ H1:448,L1:448, }"", ""srate"": ""1024"", ""duration"": ""8"", ""waveform_arguments"": ""{'lmax_nyquist': 1}"", ""mode_array"": ""None""}"
confirmation,GW231224_024321,17602505,IGWN-GWTC4p0-38214bd95_724-GW231224_024321-combined_PEDataRelease.hdf5 (local),BOTH_OK,C00:IMRPhenomXPHM-SpinTaylor,True,,C00:SEOBNRv5PHM,True,,own (both),"H1,L1",C00:IMRPhenomXPHM-SpinTaylor | C00:Mixed | C00:SEOBNRv5PHM,"{""f_low"": ""{ H1:40,L1:20, waveform: 13.33  }"", ""f_ref"": ""20.0"", ""f_high"": ""{ H1:1792,L1:1792, }"", ""srate"": ""4096"", ""duration"": ""32"", ""waveform_arguments"": ""{'PhenomXHMReleaseVersion': 122022, 'PhenomXPFinalSpinMod': 2, 'PhenomXPrecVersion': 320}"", ""mode_array"": ""None""}","{""f_low"": ""{ H1:40,L1:20, waveform: 13.33  }"", ""f_ref"": ""20.0"", ""f_high"": ""{ H1:1792,L1:1792, }"", ""srate"": ""4096"", ""duration"": ""32"", ""waveform_arguments"": ""{'lmax_nyquist': 1}"", ""mode_array"": ""None""}"
confirmation,GW231226_101520,17602505,IGWN-GWTC4p0-38214bd95_724-GW231226_101520-combined_PEDataRelease.hdf5 (local),BOTH_OK,C00:IMRPhenomXPHM-SpinTaylor,True,,C00:SEOBNRv5PHM,True,,own (both),"H1,L1",C00:IMRPhenomXO4a | C00:IMRPhenomXPHM-SpinTaylor | C00:Mixed | C00:Mixed+XO4a | C00:NRSur7dq4 | C00:SEOBNRv5PHM,"{""f_low"": ""{ H1:20,L1:20, waveform: 19.83  }"", ""f_ref"": ""20.0"", ""f_high"": ""{ H1:448,L1:448, }"", ""srate"": ""1024"", ""duration"": ""4"", ""waveform_arguments"": ""{'PhenomXHMReleaseVersion': 122022, 'PhenomXPFinalSpinMod': 2, 'PhenomXPrecVersion': 320}"", ""mode_array"": ""None""}","{""f_low"": ""{ H1:20,L1:20, waveform: 19.83  }"", ""f_ref"": ""20.0"", ""f_high"": ""{ H1:448,L1:448, }"", ""srate"": ""1024"", ""duration"": ""4"", ""waveform_arguments"": ""{'lmax_nyquist': 1}"", ""mode_array"": ""None""}"
confirmation,GW231231_154016,17602505,IGWN-GWTC4p0-38214bd95_724-GW231231_154016-combined_PEDataRelease.hdf5 (local),BOTH_OK,C00:IMRPhenomXPHM-SpinTaylor,True,,C00:SEOBNRv5PHM,True,,own (both),H1,C00:IMRPhenomXPHM-SpinTaylor | C00:Mixed | C00:SEOBNRv5PHM,"{""f_low"": ""{ H1:20, waveform: 14.68  }"", ""f_ref"": ""20.0"", ""f_high"": ""{ H1:896, }"", ""srate"": ""2048"", ""duration"": ""8"", ""waveform_arguments"": ""{'PhenomXHMReleaseVersion': 122022, 'PhenomXPFinalSpinMod': 2, 'PhenomXPrecVersion': 320}"", ""mode_array"": ""None""}","{""f_low"": ""{ H1:20, waveform: 14.68  }"", ""f_ref"": ""20.0"", ""f_high"": ""{ H1:896, }"", ""srate"": ""2048"", ""duration"": ""8"", ""waveform_arguments"": ""{'lmax_nyquist': 1}"", ""mode_array"": ""None""}"
confirmation,GW240104_164932,17602505,IGWN-GWTC4p0-38214bd95_724-GW240104_164932-combined_PEDataRelease.hdf5 (local),BOTH_OK,C00:IMRPhenomXPHM-SpinTaylor,True,,C00:SEOBNRv5PHM,True,,own (both),H1,C00:IMRPhenomXPHM-SpinTaylor | C00:Mixed | C00:NRSur7dq4 | C00:SEOBNRv5PHM,"{""f_low"": ""{ H1:20, waveform: 13.33  }"", ""f_ref"": ""20.0"", ""f_high"": ""{ H1:448, }"", ""srate"": ""1024"", ""duration"": ""8"", ""waveform_arguments"": ""{'PhenomXHMReleaseVersion': 122022, 'PhenomXPFinalSpinMod': 2, 'PhenomXPrecVersion': 320}"", ""mode_array"": ""None""}","{""f_low"": ""{ H1:20, waveform: 13.33  }"", ""f_ref"": ""20.0"", ""f_high"": ""{ H1:448, }"", ""srate"": ""1024"", ""duration"": ""8"", ""waveform_arguments"": ""{'lmax_nyquist': 1}"", ""mode_array"": ""None""}"
