"Hash","Path"
"D14886420F9D94DF12BA213062ED7068753876BDE26539C72592A677DEB789DE","C:\residual-first-framework\scanner\piano\data\Piano\Piano.mf.A1.aiff"
"3E43F1A8326C35C8DF61F83DBE942EA0A469AB67A11C092ED266E9726A406259","C:\residual-first-framework\scanner\piano\data\Piano\Piano.mf.A2.aiff"
"2F71FFC089556DCEEC0544AB6D6767D22E361C440FF99F3659B7571E8A7FA03D","C:\residual-first-framework\scanner\piano\data\Piano\Piano.mf.A3.aiff"
"800A6BE43A44125BDA75F7907ABA2F6299287B4060D67E85EFCF32A226757563","C:\residual-first-framework\scanner\piano\data\Piano\Piano.mf.A4.aiff"
"E846A6C12058EC8B5FC74AF7DC4AE0C9456AB49FA7A6D92B58292A39A95AF2B6","C:\residual-first-framework\scanner\piano\data\Piano\Piano.mf.A5.aiff"
"E5B2CC6E9894E7FBC4090BD961EB457362EDA9D4E138D5FCA7CF624B37D8B9D6","C:\residual-first-framework\scanner\piano\data\Piano\Piano.mf.A6.aiff"
"0632CF6F140C40C70AC91A78264A831E05D708A8526A5D9FC37C434322C1922F","C:\residual-first-framework\scanner\piano\data\Piano\Piano.mf.A7.aiff"
"A3A36D8D34A550985368E283D5046DDB70AFC28FB0AC6644A8D73478C4F94622","C:\residual-first-framework\scanner\piano\data\Piano\Piano.mf.Ab1.aiff"
"13A0FA7887FA8C686238482C1AA65369C67528B3501880C1F5737237C6145539","C:\residual-first-framework\scanner\piano\data\Piano\Piano.mf.Ab2.aiff"
"737D0ACD21077EF0F399364C5ED2F8A8543DD264BB4333F25654FDF0574DAFA5","C:\residual-first-framework\scanner\piano\data\Piano\Piano.mf.Ab3.aiff"
"BC773104B9D8B3D5ED25A9C28081C95F7E1C05AD31A4C2F053807B7B2756E547","C:\residual-first-framework\scanner\piano\data\Piano\Piano.mf.Ab4.aiff"
"BC4171CC8D4AAC0D8DA580088BFA3BC9F4AE947AC3D2A7C1677391F1630708AA","C:\residual-first-framework\scanner\piano\data\Piano\Piano.mf.Ab5.aiff"
"F7787EA6C85975D118458848EFCD4CD4726AF2A172F5B5A56FD2A97A100CE2B0","C:\residual-first-framework\scanner\piano\data\Piano\Piano.mf.Ab6.aiff"
"42B311EFA851359C867CB6774EAD28A0A11A04BDD4DEB4FDE5FB3F8FE5AC6EB0","C:\residual-first-framework\scanner\piano\data\Piano\Piano.mf.Ab7.aiff"
"9812B67D929A7A2C84A032629EC2682EF9F683A7F74CBA54CA2B189B176CAA4E","C:\residual-first-framework\scanner\piano\data\Piano\Piano.mf.B0.aiff"
"0CF73AF35D8A96EFE579ECDEBA1AB4EF5ACC1E0EEB9F5A0733D72B7178051FEE","C:\residual-first-framework\scanner\piano\data\Piano\Piano.mf.B1.aiff"
"156AFD87CE8714EDC92F7C81D40BC75D9DE18FBBDD28CE385EEFE9E80426254E","C:\residual-first-framework\scanner\piano\data\Piano\Piano.mf.B2.aiff"
"14B9B21000CEAD5AE95C25E2C21D9A7920EFCEFBDA2B860715B76AE5D9553221","C:\residual-first-framework\scanner\piano\data\Piano\Piano.mf.B3.aiff"
"9607371977074F8C2F926D3CF6BD4AD5F5D02AE988FCB1D2F308D15967CED2CA","C:\residual-first-framework\scanner\piano\data\Piano\Piano.mf.B4.aiff"
"33878A15012702C0778A4B7F5143C3ADD9145EACAD8DD0DD7C66343C222A4161","C:\residual-first-framework\scanner\piano\data\Piano\Piano.mf.B5.aiff"
"07A70813DCD0394760BC0D26D56FD4C03EA221E8FD09657516E500D7ADE8A287","C:\residual-first-framework\scanner\piano\data\Piano\Piano.mf.B6.aiff"
"035FA4571D299C4F279A5A46EFBBF59CCEF1A202F5E2358C085E72ECB4BAACED","C:\residual-first-framework\scanner\piano\data\Piano\Piano.mf.B7.aiff"
"ABA006372D28A3B84BD107C4094557CB2AAF6C6C56E5A4E631F4D993D828D2B8","C:\residual-first-framework\scanner\piano\data\Piano\Piano.mf.Bb1.aiff"
"8E64762D0F1D2660BF05698C7CB04348C1AF4CFCCB12D1F664A2F74D14E8AFC8","C:\residual-first-framework\scanner\piano\data\Piano\Piano.mf.Bb2.aiff"
"4FA392B5FED75190E470CF1CC1295DF2A65B4735B081FFAD057E6AD5C1492359","C:\residual-first-framework\scanner\piano\data\Piano\Piano.mf.Bb3.aiff"
"E5ED3CA8C3ED7CFB08EC58C66B497048834A9A95D3C88B0D20A56BA10863E61C","C:\residual-first-framework\scanner\piano\data\Piano\Piano.mf.Bb4.aiff"
"996A4037195E1A89B61FA4EA123C98E85DF846C17EE6876854C7E07A9582F119","C:\residual-first-framework\scanner\piano\data\Piano\Piano.mf.Bb5.aiff"
"04A3FCD6EAAC27122017C1971158858A8E9B2236339BB7EDE86F64BC57681A97","C:\residual-first-framework\scanner\piano\data\Piano\Piano.mf.Bb6.aiff"
"3C6DB231C9287A8A96397207E328D6747AC482D36597F9EC3BD7C964057DD5D7","C:\residual-first-framework\scanner\piano\data\Piano\Piano.mf.Bb7.aiff"
"E30425350189828DF0B989EB60E0624535EFBB6AB353400F8F67992FF8F7F433","C:\residual-first-framework\scanner\piano\data\Piano\Piano.mf.C1.aiff"
"A794E41D4A1F67265E6E67C1A91EF7E0EA5D85CF9CFEBDB772C43C27C355BA5F","C:\residual-first-framework\scanner\piano\data\Piano\Piano.mf.C2.aiff"
"B39FF5E129DF5557996DBDBADD1F2622CF33425D33714D70AF16FD4F209355B5","C:\residual-first-framework\scanner\piano\data\Piano\Piano.mf.C3.aiff"
"1A7D8DDEA94A3639FA58D79EBCC0B09B170B9C324811D2B705F97E278FDEFAC2","C:\residual-first-framework\scanner\piano\data\Piano\Piano.mf.C4.aiff"
"68C231A437A0D54004427C723D136814358DEEA8F913516BEE6095EA6C407937","C:\residual-first-framework\scanner\piano\data\Piano\Piano.mf.C5.aiff"
"897480810C72F06E4FC89CFE555925A344A7413230BD374D374A1796AE88ACEE","C:\residual-first-framework\scanner\piano\data\Piano\Piano.mf.C6.aiff"
"DC6DBB6FDE60AC3349330285A5467CC7A045D246615C713D96C409FE0EA5ADA7","C:\residual-first-framework\scanner\piano\data\Piano\Piano.mf.C7.aiff"
"4B32B00DA510FC38359A98061B99334ACB4D53B39D7FD0413D26EE9FED5034EF","C:\residual-first-framework\scanner\piano\data\Piano\Piano.mf.C8.aiff"
"F6706A4BECFD98A32594354BF5027362A83DEED22391137F2237250156F77D78","C:\residual-first-framework\scanner\piano\data\Piano\Piano.mf.D1.aiff"
"678B51577D963B57D84584D8C5126C06CEA90211DBC4DD7C0A518F0BCF50C4C0","C:\residual-first-framework\scanner\piano\data\Piano\Piano.mf.D2.aiff"
"16D31F05F130CAC5D057CB29C251989FB2F12047245EB33EC09427D07A16557B","C:\residual-first-framework\scanner\piano\data\Piano\Piano.mf.D3.aiff"
"0F5264652334906338DCA950F69B063F6617BCFCEF725CF2734127C6CB683E19","C:\residual-first-framework\scanner\piano\data\Piano\Piano.mf.D4.aiff"
"8AE26CD843C218E456BD51A4D4494B833E460D2409E36B4E8ED2E72001697BCE","C:\residual-first-framework\scanner\piano\data\Piano\Piano.mf.D5.aiff"
"EA88C70C5289721D99702BD9AE655DDB7B4A3BEE41D0C66BA47060AAFFE66508","C:\residual-first-framework\scanner\piano\data\Piano\Piano.mf.D6.aiff"
"926BA4C69D524DD7B319BD22C6E55A235A030289232043F394D8DC3F8A33F670","C:\residual-first-framework\scanner\piano\data\Piano\Piano.mf.D7.aiff"
"491F782CD7F5817C8CD759A0D26A796DDEB67784A8FD94214F216E97DE560CE0","C:\residual-first-framework\scanner\piano\data\Piano\Piano.mf.Db1.aiff"
"990A559627499DD6A9EC887B2CE5CA39F9D6511159357AAFED41F1C3146CB3F7","C:\residual-first-framework\scanner\piano\data\Piano\Piano.mf.Db2.aiff"
"B922931C3098C903A65978457720F9F5739C42E2C6166DDA3BD64D10ED79D26E","C:\residual-first-framework\scanner\piano\data\Piano\Piano.mf.Db3.aiff"
"50E3B6201C01241ABDD09FD914257E8A07A3712B5D29626A3B56975AB71DE836","C:\residual-first-framework\scanner\piano\data\Piano\Piano.mf.Db4.aiff"
"26419B6307DB09ACCB530073DC3A21FA60CBCC41719252794C785EB17C8B36A1","C:\residual-first-framework\scanner\piano\data\Piano\Piano.mf.Db5.aiff"
"F1964EFFC2AC19D61869891425320D442E6554C4BC942D5932C67F7615868DB1","C:\residual-first-framework\scanner\piano\data\Piano\Piano.mf.Db6.aiff"
"00884D7FF5E7E4EA1BC49270B4D0F3579A4D0580F25858E16C5228F2C3C59980","C:\residual-first-framework\scanner\piano\data\Piano\Piano.mf.Db7.aiff"
"4BA594120B76B6EFDAAAE622186CBF4CA345ADE6C5E45079CD8B4570029CC8B4","C:\residual-first-framework\scanner\piano\data\Piano\Piano.mf.E1.aiff"
"303393356166E70FFA5627EFDF4F89B3C0CBF4D43E7A8E82D98223B7BAE6EA18","C:\residual-first-framework\scanner\piano\data\Piano\Piano.mf.E2.aiff"
"F2221CB8E022FF67DA8924C33C66FD5B5736F9766D64F17814F5F637F073D167","C:\residual-first-framework\scanner\piano\data\Piano\Piano.mf.E3.aiff"
"3EE2ACE7FD571C8868B3582B68417B1E456EF71169B136B732804D2F4EEABD9D","C:\residual-first-framework\scanner\piano\data\Piano\Piano.mf.E4.aiff"
"BDEC2A371B4D4AE11EE1B425E3DE87C83D944BD77E2B8F97843DE3707FE0A14C","C:\residual-first-framework\scanner\piano\data\Piano\Piano.mf.E5.aiff"
"04994729611273FF665C2BA996E58DAD0932257FB69FC4ECA8ECFB9C98A0ED3C","C:\residual-first-framework\scanner\piano\data\Piano\Piano.mf.E6.aiff"
"7BADE370EF37F110E2AB173B1FF457BF22EDD9C0BFEE748A0B90E18357C1583C","C:\residual-first-framework\scanner\piano\data\Piano\Piano.mf.E7.aiff"
"EDA8E62F763688B4B98529CAAE601CBDD8A1AA711A1F75099BBB9546BC377447","C:\residual-first-framework\scanner\piano\data\Piano\Piano.mf.Eb1.aiff"
"C7A2271DA48FFF427C1CC60A98451DEC0B5FB492C9FFAE6815914CFDCB785B59","C:\residual-first-framework\scanner\piano\data\Piano\Piano.mf.Eb2.aiff"
"6E2894F842A53857CA64B9C8CF2D9B52B97AF9BE2C07EEBC81CEBECB06C9329C","C:\residual-first-framework\scanner\piano\data\Piano\Piano.mf.Eb3.aiff"
"97C2469F83E576084C3A602AA403C6FBFE259034820B48CF32B0CD159DF4BF4C","C:\residual-first-framework\scanner\piano\data\Piano\Piano.mf.Eb4.aiff"
"34C9C3AFB8DAB8B7DAE93425E80BDE2091714E4BD01B9F66D72A6AED62861A3D","C:\residual-first-framework\scanner\piano\data\Piano\Piano.mf.Eb5.aiff"
"F1A171425A185B02759BBE5EDDEB720C89B40BB1E81924F37CA51D7366542F1C","C:\residual-first-framework\scanner\piano\data\Piano\Piano.mf.Eb6.aiff"
"E5E36497B19442EF94CE7FBE29F4067C7E70A3F0D73F57EFD229996E8BE9843C","C:\residual-first-framework\scanner\piano\data\Piano\Piano.mf.Eb7.aiff"
"69A044E6810DC20C825D3CAC3492857F64FAC9830874F18273E514D0DD35F394","C:\residual-first-framework\scanner\piano\data\Piano\Piano.mf.F1.aiff"
"EFC24B0FD24F9C923E0C53865D1C55136AAEDAA337A6330EEDFA95D9D88D2280","C:\residual-first-framework\scanner\piano\data\Piano\Piano.mf.F2.aiff"
"C4AD875FA7B631A697EA681476FBCA2F5DCFBBF254430D3D0A29FE872921C3B0","C:\residual-first-framework\scanner\piano\data\Piano\Piano.mf.F3.aiff"
"588A2017E8F4E902FF9533112149C1899D2A77027A196D73778438096BEDF68E","C:\residual-first-framework\scanner\piano\data\Piano\Piano.mf.F4.aiff"
"7A2829A68DB58B2CA042778ACC76FDC47F2EC215DF9A739DBAECD1FEB090C50A","C:\residual-first-framework\scanner\piano\data\Piano\Piano.mf.F5.aiff"
"9BF41C88A0F632E8303CAFE9BA7C0929A54E8FFF55461FCBD93AF259026607F4","C:\residual-first-framework\scanner\piano\data\Piano\Piano.mf.F6.aiff"
"DD508C770A0525D053F4CDA0D14ABFD0A886976E77C4E13E2A61069BEA96CDB3","C:\residual-first-framework\scanner\piano\data\Piano\Piano.mf.F7.aiff"
"E796E52A0BF278751CC109BB0BBE24DD1E11FB12BE326D4008D9B43D7B95E6C9","C:\residual-first-framework\scanner\piano\data\Piano\Piano.mf.G1.aiff"
"A6F29E97B69797C81874CDC994888E392A1834497C63D99ADFCC15B11B88FFC9","C:\residual-first-framework\scanner\piano\data\Piano\Piano.mf.G2.aiff"
"6AD72B234D9A33A8E04ED41F80E07A95DEFDA1430552DB66026898223B7A938E","C:\residual-first-framework\scanner\piano\data\Piano\Piano.mf.G3.aiff"
"0BF10E0279D77CEC93FE3C6CC47C53C4BAB6B650E342B7C4BADFA9BC11B9C3E3","C:\residual-first-framework\scanner\piano\data\Piano\Piano.mf.G4.aiff"
"0AFA1FBB5114BB254B7E03016AEF2D3F93B38C60E92CEA523C58979371303D17","C:\residual-first-framework\scanner\piano\data\Piano\Piano.mf.G5.aiff"
"4BA2516BD67B315B8BBFA4C4E88AFF14F1C492BCD24144C26B00843C19F1F8DF","C:\residual-first-framework\scanner\piano\data\Piano\Piano.mf.G6.aiff"
"FA88DEC673EC5C08000C161FC04E875582FFC839CD83DA0B21641F05A7709264","C:\residual-first-framework\scanner\piano\data\Piano\Piano.mf.G7.aiff"
"A1BE756992D076530BC52B48D93439F129A40CA3E58600DC88D666FB7EABC8A7","C:\residual-first-framework\scanner\piano\data\Piano\Piano.mf.Gb1.aiff"
"832101F3B676520C916A92F13E4C07BBD5DE6C86D0C2018AF17181DC50168D07","C:\residual-first-framework\scanner\piano\data\Piano\Piano.mf.Gb2.aiff"
"38EC1792E412A380E5257601C8E935C6AE231E860931F95C79D122710B7B4E94","C:\residual-first-framework\scanner\piano\data\Piano\Piano.mf.Gb3.aiff"
"B96802B034A42C45CDCA1AF419330A03069136EB0149DBE19C6167998C71E0EA","C:\residual-first-framework\scanner\piano\data\Piano\Piano.mf.Gb4.aiff"
"15DDF2D73E4AEE342ECE10FB1139F2DB65361B2CAFAAF68571BD985BE8EC4773","C:\residual-first-framework\scanner\piano\data\Piano\Piano.mf.Gb5.aiff"
"F62F4737B851749AB21A05F1BFC9DF0A6426D34175CD91283201CF5378C25A52","C:\residual-first-framework\scanner\piano\data\Piano\Piano.mf.Gb6.aiff"
"AF8C679A97E8DF1E194FFB5CA60884E5DAF45209ECEEC37034E6ED61790C9A32","C:\residual-first-framework\scanner\piano\data\Piano\Piano.mf.Gb7.aiff"
"D6DA87EEDECE3FD1D170FEF8096C57FA37D0512BF17BCC0CAD456E7FBBE8EEA1","C:\residual-first-framework\scanner\piano\data\Violin\Violin.arco.ff.sulA.A4.stereo.aif"
"00A4EC2B30E7EAC48AB8070149ECB82B74768556DEE63E873E3C55595C2490AA","C:\residual-first-framework\scanner\piano\data\Violin\Violin.arco.ff.sulA.A5.stereo.aif"
"0D142402FA614FA922A8745D44057E2AE231D03C92868B4EB1DEB5575B0C84B6","C:\residual-first-framework\scanner\piano\data\Violin\Violin.arco.ff.sulA.Ab5.stereo.aif"
"E3066F0C40D7367923B8AD3DF1F56BC9E0B37C517711C358C8C04D1FE5E9A212","C:\residual-first-framework\scanner\piano\data\Violin\Violin.arco.ff.sulA.Ab6.stereo.aif"
"A725625B100B8B66826D35E6EE20F41BCC83B45D8EBB08B15DB2ECE6DE4DA204","C:\residual-first-framework\scanner\piano\data\Violin\Violin.arco.ff.sulA.B4.stereo.aif"
"DC22DFC0A0D9E5E30815A391F6C89998438AFFEC9F40E84D7531A24F761E29DB","C:\residual-first-framework\scanner\piano\data\Violin\Violin.arco.ff.sulA.B5.stereo.aif"
"C07A8F6867F293A68F2F36B18F82884217598246E01148C20420965FA93EAAF1","C:\residual-first-framework\scanner\piano\data\Violin\Violin.arco.ff.sulA.Bb4.stereo.aif"
"7C0A6381BDF5CA5D7143E851722AE3934CCC2E61F7D0861F8CCE615843C2DB1D","C:\residual-first-framework\scanner\piano\data\Violin\Violin.arco.ff.sulA.C5.stereo.aif"
"7F7347C15DB6B3041F1648097D29FB0C646160D8A5080BF585531F40FE83CD3D","C:\residual-first-framework\scanner\piano\data\Violin\Violin.arco.ff.sulA.C6.stereo.aif"
"6878F9AD9EE9A2AA94030807EB1F5632613F16ABB2B1B074BF72CD9E04768910","C:\residual-first-framework\scanner\piano\data\Violin\Violin.arco.ff.sulA.D5.stereo.aif"
"FF10336D0ADCCE560D292DA6C1D4F9F61DAC994157201CD53714AC02BDC1F09C","C:\residual-first-framework\scanner\piano\data\Violin\Violin.arco.ff.sulA.D6.stereo.aif"
"78C40848D0B6060FF6522578DA98B8BF9B6729B0A3244F4F08E98C89F2D2D29A","C:\residual-first-framework\scanner\piano\data\Violin\Violin.arco.ff.sulA.Db5.stereo.aif"
"0683C17D5B462D9A00A67E97B7A5EA7B64F1278359859DB600AD51F237F929DD","C:\residual-first-framework\scanner\piano\data\Violin\Violin.arco.ff.sulA.Db6.stereo.aif"
"5A177363A4AFE0FD225BF3F30A8A91CC02645FABF501A88953D30BED9C366CBE","C:\residual-first-framework\scanner\piano\data\Violin\Violin.arco.ff.sulA.E5.stereo.aif"
"A86C812B3CE5191DADF5387975BB8887377746187157F8FE4EF887CFF646CA54","C:\residual-first-framework\scanner\piano\data\Violin\Violin.arco.ff.sulA.E6.stereo.aif"
"F34DC377503A80318C0679C851E3B5C488BC44AC6B72782D9AAE3D8022A09356","C:\residual-first-framework\scanner\piano\data\Violin\Violin.arco.ff.sulA.Eb5.stereo.aif"
"97DE0A6AC30B130D0C450C21CFB6463F43AFB093A5F3A9E4BF8A0B6DF601FA82","C:\residual-first-framework\scanner\piano\data\Violin\Violin.arco.ff.sulA.Eb6.stereo.aif"
"2D5622A32A9CFBBBB2AD098CA8B8739DE1659379482D8DA2B4A689E092D8F28C","C:\residual-first-framework\scanner\piano\data\Violin\Violin.arco.ff.sulA.F5.stereo.aif"
"79E8B6DC517489880F95CDAE46340E29ABCE2C64C634045BD7DEEE4F66FE46FE","C:\residual-first-framework\scanner\piano\data\Violin\Violin.arco.ff.sulA.F6.stereo.aif"
"F33612455CC3413AD930F207A08E24062A741E0FD414413507CF2FB8546FF498","C:\residual-first-framework\scanner\piano\data\Violin\Violin.arco.ff.sulA.G5.stereo.aif"
"B3191584B67457F579A36AB4F33B9CEF4F3C2FBB2404ABA2E02454DC068348E0","C:\residual-first-framework\scanner\piano\data\Violin\Violin.arco.ff.sulA.G6.stereo.aif"
"1F8751DC9381D353BEA33E2859100064A0DFC068CB47F85ABABB20DEBDB08808","C:\residual-first-framework\scanner\piano\data\Violin\Violin.arco.ff.sulA.Gb5.stereo.aif"
"65CF738B8B5DA60FC522CE30D3D40568959DF7760E984DA3AEA339A496793D92","C:\residual-first-framework\scanner\piano\data\Violin\Violin.arco.ff.sulA.Gb6.stereo.aif"
"2A26BA46FA1CC6C1C838E4C805D517BDBC67AFECE91045661C7E9C5E896DD62A","C:\residual-first-framework\scanner\piano\data\Violin\Violin.arco.ff.sulD.A4.stereo.aif"
"2B9FD598F295310D1EEC2AFEE30D831446F0999BDE71B67939FFF3904B0C159B","C:\residual-first-framework\scanner\piano\data\Violin\Violin.arco.ff.sulD.A5.stereo.aif"
"395B130087D44AE7F9B055CBEC80ED3D3897279C875EB05BDC7B475CA0DC615F","C:\residual-first-framework\scanner\piano\data\Violin\Violin.arco.ff.sulD.Ab4.stereo.aif"
"CC64D28617DC434860AB57A82201011B02810A503FAA3B0EC4E459B994D989C9","C:\residual-first-framework\scanner\piano\data\Violin\Violin.arco.ff.sulD.Ab5.stereo.aif"
"5422446AF81099313D447A782019B4080C732C5D30DD4A788BED3624CFD47094","C:\residual-first-framework\scanner\piano\data\Violin\Violin.arco.ff.sulD.B4.stereo.aif"
"DED01578158FC574B94F48AA29F6C495075700EECE0705436055D1142A6DE971","C:\residual-first-framework\scanner\piano\data\Violin\Violin.arco.ff.sulD.B5.stereo.aif"
"7D3FDE44B0E60AF699477B501DB594A3352B2EBA953B73561BDC29032C88E9C8","C:\residual-first-framework\scanner\piano\data\Violin\Violin.arco.ff.sulD.Bb4.stereo.aif"
"09BDBE69285BFD2DED474C21B6CE95E15D1B6F2DDDD3D6014FCA8EDF336C183F","C:\residual-first-framework\scanner\piano\data\Violin\Violin.arco.ff.sulD.Bb5.stereo.aif"
"29FD34A64E9D295FBDE4BCAE2D22CD44737E8886C1E4DBD0282FF14AB8A19A04","C:\residual-first-framework\scanner\piano\data\Violin\Violin.arco.ff.sulD.C5.stereo.aif"
"A62CEA936D659DEA42B6A73D80EEAFA6D024251D23E270B78B6882F61CB8AB29","C:\residual-first-framework\scanner\piano\data\Violin\Violin.arco.ff.sulD.C6.stereo.aif"
"3E9A41463A595615581ACBCE18EEAC0762971815BA71B919157395726DFBA898","C:\residual-first-framework\scanner\piano\data\Violin\Violin.arco.ff.sulD.D4.stereo.aif"
"956B0A538518310F3FD7478C8B6ED1287D10C6226D9365BF7BC3BFAB0CE5CB51","C:\residual-first-framework\scanner\piano\data\Violin\Violin.arco.ff.sulD.D5.stereo.aif"
"63CA20F2063C5BB7D76D62F29E54DA084139DBBC7DD8385D2703F209946C413A","C:\residual-first-framework\scanner\piano\data\Violin\Violin.arco.ff.sulD.Db5.stereo.aif"
"9D330BDB4DC79319CA5785C90CD02F5ACF604B4654281E539953FCE0687FFD7D","C:\residual-first-framework\scanner\piano\data\Violin\Violin.arco.ff.sulD.E4.stereo.aif"
"6EF65BC6A846EDA74A4708FBCB289AD11259AFA9A3D672C75D651F0AECF1F759","C:\residual-first-framework\scanner\piano\data\Violin\Violin.arco.ff.sulD.E5.stereo.aif"
"1FED02BE7C56B546C2AFCB6B7904FF553DAF303F3232AD112E292EF42020B010","C:\residual-first-framework\scanner\piano\data\Violin\Violin.arco.ff.sulD.Eb4.stereo.aif"
"FC2B33591CDBF50E8329C5DA2D240857A538692EABFA3402EA68DF270ACD9303","C:\residual-first-framework\scanner\piano\data\Violin\Violin.arco.ff.sulD.Eb5.stereo.aif"
"B2E74EC683F3C12B7B1A1E355672C7868CC61F7A1327F6A143899F39142FE95B","C:\residual-first-framework\scanner\piano\data\Violin\Violin.arco.ff.sulD.F4.stereo.aif"
"089F1305A897BE1546D0D82907BC5DFE4FB756035EA1AFF8767B8E22B62F399C","C:\residual-first-framework\scanner\piano\data\Violin\Violin.arco.ff.sulD.F5.stereo.aif"
"6DDB0171F0E9E5BD7C69ABAAF016FF4849D7E0F7D3F3D65BDCDBBC8634823B2F","C:\residual-first-framework\scanner\piano\data\Violin\Violin.arco.ff.sulD.G4.stereo.aif"
"F38DCC18D098EF7925699DFD44D62FC9E91477F03D2573F9F479643F184391EE","C:\residual-first-framework\scanner\piano\data\Violin\Violin.arco.ff.sulD.G5.stereo.aif"
"E052CB19C30C7A047ECAD1BDAFF650EAFE04DE708519FEC543F2F12178B30BA2","C:\residual-first-framework\scanner\piano\data\Violin\Violin.arco.ff.sulD.Gb5.stereo.aif"
"2B71174BB93528528CE7FF94AC3E26C58768B25FAF0D2B13362BF09BA39FDF0C","C:\residual-first-framework\scanner\piano\data\Violin\Violin.arco.ff.sulE.A5.stereo.aif"
"7B16BC95406E79DE94993B23667AAAA210D1CF843A6456BDE5933A7296349293","C:\residual-first-framework\scanner\piano\data\Violin\Violin.arco.ff.sulE.A6.stereo.aif"
"CAA615C2C54729570D9647BBF67F4A356674DE27B56DDCBC29EA4012AEBDFFD1","C:\residual-first-framework\scanner\piano\data\Violin\Violin.arco.ff.sulE.Ab5.stereo.aif"
"418D0B32B08BF179B65E7F727C2147BB6FFC4F6F229886625034308BF7E7F877","C:\residual-first-framework\scanner\piano\data\Violin\Violin.arco.ff.sulE.Ab6.stereo.aif"
"606694DD3ABC81B47A4E4259B5CF27CE7E0C3E97CE30FCC7F0FD78FFD8267634","C:\residual-first-framework\scanner\piano\data\Violin\Violin.arco.ff.sulE.B5.stereo.aif"
"8EEFCBFB37B1A55CFA49C939024CA21DF1BBFD74E7E8AF8312AFD5F83E70813C","C:\residual-first-framework\scanner\piano\data\Violin\Violin.arco.ff.sulE.B6.stereo.aif"
"974B9FC0073D2387CC95F64BF857960D9FD405DA476B1C25164634F2EA9322A8","C:\residual-first-framework\scanner\piano\data\Violin\Violin.arco.ff.sulE.Bb5.stereo.aif"
"D26417FA7D0D4A24EDEFAD16E10398C24ABFE16A114DE5E7D4BF13071A5A0068","C:\residual-first-framework\scanner\piano\data\Violin\Violin.arco.ff.sulE.Bb6.stereo.aif"
"28713C62A462B9C49CEE4B12D9FDC84EB91336178FB1645B2BCB161709A33000","C:\residual-first-framework\scanner\piano\data\Violin\Violin.arco.ff.sulE.C6.stereo.aif"
"99AD9E4A1AABFE4BAEE03ADB8DDEFA84D4CEE781A2828267BC7CACDB5D483BDF","C:\residual-first-framework\scanner\piano\data\Violin\Violin.arco.ff.sulE.C7.stereo.aif"
"032015193CD5F33A1FA9919734A1870108C4BADF4FD39DBEBC95A5C526C2573E","C:\residual-first-framework\scanner\piano\data\Violin\Violin.arco.ff.sulE.D6.stereo.aif"
"6F704070809DB99AAC8D259D1C6251A02604E4D29BC8F6CFA8798D559ED051CE","C:\residual-first-framework\scanner\piano\data\Violin\Violin.arco.ff.sulE.D7.stereo.aif"
"E26A417ED8919119176EB4EC26B54B676C64C1A9F3E6F6903BAC93B522D678FF","C:\residual-first-framework\scanner\piano\data\Violin\Violin.arco.ff.sulE.Db6.stereo.aif"
"8093825E420C25438425F7DB49D97930445826951B09E7C6855761D381837DC9","C:\residual-first-framework\scanner\piano\data\Violin\Violin.arco.ff.sulE.Db7.stereo.aif"
"8AB79362114DCE87D756AEEE428FC46A8F2358B7CE27927420F601A2B9341456","C:\residual-first-framework\scanner\piano\data\Violin\Violin.arco.ff.sulE.E5.stereo.aif"
"CCAA015EE819974445E20A594E0EC0D2D0C7F7F99154AB2787722072D6A64C08","C:\residual-first-framework\scanner\piano\data\Violin\Violin.arco.ff.sulE.E6.stereo.aif"
"3C4F5A9050E223E0FA71876E4E1BB4CE64851A6558328C21D4A532F853B53225","C:\residual-first-framework\scanner\piano\data\Violin\Violin.arco.ff.sulE.E7.stereo.aif"
"2B0C61FC917ABB836A08500EF13D89C6FB02554C50CFAFD417F16CCCBBA707D6","C:\residual-first-framework\scanner\piano\data\Violin\Violin.arco.ff.sulE.Eb6.stereo.aif"
"A1C9EC92195714C0466E60109DFC7509C0F3073A0B817401C97342DA37BC46C4","C:\residual-first-framework\scanner\piano\data\Violin\Violin.arco.ff.sulE.Eb7.stereo.aif"
"1BA7025F51A4B5C2EB4D4906295D0252E749181AAC6F06051AED0F85CA7C5619","C:\residual-first-framework\scanner\piano\data\Violin\Violin.arco.ff.sulE.F5.stereo.aif"
"5A4BA851CEC2BA64CF69A778358A799BC0FDD58BB26A8484EA9A649A0B786DAF","C:\residual-first-framework\scanner\piano\data\Violin\Violin.arco.ff.sulE.F6.stereo.aif"
"3E5A4BAF1F14245919FD75E06C63AC61208491E3986A633123CC343A5AAE408C","C:\residual-first-framework\scanner\piano\data\Violin\Violin.arco.ff.sulE.G5.stereo.aif"
"0AB0B71362BD95B06EEB339C61AD8F7DCBD3ABCF0E0A2F923107DC6AE4F5AE8A","C:\residual-first-framework\scanner\piano\data\Violin\Violin.arco.ff.sulE.G6.stereo.aif"
"C0F707F4262F7F2E8BD13ADC0367C26D84E9C3300CFD94E7CF6E0E97A82C83C1","C:\residual-first-framework\scanner\piano\data\Violin\Violin.arco.ff.sulE.Gb5.stereo.aif"
"479E1F8E5406F6D8FEE4218F28AA8CEA2A301CEBCBAB66C55BBFA8C854AE2894","C:\residual-first-framework\scanner\piano\data\Violin\Violin.arco.ff.sulE.Gb6.stereo.aif"
"36048E5C6A957C2114C7CC1E5388BD82D6BFB26C93BB3C05026D9945044BC170","C:\residual-first-framework\scanner\piano\data\Violin\Violin.arco.ff.sulG.A3.stereo.aif"
"56FAD0A3C83469FE1FEA0AA20CC8774E46DB3D53C2DE7125EBC37B88657005D4","C:\residual-first-framework\scanner\piano\data\Violin\Violin.arco.ff.sulG.A4.stereo.aif"
"47E14E17A4E3944EED7D397AE49F90A94909A1CACBD3639B242FBA03BC7649B6","C:\residual-first-framework\scanner\piano\data\Violin\Violin.arco.ff.sulG.Ab3.stereo.aif"
"2CE1AF0E94BC96E7D319B5840AEFBBA5702ABE64C09D8B0EA6326E139182C013","C:\residual-first-framework\scanner\piano\data\Violin\Violin.arco.ff.sulG.Ab4.stereo.aif"
"BFF7E5363D9ACEB0A547AE23F5001342EDE9BEDAF64D7DCBDE7FDF153ED47C75","C:\residual-first-framework\scanner\piano\data\Violin\Violin.arco.ff.sulG.B3.stereo.aif"
"EBA2DDC8AC5A8CCF155CE918C950E3DC8240CB26B1090144D840BD639C585F13","C:\residual-first-framework\scanner\piano\data\Violin\Violin.arco.ff.sulG.B4.stereo.aif"
"4F22EBF570F0E90A10AB531615F5E85F651797F6A5EA37E3D8A3B917A7CADD02","C:\residual-first-framework\scanner\piano\data\Violin\Violin.arco.ff.sulG.Bb3.stereo.aif"
"AB0907393AF7EF1FCBCE04BBAEF2C50020BEA609218C75B136F6A21830566ECE","C:\residual-first-framework\scanner\piano\data\Violin\Violin.arco.ff.sulG.Bb4.stereo.aif"
"CA4984EFA442A7C82293DF46B444EF74DC5B0A94EDB68E489D72257D38689A43","C:\residual-first-framework\scanner\piano\data\Violin\Violin.arco.ff.sulG.C4.stereo.aif"
"39A924EEE42A4C81DA4A1F2379FAEE7E263430D741460C6169C7E30D947BF752","C:\residual-first-framework\scanner\piano\data\Violin\Violin.arco.ff.sulG.C5.stereo.aif"
"D919E830406387F90E45348590CA6A80F24DBF79DB59B4F2F4DB35BC926BFBB1","C:\residual-first-framework\scanner\piano\data\Violin\Violin.arco.ff.sulG.D4.stereo.aif"
"30F6FB3ABBD2082D84548900B34860F54604D0EC7882370A1919DB3E29381AB7","C:\residual-first-framework\scanner\piano\data\Violin\Violin.arco.ff.sulG.D5.stereo.aif"
"4F7403687C6567807E2DF2AB1147BC90A01147DF73F626207C3AE6C18B5216B6","C:\residual-first-framework\scanner\piano\data\Violin\Violin.arco.ff.sulG.Db4.stereo.aif"
"B30831ADE0056F995C6593B0BFF468202A0BF682CFF83CF76AD9859120962BE1","C:\residual-first-framework\scanner\piano\data\Violin\Violin.arco.ff.sulG.Db5.stereo.aif"
"4B56A423CC2962E78FC3274F37A4B8A8FE79635DF0B3595340F199E98AB22ECE","C:\residual-first-framework\scanner\piano\data\Violin\Violin.arco.ff.sulG.E4.stereo.aif"
"F22E20F8A50C5916FFC6496D51E54078BAF185F10F98CD8BAC6433D57609D825","C:\residual-first-framework\scanner\piano\data\Violin\Violin.arco.ff.sulG.Eb4.stereo.aif"
"9DF16436620ADB22217D3FC452174B0E1521CEEB0CC172B342512D0FF014A4DE","C:\residual-first-framework\scanner\piano\data\Violin\Violin.arco.ff.sulG.F4.stereo.aif"
"57E40D4B85E9D9B57956A991E8A99EB769A6A1BBF160780819464E30E044186F","C:\residual-first-framework\scanner\piano\data\Violin\Violin.arco.ff.sulG.G3.stereo.aif"
"7FB8E5108F6000BF7A922832553E7B81DC3F0CAA0B5C255300735A52C336E84A","C:\residual-first-framework\scanner\piano\data\Violin\Violin.arco.ff.sulG.G4.stereo.aif"
"4F163097051CC177E67DF67C726EBE5F27FFF4ED2AA0D1F41C85E86190103AA4","C:\residual-first-framework\scanner\piano\data\Violin\Violin.arco.ff.sulG.Gb4.stereo.aif"
