event,label,basis,multiplier,survival,stability,ok,cross_difference
GW150914,C01:IMRPhenomXPHM,own,0.25,0.15168800234173183,0.02482078866328471,True,
GW150914,C01:IMRPhenomXPHM,own,1.0,0.1526393343862161,0.08096226944519572,False,
GW150914,C01:IMRPhenomXPHM,own,4.0,0.152628430854465,0.3271747210452296,False,
GW150914,C01:SEOBNRv4PHM,own,10.0,0.19790453590729373,0.5068303137328345,False,
GW150914,C01:SEOBNRv4PHM,own,30.0,0.2680545522921734,0.6219691586324345,False,
GW150914,C01:SEOBNRv4PHM,own,100.0,0.23736526265608482,0.6140504268394078,False,
GW150914,C01:SEOBNRv4PHM,XPHM,1.0,0.19461594525457335,0.1221235632907253,False,0.9940288697673063
GW190412,C01:IMRPhenomXPHM,own,0.25,0.3714282174711245,0.17009179860054993,False,
GW190412,C01:IMRPhenomXPHM,own,1.0,0.33204761918793946,0.41011002034228194,False,
GW190412,C01:IMRPhenomXPHM,own,4.0,0.3277154029936799,0.47903679334005217,False,
GW190412,C01:SEOBNRv4PHM,own,10.0,0.4271509840124793,0.5135532959413672,False,
GW190412,C01:SEOBNRv4PHM,own,30.0,0.5062319537923805,0.6053368505730916,False,
GW190412,C01:SEOBNRv4PHM,XPHM,1.0,0.6078273449395186,0.13612987142787691,False,1.1224806390941413
GW230814_230901,C00:IMRPhenomXPHM-SpinTaylor,own,0.25,0.2571035595325815,0.20665160317857179,False,
GW230814_230901,C00:IMRPhenomXPHM-SpinTaylor,own,1.0,0.25548784770928823,0.7088302217939821,False,
GW230814_230901,C00:IMRPhenomXPHM-SpinTaylor,own,4.0,0.2801607218813999,0.5090418809339292,False,
GW230814_230901,C00:SEOBNRv5PHM,own,10.0,0.36289447720254103,0.4780944640563602,False,
GW230814_230901,C00:SEOBNRv5PHM,own,30.0,0.3708627963225085,0.6610154353633105,False,
GW230814_230901,C00:SEOBNRv5PHM,own,100.0,0.30532557452851383,0.5755617703504377,False,
GW230814_230901,C00:SEOBNRv5PHM,XPHM,1.0,0.5466252909317308,0.3073456009846072,False,1.2866048402296248
GW231123_135430,C00:IMRPhenomXPHM-SpinTaylor,own,0.25,0.2722533447087051,0.6764287189876382,False,
GW231123_135430,C00:IMRPhenomXPHM-SpinTaylor,own,1.0,0.3465818510244562,0.5583123874715186,False,
GW231123_135430,C00:IMRPhenomXPHM-SpinTaylor,own,4.0,0.295809408659864,0.7766649573417607,False,
GW231123_135430,C00:SEOBNRv5PHM,own,10.0,0.5708537079646732,0.6767483996661333,False,
GW231123_135430,C00:SEOBNRv5PHM,own,30.0,0.5106486571275548,0.7911924629339201,False,
GW231123_135430,C00:SEOBNRv5PHM,own,100.0,0.6040688607269973,0.3706642584125389,False,
GW231123_135430,C00:SEOBNRv5PHM,XPHM,1.0,0.9970587153393271,0.019426915474622487,True,1.295078346122279
