event,label,rule,k_A,k_B,survival_f3,survival_f2,survival_f4,stability,cos,dsurv,ok,snr_ref,fails
GW150914,C01:IMRPhenomXPHM,frac>=0.99,4,4,0.27277033858843647,0.12816039572122656,0.42966164026768094,0.16426443048883987,0.9885419834484039,0.0762504247791619,False,24.229554380112603,0
GW150914,C01:IMRPhenomXPHM,frac>=0.999,12,11,0.14588344511331505,0.05474410854798342,0.29319434842170616,0.36141509429204915,0.9324373308963315,0.05980081164514316,False,24.229554380112603,0
GW150914,C01:IMRPhenomXPHM,frac>=0.9999,22,22,0.07753287161755379,0.026352779450700158,0.18271680896451564,0.5752570693284967,0.8403068774401465,0.032755166821009304,False,24.229554380112603,0
GW150914,C01:IMRPhenomXPHM,rms>=0.1,25,24,0.07626809252321425,0.024192564387054947,0.1826022625997807,0.5492832565728671,0.8565286305448199,0.0445536046686801,False,24.229554380112603,0
GW150914,C01:SEOBNRv4PHM,frac>=0.99,3,3,0.3230166437023772,0.1532798731021114,0.5981746711536324,0.11107605435242025,0.9949080048523822,0.04159663269524169,False,33.72984661266374,0
GW150914,C01:SEOBNRv4PHM,frac>=0.999,14,14,0.1692224213395229,0.05174788092070924,0.47141191840699836,0.3679344340947691,0.9339430037383268,0.021265864573310134,False,33.72984661266374,0
GW150914,C01:SEOBNRv4PHM,frac>=0.9999,121,126,0.1257109599247075,0.028023967621922784,0.4057962791772129,0.6588067948303764,0.7805421242246968,0.011437682996151452,False,33.72984661266374,0
GW150914,C01:SEOBNRv4PHM,rms>=0.1,73,69,0.13984424630784006,0.033887600698009356,0.435172777704474,0.5763311440270762,0.8349597505792606,0.006177076405065088,False,33.72984661266374,0
GW190412,C01:IMRPhenomXPHM,frac>=0.99,9,9,0.3668361792780727,0.1546155720719879,0.5925150082181033,0.39711228439504676,0.9205329540385266,0.008199340173027895,False,12.461780913571042,0
GW190412,C01:IMRPhenomXPHM,frac>=0.999,22,22,0.217191576647236,0.07554786129327155,0.40197278072642784,0.8417212051023799,0.6617496981205981,0.044381701593524295,False,12.461780913571042,0
GW190412,C01:IMRPhenomXPHM,frac>=0.9999,44,44,0.12597215943413012,0.03863811166497522,0.2579991603593714,0.7525545308972342,0.6599088652582124,0.2974527433516603,False,12.461780913571042,0
GW190412,C01:IMRPhenomXPHM,rms>=0.1,23,24,0.19515387600828005,0.06969078435529505,0.362791121905604,0.7579527455015398,0.7427825943218449,0.09805480944823518,False,12.461780913571042,0
GW190412,C01:SEOBNRv4PHM,frac>=0.99,7,8,0.5298534543684438,0.24807348526384332,0.7661516153686015,0.7395433918321315,0.7972299840550726,0.22443026013062098,False,13.93638399117461,0
GW190412,C01:SEOBNRv4PHM,frac>=0.999,23,24,0.3280237602534719,0.1258932849983539,0.5953275876610593,0.4389600077194741,0.9161613186618881,0.095151402715086,False,13.93638399117461,0
GW190412,C01:SEOBNRv4PHM,frac>=0.9999,105,109,0.21807886211202407,0.06724845729206974,0.4838546534237619,0.5893244576952814,0.8291680623657668,0.015777258509037235,False,13.93638399117461,0
GW190412,C01:SEOBNRv4PHM,rms>=0.1,32,32,0.29592719954960545,0.10929540016784098,0.5608857338896336,0.4076213788194765,0.9256779530749785,0.07745035267310454,False,13.93638399117461,0
GW230814_230901,C00:IMRPhenomXPHM-SpinTaylor,frac>=0.99,5,5,0.35825075655516203,0.15100614307628968,0.5669374948378307,0.246179708501625,0.9699449423730927,0.06744008287883303,False,54.91405868167245,0
GW230814_230901,C00:IMRPhenomXPHM-SpinTaylor,frac>=0.999,13,13,0.2445056774640132,0.09697470003670791,0.4054952843106086,0.2946618681611246,0.95941401118164,0.04485908944743371,False,54.91405868167245,0
GW230814_230901,C00:IMRPhenomXPHM-SpinTaylor,frac>=0.9999,23,22,0.12797695164526704,0.042362362933763865,0.24089314114998192,0.7334465176538277,0.7925699765490982,0.2001371022910594,False,54.91405868167245,0
GW230814_230901,C00:IMRPhenomXPHM-SpinTaylor,rms>=0.1,26,24,0.12717592579263529,0.042359855623205225,0.23707093556655653,0.5842294786010783,0.8591938165767772,0.14121881211840734,False,54.91405868167245,0
GW230814_230901,C00:SEOBNRv5PHM,frac>=0.99,9,12,0.2764810782158431,0.11257517860759583,0.4400923751278562,0.5427176504398812,0.8701445289116215,0.09750756305264782,False,43.68553919851254,0
GW230814_230901,C00:SEOBNRv5PHM,frac>=0.999,69,82,0.17181266315792548,0.06660372927138974,0.2774087465943936,0.796776227618429,0.6919521234878269,0.029072425601431334,False,43.68553919851254,0
GW230814_230901,C00:SEOBNRv5PHM,frac>=0.9999,125,136,0.11837434889771555,0.04456267668717767,0.19267399744816197,0.7852032139263222,0.7086013381176907,0.05307186449463338,False,43.68553919851254,0
GW230814_230901,C00:SEOBNRv5PHM,rms>=0.1,111,117,0.14034506186235182,0.05331330373150656,0.22753649223808295,0.8244725176413125,0.639531969804233,0.06254845590181982,False,43.68553919851254,0
GW231123_135430,C00:IMRPhenomXPHM-SpinTaylor,frac>=0.99,5,5,0.37681407014466795,0.17475459589368794,0.5236858743908372,0.12067555743752718,0.9927104217607637,0.013337026898927328,False,21.682898439161125,0
GW231123_135430,C00:IMRPhenomXPHM-SpinTaylor,frac>=0.999,12,12,0.3030293922070054,0.12738987366360144,0.44246932998587807,0.49476029297193985,0.8822270492953227,0.034254395552537176,False,21.682898439161125,0
GW231123_135430,C00:IMRPhenomXPHM-SpinTaylor,frac>=0.9999,18,19,0.10480742015780786,0.045073017786321494,0.1568557256226635,0.8172380175351951,0.7613020343647074,0.2587543082892494,False,21.682898439161125,0
GW231123_135430,C00:IMRPhenomXPHM-SpinTaylor,rms>=0.1,22,24,0.09835804449473208,0.04233553759031827,0.1437497553476821,0.590410082822317,0.8443258453443194,0.0922576888309022,False,21.682898439161125,0
GW231123_135430,C00:SEOBNRv5PHM,frac>=0.99,31,35,0.42649621262371396,0.2504836905404194,0.5303648260597202,0.7157136681379311,0.8028748734682787,0.19892299832958443,False,19.639544072676255,0
GW231123_135430,C00:SEOBNRv5PHM,frac>=0.999,181,181,0.3345500872234053,0.1822228239726136,0.4358886723170603,0.9457596048156928,0.6771196711028266,0.2712175410666361,False,19.639544072676255,0
GW231123_135430,C00:SEOBNRv5PHM,frac>=0.9999,270,267,0.1854619023799948,0.08325505371057881,0.271956688049805,1.4260755970916748,0.275925172962586,0.32940811525202357,False,19.639544072676255,0
GW231123_135430,C00:SEOBNRv5PHM,rms>=0.1,209,215,0.21847980327741404,0.10773837672535545,0.30873132996106933,1.5371800158375593,0.5088873811044389,0.7824213491389359,False,19.639544072676255,0
